// Generated by tools/gentext.py from the Unicode Character Database 18.0.0: do not edit.
#include "solar/text/Unicode.h"

namespace solar::text {

namespace {
// Line_Break: 0 XX, 1 AI, 2 AL, 3 B2, 4 BA, 5 BB, 6 BK, 7 CB, 8 CJ, 9 CL, 10 CM, 11 CP, 12 CR, 13 EB, 14 EM, 15 EX, 16 GL, 17 H2, 18 H3, 19 HL, 20 HY, 21 ID, 22 IN, 23 IS, 24 JL, 25 JT, 26 JV, 27 LF, 28 NL, 29 NS, 30 NU, 31 OP, 32 PO, 33 PR, 34 QU, 35 RI, 36 SA, 37 SG, 38 SP, 39 SY, 40 WJ, 41 ZW, 42 ZWJ, 43 AK, 44 AP, 45 AS, 46 VF, 47 VI, 48 HH
const Range kLineBreak[] = {
  {0x0,0x8,10},{0x9,0x9,4},{0xA,0xA,27},{0xB,0xC,6},{0xD,0xD,12},{0xE,0x1F,10},{0x20,0x20,38},{0x21,0x21,15},{0x22,0x22,34},{0x23,0x23,2},
  {0x24,0x24,33},{0x25,0x25,32},{0x26,0x26,2},{0x27,0x27,34},{0x28,0x28,31},{0x29,0x29,11},{0x2A,0x2A,2},{0x2B,0x2B,33},{0x2C,0x2C,23},
  {0x2D,0x2D,20},{0x2E,0x2E,23},{0x2F,0x2F,39},{0x30,0x39,30},{0x3A,0x3B,23},{0x3C,0x3E,2},{0x3F,0x3F,15},{0x40,0x5A,2},{0x5B,0x5B,31},
  {0x5C,0x5C,33},{0x5D,0x5D,11},{0x5E,0x7A,2},{0x7B,0x7B,31},{0x7C,0x7C,4},{0x7D,0x7D,9},{0x7E,0x7E,2},{0x7F,0x84,10},{0x85,0x85,28},
  {0x86,0x9F,10},{0xA0,0xA0,16},{0xA1,0xA1,31},{0xA2,0xA2,32},{0xA3,0xA5,33},{0xA6,0xA6,2},{0xA7,0xA8,1},{0xA9,0xA9,2},{0xAA,0xAA,1},
  {0xAB,0xAB,34},{0xAC,0xAC,2},{0xAD,0xAD,48},{0xAE,0xAF,2},{0xB0,0xB0,32},{0xB1,0xB1,33},{0xB2,0xB3,1},{0xB4,0xB4,5},{0xB5,0xB5,2},
  {0xB6,0xB6,1},{0xB7,0xB7,23},{0xB8,0xBA,1},{0xBB,0xBB,34},{0xBC,0xBE,1},{0xBF,0xBF,31},{0xC0,0xD6,2},{0xD7,0xD7,1},{0xD8,0xF6,2},
  {0xF7,0xF7,1},{0xF8,0x2C6,2},{0x2C7,0x2C7,1},{0x2C8,0x2C8,5},{0x2C9,0x2CB,1},{0x2CC,0x2CC,5},{0x2CD,0x2CD,1},{0x2CE,0x2CF,2},
  {0x2D0,0x2D0,1},{0x2D1,0x2D7,2},{0x2D8,0x2DB,1},{0x2DC,0x2DC,2},{0x2DD,0x2DD,1},{0x2DE,0x2DE,2},{0x2DF,0x2DF,5},{0x2E0,0x2FF,2},
  {0x300,0x35B,10},{0x35C,0x362,16},{0x363,0x36F,10},{0x370,0x377,2},{0x37A,0x37D,2},{0x37E,0x37E,23},{0x37F,0x37F,2},{0x384,0x386,2},
  {0x387,0x387,23},{0x388,0x38A,2},{0x38C,0x38C,2},{0x38E,0x3A1,2},{0x3A3,0x482,2},{0x483,0x489,10},{0x48A,0x52F,2},{0x531,0x556,2},
  {0x558,0x588,2},{0x589,0x589,23},{0x58A,0x58A,48},{0x58B,0x58E,2},{0x58F,0x58F,33},{0x591,0x5BD,10},{0x5BE,0x5BE,48},{0x5BF,0x5BF,10},
  {0x5C0,0x5C0,2},{0x5C1,0x5C2,10},{0x5C3,0x5C3,2},{0x5C4,0x5C5,10},{0x5C6,0x5C6,15},{0x5C7,0x5C9,10},{0x5D0,0x5EA,19},{0x5EF,0x5F2,19},
  {0x5F3,0x5F4,2},{0x600,0x605,30},{0x606,0x608,2},{0x609,0x60B,32},{0x60C,0x60D,23},{0x60E,0x60F,2},{0x610,0x61A,10},{0x61B,0x61B,15},
  {0x61C,0x61C,10},{0x61D,0x61F,15},{0x620,0x64A,2},{0x64B,0x65F,10},{0x660,0x669,30},{0x66A,0x66A,32},{0x66B,0x66C,30},{0x66D,0x66F,2},
  {0x670,0x670,10},{0x671,0x6D3,2},{0x6D4,0x6D4,15},{0x6D5,0x6D5,2},{0x6D6,0x6DC,10},{0x6DD,0x6DD,30},{0x6DE,0x6DE,2},{0x6DF,0x6E4,10},
  {0x6E5,0x6E6,2},{0x6E7,0x6E8,10},{0x6E9,0x6E9,2},{0x6EA,0x6ED,10},{0x6EE,0x6EF,2},{0x6F0,0x6F9,30},{0x6FA,0x70D,2},{0x70F,0x710,2},
  {0x711,0x711,10},{0x712,0x72F,2},{0x730,0x74A,10},{0x74D,0x7A5,2},{0x7A6,0x7B0,10},{0x7B1,0x7B1,2},{0x7C0,0x7C9,30},{0x7CA,0x7EA,2},
  {0x7EB,0x7F3,10},{0x7F4,0x7F7,2},{0x7F8,0x7F8,23},{0x7F9,0x7F9,15},{0x7FA,0x7FA,2},{0x7FD,0x7FD,10},{0x7FE,0x7FF,33},{0x800,0x815,2},
  {0x816,0x819,10},{0x81A,0x81A,2},{0x81B,0x823,10},{0x824,0x824,2},{0x825,0x827,10},{0x828,0x828,2},{0x829,0x82D,10},{0x830,0x83E,2},
  {0x840,0x858,2},{0x859,0x85B,10},{0x85E,0x85E,2},{0x860,0x86A,2},{0x870,0x88F,2},{0x890,0x891,30},{0x897,0x89F,10},{0x8A0,0x8C9,2},
  {0x8CA,0x8E1,10},{0x8E2,0x8E2,30},{0x8E3,0x903,10},{0x904,0x939,2},{0x93A,0x93C,10},{0x93D,0x93D,2},{0x93E,0x94F,10},{0x950,0x950,2},
  {0x951,0x957,10},{0x958,0x961,2},{0x962,0x963,10},{0x964,0x965,4},{0x966,0x96F,30},{0x970,0x980,2},{0x981,0x983,10},{0x985,0x98C,2},
  {0x98F,0x990,2},{0x993,0x9A8,2},{0x9AA,0x9B0,2},{0x9B2,0x9B2,2},{0x9B6,0x9B9,2},{0x9BC,0x9BC,10},{0x9BD,0x9BD,2},{0x9BE,0x9C4,10},
  {0x9C7,0x9C8,10},{0x9CB,0x9CD,10},{0x9CE,0x9CE,2},{0x9D7,0x9D7,10},{0x9DC,0x9DD,2},{0x9DF,0x9E1,2},{0x9E2,0x9E3,10},{0x9E6,0x9EF,30},
  {0x9F0,0x9F1,2},{0x9F2,0x9F3,32},{0x9F4,0x9F8,2},{0x9F9,0x9F9,32},{0x9FA,0x9FA,2},{0x9FB,0x9FB,33},{0x9FC,0x9FD,2},{0x9FE,0x9FE,10},
  {0xA01,0xA03,10},{0xA05,0xA0A,2},{0xA0F,0xA10,2},{0xA13,0xA28,2},{0xA2A,0xA30,2},{0xA32,0xA33,2},{0xA35,0xA36,2},{0xA38,0xA39,2},
  {0xA3C,0xA3C,10},{0xA3E,0xA42,10},{0xA47,0xA48,10},{0xA4B,0xA4D,10},{0xA51,0xA51,10},{0xA59,0xA5C,2},{0xA5E,0xA5E,2},{0xA66,0xA6F,30},
  {0xA70,0xA71,10},{0xA72,0xA74,2},{0xA75,0xA75,10},{0xA76,0xA76,2},{0xA81,0xA83,10},{0xA85,0xA8D,2},{0xA8F,0xA91,2},{0xA93,0xAA8,2},
  {0xAAA,0xAB0,2},{0xAB2,0xAB3,2},{0xAB5,0xAB9,2},{0xABC,0xABC,10},{0xABD,0xABD,2},{0xABE,0xAC5,10},{0xAC7,0xAC9,10},{0xACB,0xACD,10},
  {0xAD0,0xAD0,2},{0xAE0,0xAE1,2},{0xAE2,0xAE3,10},{0xAE6,0xAEF,30},{0xAF0,0xAF0,2},{0xAF1,0xAF1,33},{0xAF9,0xAF9,2},{0xAFA,0xAFF,10},
  {0xB01,0xB03,10},{0xB05,0xB0C,2},{0xB0F,0xB10,2},{0xB13,0xB28,2},{0xB2A,0xB30,2},{0xB32,0xB33,2},{0xB35,0xB39,2},{0xB3C,0xB3C,10},
  {0xB3D,0xB3D,2},{0xB3E,0xB44,10},{0xB47,0xB48,10},{0xB4B,0xB4D,10},{0xB53,0xB57,10},{0xB5C,0xB5D,2},{0xB5F,0xB61,2},{0xB62,0xB63,10},
  {0xB66,0xB6F,30},{0xB70,0xB77,2},{0xB82,0xB82,10},{0xB83,0xB83,2},{0xB85,0xB8A,2},{0xB8E,0xB90,2},{0xB92,0xB95,2},{0xB99,0xB9A,2},
  {0xB9C,0xB9C,2},{0xB9E,0xB9F,2},{0xBA3,0xBA4,2},{0xBA8,0xBAA,2},{0xBAE,0xBB9,2},{0xBBE,0xBC2,10},{0xBC6,0xBC8,10},{0xBCA,0xBCD,10},
  {0xBD0,0xBD0,2},{0xBD7,0xBD7,10},{0xBE6,0xBEF,30},{0xBF0,0xBF8,2},{0xBF9,0xBF9,33},{0xBFA,0xBFA,2},{0xC00,0xC04,10},{0xC05,0xC0C,2},
  {0xC0E,0xC10,2},{0xC12,0xC28,2},{0xC2A,0xC39,2},{0xC3C,0xC3C,10},{0xC3D,0xC3D,2},{0xC3E,0xC44,10},{0xC46,0xC48,10},{0xC4A,0xC4D,10},
  {0xC55,0xC56,10},{0xC58,0xC5A,2},{0xC5C,0xC5D,2},{0xC60,0xC61,2},{0xC62,0xC63,10},{0xC66,0xC6F,30},{0xC77,0xC77,5},{0xC78,0xC80,2},
  {0xC81,0xC83,10},{0xC84,0xC84,5},{0xC85,0xC8C,2},{0xC8E,0xC90,2},{0xC92,0xCA8,2},{0xCAA,0xCB3,2},{0xCB5,0xCB9,2},{0xCBC,0xCBC,10},
  {0xCBD,0xCBD,2},{0xCBE,0xCC4,10},{0xCC6,0xCC8,10},{0xCCA,0xCCD,10},{0xCD5,0xCD6,10},{0xCDC,0xCDE,2},{0xCE0,0xCE1,2},{0xCE2,0xCE3,10},
  {0xCE6,0xCEF,30},{0xCF1,0xCF2,2},{0xCF3,0xCF3,10},{0xD00,0xD03,10},{0xD04,0xD0C,2},{0xD0E,0xD10,2},{0xD12,0xD3A,2},{0xD3B,0xD3C,10},
  {0xD3D,0xD3D,2},{0xD3E,0xD44,10},{0xD46,0xD48,10},{0xD4A,0xD4D,10},{0xD4E,0xD4F,2},{0xD54,0xD56,2},{0xD57,0xD57,10},{0xD58,0xD61,2},
  {0xD62,0xD63,10},{0xD66,0xD6F,30},{0xD70,0xD78,2},{0xD79,0xD79,32},{0xD7A,0xD7F,2},{0xD81,0xD83,10},{0xD85,0xD96,2},{0xD9A,0xDB1,2},
  {0xDB3,0xDBB,2},{0xDBD,0xDBD,2},{0xDC0,0xDC6,2},{0xDCA,0xDCA,10},{0xDCF,0xDD4,10},{0xDD6,0xDD6,10},{0xDD8,0xDDF,10},{0xDE6,0xDEF,30},
  {0xDF2,0xDF3,10},{0xDF4,0xDF4,2},{0xE01,0xE3A,36},{0xE3F,0xE3F,33},{0xE40,0xE4E,36},{0xE4F,0xE4F,2},{0xE50,0xE59,30},{0xE5A,0xE5B,4},
  {0xE81,0xE82,36},{0xE84,0xE84,36},{0xE86,0xE8A,36},{0xE8C,0xEA3,36},{0xEA5,0xEA5,36},{0xEA7,0xEBD,36},{0xEC0,0xEC4,36},{0xEC6,0xEC6,36},
  {0xEC8,0xECE,36},{0xED0,0xED9,30},{0xEDC,0xEDF,36},{0xF00,0xF00,2},{0xF01,0xF04,5},{0xF05,0xF05,2},{0xF06,0xF07,5},{0xF08,0xF08,16},
  {0xF09,0xF0A,5},{0xF0B,0xF0B,4},{0xF0C,0xF0C,16},{0xF0D,0xF11,15},{0xF12,0xF12,16},{0xF13,0xF13,2},{0xF14,0xF14,15},{0xF15,0xF17,2},
  {0xF18,0xF19,10},{0xF1A,0xF1F,2},{0xF20,0xF29,30},{0xF2A,0xF33,2},{0xF34,0xF34,4},{0xF35,0xF35,10},{0xF36,0xF36,2},{0xF37,0xF37,10},
  {0xF38,0xF38,2},{0xF39,0xF39,10},{0xF3A,0xF3A,31},{0xF3B,0xF3B,9},{0xF3C,0xF3C,31},{0xF3D,0xF3D,9},{0xF3E,0xF3F,10},{0xF40,0xF47,2},
  {0xF49,0xF6C,2},{0xF71,0xF7E,10},{0xF7F,0xF7F,4},{0xF80,0xF84,10},{0xF85,0xF85,4},{0xF86,0xF87,10},{0xF88,0xF8C,2},{0xF8D,0xF97,10},
  {0xF99,0xFBC,10},{0xFBE,0xFBF,4},{0xFC0,0xFC5,2},{0xFC6,0xFC6,10},{0xFC7,0xFCC,2},{0xFCE,0xFCF,2},{0xFD0,0xFD1,5},{0xFD2,0xFD2,4},
  {0xFD3,0xFD3,5},{0xFD4,0xFD8,2},{0xFD9,0xFDA,16},{0x1000,0x103F,36},{0x1040,0x1049,30},{0x104A,0x104B,4},{0x104C,0x104F,2},
  {0x1050,0x108F,36},{0x1090,0x1099,30},{0x109A,0x109F,36},{0x10A0,0x10C5,2},{0x10C7,0x10C7,2},{0x10CD,0x10CD,2},{0x10D0,0x10FF,2},
  {0x1100,0x115F,24},{0x1160,0x11A7,26},{0x11A8,0x11FF,25},{0x1200,0x1248,2},{0x124A,0x124D,2},{0x1250,0x1256,2},{0x1258,0x1258,2},
  {0x125A,0x125D,2},{0x1260,0x1288,2},{0x128A,0x128D,2},{0x1290,0x12B0,2},{0x12B2,0x12B5,2},{0x12B8,0x12BE,2},{0x12C0,0x12C0,2},
  {0x12C2,0x12C5,2},{0x12C8,0x12D6,2},{0x12D8,0x1310,2},{0x1312,0x1315,2},{0x1318,0x135A,2},{0x135D,0x135F,10},{0x1360,0x1360,2},
  {0x1361,0x1361,4},{0x1362,0x137C,2},{0x1380,0x1399,2},{0x13A0,0x13F5,2},{0x13F8,0x13FD,2},{0x1400,0x1400,48},{0x1401,0x167F,2},
  {0x1680,0x1680,4},{0x1681,0x169A,2},{0x169B,0x169B,31},{0x169C,0x169C,9},{0x16A0,0x16EA,2},{0x16EB,0x16ED,4},{0x16EE,0x16F8,2},
  {0x1700,0x1711,2},{0x1712,0x1715,10},{0x171F,0x1731,2},{0x1732,0x1734,10},{0x1735,0x1736,4},{0x1740,0x1751,2},{0x1752,0x1753,10},
  {0x1760,0x176C,2},{0x176E,0x1770,2},{0x1772,0x1773,10},{0x1780,0x17D3,36},{0x17D4,0x17D5,4},{0x17D6,0x17D6,29},{0x17D7,0x17D7,36},
  {0x17D8,0x17D8,4},{0x17D9,0x17D9,2},{0x17DA,0x17DA,4},{0x17DB,0x17DB,33},{0x17DC,0x17DD,36},{0x17E0,0x17E9,30},{0x17F0,0x17F9,2},
  {0x1800,0x1801,2},{0x1802,0x1803,15},{0x1804,0x1805,4},{0x1806,0x1806,5},{0x1807,0x1807,2},{0x1808,0x1809,15},{0x180A,0x180A,2},
  {0x180B,0x180D,10},{0x180E,0x180E,16},{0x180F,0x180F,10},{0x1810,0x1819,30},{0x1820,0x1878,2},{0x1880,0x1884,2},{0x1885,0x1886,10},
  {0x1887,0x18A8,2},{0x18A9,0x18A9,10},{0x18AA,0x18AA,2},{0x18B0,0x18F5,2},{0x1900,0x191E,2},{0x1920,0x192B,10},{0x1930,0x193B,10},
  {0x1940,0x1940,2},{0x1944,0x1945,15},{0x1946,0x194F,30},{0x1950,0x196D,36},{0x1970,0x1974,36},{0x1980,0x19AB,36},{0x19B0,0x19C9,36},
  {0x19D0,0x19DA,30},{0x19DE,0x19DF,36},{0x19E0,0x1A16,2},{0x1A17,0x1A1B,10},{0x1A1E,0x1A1F,2},{0x1A20,0x1A5E,36},{0x1A60,0x1A7C,36},
  {0x1A7F,0x1A7F,10},{0x1A80,0x1A89,30},{0x1A90,0x1A99,30},{0x1AA0,0x1AAD,36},{0x1AB0,0x1AEA,10},{0x1AEB,0x1AEB,16},{0x1AEC,0x1AF0,10},
  {0x1B00,0x1B04,10},{0x1B05,0x1B33,43},{0x1B34,0x1B43,10},{0x1B44,0x1B44,47},{0x1B45,0x1B4C,43},{0x1B4E,0x1B4F,4},{0x1B50,0x1B59,45},
  {0x1B5A,0x1B5B,4},{0x1B5C,0x1B5C,21},{0x1B5D,0x1B60,4},{0x1B61,0x1B6A,21},{0x1B6B,0x1B73,10},{0x1B74,0x1B7C,21},{0x1B7D,0x1B7F,4},
  {0x1B80,0x1B82,10},{0x1B83,0x1BA0,2},{0x1BA1,0x1BAD,10},{0x1BAE,0x1BAF,2},{0x1BB0,0x1BB9,30},{0x1BBA,0x1BBF,2},{0x1BC0,0x1BE5,45},
  {0x1BE6,0x1BF1,10},{0x1BF2,0x1BF3,46},{0x1BFC,0x1C23,2},{0x1C24,0x1C37,10},{0x1C3B,0x1C3F,4},{0x1C40,0x1C49,30},{0x1C4D,0x1C4F,2},
  {0x1C50,0x1C59,30},{0x1C5A,0x1C7D,2},{0x1C7E,0x1C7F,4},{0x1C80,0x1C8A,2},{0x1C90,0x1CBA,2},{0x1CBD,0x1CC7,2},{0x1CD0,0x1CD2,10},
  {0x1CD3,0x1CD3,2},{0x1CD4,0x1CE8,10},{0x1CE9,0x1CEC,2},{0x1CED,0x1CED,10},{0x1CEE,0x1CF3,2},{0x1CF4,0x1CF4,10},{0x1CF5,0x1CF6,2},
  {0x1CF7,0x1CF9,10},{0x1CFA,0x1CFA,2},{0x1D00,0x1DBF,2},{0x1DC0,0x1DCC,10},{0x1DCD,0x1DCD,16},{0x1DCE,0x1DFB,10},{0x1DFC,0x1DFC,16},
  {0x1DFD,0x1DFF,10},{0x1E00,0x1F15,2},{0x1F18,0x1F1D,2},{0x1F20,0x1F45,2},{0x1F48,0x1F4D,2},{0x1F50,0x1F57,2},{0x1F59,0x1F59,2},
  {0x1F5B,0x1F5B,2},{0x1F5D,0x1F5D,2},{0x1F5F,0x1F7D,2},{0x1F80,0x1FB4,2},{0x1FB6,0x1FC4,2},{0x1FC6,0x1FD3,2},{0x1FD6,0x1FDB,2},
  {0x1FDD,0x1FEF,2},{0x1FF2,0x1FF4,2},{0x1FF6,0x1FFC,2},{0x1FFD,0x1FFD,5},{0x1FFE,0x1FFE,2},{0x2000,0x2006,4},{0x2007,0x2007,16},
  {0x2008,0x200A,4},{0x200B,0x200B,41},{0x200C,0x200C,10},{0x200D,0x200D,42},{0x200E,0x200F,10},{0x2010,0x2010,48},{0x2011,0x2011,16},
  {0x2012,0x2013,4},{0x2014,0x2014,3},{0x2015,0x2016,1},{0x2017,0x2017,2},{0x2018,0x2019,34},{0x201A,0x201A,31},{0x201B,0x201D,34},
  {0x201E,0x201E,31},{0x201F,0x201F,34},{0x2020,0x2021,1},{0x2022,0x2023,2},{0x2024,0x2026,22},{0x2027,0x2027,4},{0x2028,0x2029,6},
  {0x202A,0x202E,10},{0x202F,0x202F,16},{0x2030,0x2037,32},{0x2038,0x2038,2},{0x2039,0x203A,34},{0x203B,0x203B,1},{0x203C,0x203D,29},
  {0x203E,0x2043,2},{0x2044,0x2044,23},{0x2045,0x2045,31},{0x2046,0x2046,9},{0x2047,0x2049,29},{0x204A,0x2055,2},{0x2056,0x2056,4},
  {0x2057,0x2057,32},{0x2058,0x205B,4},{0x205C,0x205C,2},{0x205D,0x205F,4},{0x2060,0x2060,40},{0x2061,0x2064,2},{0x2066,0x206F,10},
  {0x2070,0x2071,2},{0x2074,0x2074,1},{0x2075,0x207C,2},{0x207D,0x207D,31},{0x207E,0x207E,9},{0x207F,0x207F,1},{0x2080,0x2080,2},
  {0x2081,0x2084,1},{0x2085,0x208C,2},{0x208D,0x208D,31},{0x208E,0x208E,9},{0x208F,0x208F,5},{0x2090,0x209F,2},{0x20A0,0x20A6,33},
  {0x20A7,0x20A7,32},{0x20A8,0x20B5,33},{0x20B6,0x20B6,32},{0x20B7,0x20BA,33},{0x20BB,0x20BB,32},{0x20BC,0x20BD,33},{0x20BE,0x20BE,32},
  {0x20BF,0x20BF,33},{0x20C0,0x20C0,32},{0x20C1,0x20CF,33},{0x20D0,0x20F0,10},{0x2100,0x2102,2},{0x2103,0x2103,32},{0x2104,0x2104,2},
  {0x2105,0x2105,1},{0x2106,0x2108,2},{0x2109,0x2109,32},{0x210A,0x2112,2},{0x2113,0x2113,1},{0x2114,0x2115,2},{0x2116,0x2116,33},
  {0x2117,0x2120,2},{0x2121,0x2122,1},{0x2123,0x212A,2},{0x212B,0x212B,1},{0x212C,0x214F,2},{0x2150,0x215E,1},{0x215F,0x215F,2},
  {0x2160,0x216B,1},{0x216C,0x216F,2},{0x2170,0x2179,1},{0x217A,0x2188,2},{0x2189,0x2189,1},{0x218A,0x218B,2},{0x2190,0x2199,1},
  {0x219A,0x21D1,2},{0x21D2,0x21D2,1},{0x21D3,0x21D3,2},{0x21D4,0x21D4,1},{0x21D5,0x21FF,2},{0x2200,0x2200,1},{0x2201,0x2201,2},
  {0x2202,0x2203,1},{0x2204,0x2206,2},{0x2207,0x2208,1},{0x2209,0x220A,2},{0x220B,0x220B,1},{0x220C,0x220E,2},{0x220F,0x220F,1},
  {0x2210,0x2210,2},{0x2211,0x2211,1},{0x2212,0x2213,33},{0x2214,0x2214,2},{0x2215,0x2215,1},{0x2216,0x2219,2},{0x221A,0x221A,1},
  {0x221B,0x221C,2},{0x221D,0x2220,1},{0x2221,0x2222,2},{0x2223,0x2223,1},{0x2224,0x2224,2},{0x2225,0x2225,1},{0x2226,0x2226,2},
  {0x2227,0x222C,1},{0x222D,0x222D,2},{0x222E,0x222E,1},{0x222F,0x2233,2},{0x2234,0x2237,1},{0x2238,0x223B,2},{0x223C,0x223D,1},
  {0x223E,0x2247,2},{0x2248,0x2248,1},{0x2249,0x224B,2},{0x224C,0x224C,1},{0x224D,0x2251,2},{0x2252,0x2252,1},{0x2253,0x225F,2},
  {0x2260,0x2261,1},{0x2262,0x2263,2},{0x2264,0x2267,1},{0x2268,0x2269,2},{0x226A,0x226B,1},{0x226C,0x226D,2},{0x226E,0x226F,1},
  {0x2270,0x2281,2},{0x2282,0x2283,1},{0x2284,0x2285,2},{0x2286,0x2287,1},{0x2288,0x2294,2},{0x2295,0x2295,1},{0x2296,0x2298,2},
  {0x2299,0x2299,1},{0x229A,0x22A4,2},{0x22A5,0x22A5,1},{0x22A6,0x22BE,2},{0x22BF,0x22BF,1},{0x22C0,0x22EE,2},{0x22EF,0x22EF,22},
  {0x22F0,0x2307,2},{0x2308,0x2308,31},{0x2309,0x2309,9},{0x230A,0x230A,31},{0x230B,0x230B,9},{0x230C,0x2311,2},{0x2312,0x2312,1},
  {0x2313,0x2319,2},{0x231A,0x231B,21},{0x231C,0x2328,2},{0x2329,0x2329,31},{0x232A,0x232A,9},{0x232B,0x23EF,2},{0x23F0,0x23F3,21},
  {0x23F4,0x2429,2},{0x2440,0x244A,2},{0x2460,0x24FE,1},{0x24FF,0x24FF,2},{0x2500,0x254B,1},{0x254C,0x254F,2},{0x2550,0x2574,1},
  {0x2575,0x257F,2},{0x2580,0x258F,1},{0x2590,0x2591,2},{0x2592,0x2595,1},{0x2596,0x259F,2},{0x25A0,0x25A1,1},{0x25A2,0x25A2,2},
  {0x25A3,0x25A9,1},{0x25AA,0x25B1,2},{0x25B2,0x25B3,1},{0x25B4,0x25B5,2},{0x25B6,0x25B7,1},{0x25B8,0x25BB,2},{0x25BC,0x25BD,1},
  {0x25BE,0x25BF,2},{0x25C0,0x25C1,1},{0x25C2,0x25C5,2},{0x25C6,0x25C8,1},{0x25C9,0x25CA,2},{0x25CB,0x25CB,1},{0x25CC,0x25CD,2},
  {0x25CE,0x25D1,1},{0x25D2,0x25E1,2},{0x25E2,0x25E5,1},{0x25E6,0x25EE,2},{0x25EF,0x25EF,1},{0x25F0,0x25FF,2},{0x2600,0x2603,21},
  {0x2604,0x2604,2},{0x2605,0x2606,1},{0x2607,0x2608,2},{0x2609,0x2609,1},{0x260A,0x260D,2},{0x260E,0x260F,1},{0x2610,0x2613,2},
  {0x2614,0x2615,21},{0x2616,0x2617,1},{0x2618,0x2618,21},{0x2619,0x2619,2},{0x261A,0x261C,21},{0x261D,0x261D,13},{0x261E,0x261F,21},
  {0x2620,0x2638,2},{0x2639,0x263B,21},{0x263C,0x263F,2},{0x2640,0x2640,1},{0x2641,0x2641,2},{0x2642,0x2642,1},{0x2643,0x265F,2},
  {0x2660,0x2661,1},{0x2662,0x2662,2},{0x2663,0x2665,1},{0x2666,0x2666,2},{0x2667,0x2667,1},{0x2668,0x2668,21},{0x2669,0x266A,1},
  {0x266B,0x266B,2},{0x266C,0x266D,1},{0x266E,0x266E,2},{0x266F,0x266F,1},{0x2670,0x267E,2},{0x267F,0x267F,21},{0x2680,0x269D,2},
  {0x269E,0x269F,1},{0x26A0,0x26BC,2},{0x26BD,0x26C8,21},{0x26C9,0x26CC,1},{0x26CD,0x26CD,21},{0x26CE,0x26CE,2},{0x26CF,0x26D1,21},
  {0x26D2,0x26D2,1},{0x26D3,0x26D4,21},{0x26D5,0x26D7,1},{0x26D8,0x26D9,21},{0x26DA,0x26DB,1},{0x26DC,0x26DC,21},{0x26DD,0x26DE,1},
  {0x26DF,0x26E1,21},{0x26E2,0x26E2,2},{0x26E3,0x26E3,1},{0x26E4,0x26E7,2},{0x26E8,0x26E9,1},{0x26EA,0x26EA,21},{0x26EB,0x26F0,1},
  {0x26F1,0x26F5,21},{0x26F6,0x26F6,1},{0x26F7,0x26F8,21},{0x26F9,0x26F9,13},{0x26FA,0x26FA,21},{0x26FB,0x26FC,1},{0x26FD,0x2704,21},
  {0x2705,0x2707,2},{0x2708,0x2709,21},{0x270A,0x270D,13},{0x270E,0x2756,2},{0x2757,0x2757,1},{0x2758,0x275A,2},{0x275B,0x2760,34},
  {0x2761,0x2761,2},{0x2762,0x2763,15},{0x2764,0x2764,21},{0x2765,0x2767,2},{0x2768,0x2768,31},{0x2769,0x2769,9},{0x276A,0x276A,31},
  {0x276B,0x276B,9},{0x276C,0x276C,31},{0x276D,0x276D,9},{0x276E,0x276E,31},{0x276F,0x276F,9},{0x2770,0x2770,31},{0x2771,0x2771,9},
  {0x2772,0x2772,31},{0x2773,0x2773,9},{0x2774,0x2774,31},{0x2775,0x2775,9},{0x2776,0x2793,1},{0x2794,0x27C4,2},{0x27C5,0x27C5,31},
  {0x27C6,0x27C6,9},{0x27C7,0x27E5,2},{0x27E6,0x27E6,31},{0x27E7,0x27E7,9},{0x27E8,0x27E8,31},{0x27E9,0x27E9,9},{0x27EA,0x27EA,31},
  {0x27EB,0x27EB,9},{0x27EC,0x27EC,31},{0x27ED,0x27ED,9},{0x27EE,0x27EE,31},{0x27EF,0x27EF,9},{0x27F0,0x27FF,2},{0x2800,0x2800,4},
  {0x2801,0x2982,2},{0x2983,0x2983,31},{0x2984,0x2984,9},{0x2985,0x2985,31},{0x2986,0x2986,9},{0x2987,0x2987,31},{0x2988,0x2988,9},
  {0x2989,0x2989,31},{0x298A,0x298A,9},{0x298B,0x298B,31},{0x298C,0x298C,9},{0x298D,0x298D,31},{0x298E,0x298E,9},{0x298F,0x298F,31},
  {0x2990,0x2990,9},{0x2991,0x2991,31},{0x2992,0x2992,9},{0x2993,0x2993,31},{0x2994,0x2994,9},{0x2995,0x2995,31},{0x2996,0x2996,9},
  {0x2997,0x2997,31},{0x2998,0x2998,9},{0x2999,0x29D7,2},{0x29D8,0x29D8,31},{0x29D9,0x29D9,9},{0x29DA,0x29DA,31},{0x29DB,0x29DB,9},
  {0x29DC,0x29FB,2},{0x29FC,0x29FC,31},{0x29FD,0x29FD,9},{0x29FE,0x2B54,2},{0x2B55,0x2B59,1},{0x2B5A,0x2B73,2},{0x2B76,0x2CEE,2},
  {0x2CEF,0x2CF1,10},{0x2CF2,0x2CF3,2},{0x2CF9,0x2CF9,15},{0x2CFA,0x2CFC,4},{0x2CFD,0x2CFD,2},{0x2CFE,0x2CFE,15},{0x2CFF,0x2CFF,4},
  {0x2D00,0x2D25,2},{0x2D27,0x2D27,2},{0x2D2D,0x2D2D,2},{0x2D30,0x2D67,2},{0x2D6F,0x2D6F,2},{0x2D70,0x2D70,4},{0x2D7F,0x2D7F,10},
  {0x2D80,0x2D96,2},{0x2DA0,0x2DA6,2},{0x2DA8,0x2DAE,2},{0x2DB0,0x2DB6,2},{0x2DB8,0x2DBE,2},{0x2DC0,0x2DC6,2},{0x2DC8,0x2DCE,2},
  {0x2DD0,0x2DD6,2},{0x2DD8,0x2DDE,2},{0x2DE0,0x2DFF,10},{0x2E00,0x2E0D,34},{0x2E0E,0x2E15,4},{0x2E16,0x2E16,2},{0x2E17,0x2E17,48},
  {0x2E18,0x2E18,31},{0x2E19,0x2E19,4},{0x2E1A,0x2E1B,2},{0x2E1C,0x2E1D,34},{0x2E1E,0x2E1F,2},{0x2E20,0x2E21,34},{0x2E22,0x2E22,31},
  {0x2E23,0x2E23,9},{0x2E24,0x2E24,31},{0x2E25,0x2E25,9},{0x2E26,0x2E26,31},{0x2E27,0x2E27,9},{0x2E28,0x2E28,31},{0x2E29,0x2E29,9},
  {0x2E2A,0x2E2D,4},{0x2E2E,0x2E2E,15},{0x2E2F,0x2E2F,2},{0x2E30,0x2E31,4},{0x2E32,0x2E32,2},{0x2E33,0x2E34,4},{0x2E35,0x2E39,2},
  {0x2E3A,0x2E3B,3},{0x2E3C,0x2E3E,4},{0x2E3F,0x2E3F,2},{0x2E40,0x2E40,48},{0x2E41,0x2E41,4},{0x2E42,0x2E42,31},{0x2E43,0x2E4A,4},
  {0x2E4B,0x2E4B,2},{0x2E4C,0x2E4C,4},{0x2E4D,0x2E4D,2},{0x2E4E,0x2E4F,4},{0x2E50,0x2E52,2},{0x2E53,0x2E54,15},{0x2E55,0x2E55,31},
  {0x2E56,0x2E56,11},{0x2E57,0x2E57,31},{0x2E58,0x2E58,11},{0x2E59,0x2E59,31},{0x2E5A,0x2E5A,11},{0x2E5B,0x2E5B,31},{0x2E5C,0x2E5C,11},
  {0x2E5D,0x2E5D,48},{0x2E60,0x2E61,15},{0x2E62,0x2E62,31},{0x2E63,0x2E63,9},{0x2E80,0x2E99,21},{0x2E9B,0x2EF3,21},{0x2F00,0x2FD5,21},
  {0x2FF0,0x2FFF,21},{0x3000,0x3000,4},{0x3001,0x3002,9},{0x3003,0x3004,21},{0x3005,0x3005,29},{0x3006,0x3007,21},{0x3008,0x3008,31},
  {0x3009,0x3009,9},{0x300A,0x300A,31},{0x300B,0x300B,9},{0x300C,0x300C,31},{0x300D,0x300D,9},{0x300E,0x300E,31},{0x300F,0x300F,9},
  {0x3010,0x3010,31},{0x3011,0x3011,9},{0x3012,0x3013,21},{0x3014,0x3014,31},{0x3015,0x3015,9},{0x3016,0x3016,31},{0x3017,0x3017,9},
  {0x3018,0x3018,31},{0x3019,0x3019,9},{0x301A,0x301A,31},{0x301B,0x301B,9},{0x301C,0x301C,29},{0x301D,0x301D,31},{0x301E,0x301F,9},
  {0x3020,0x3029,21},{0x302A,0x302F,10},{0x3030,0x3034,21},{0x3035,0x3035,10},{0x3036,0x303A,21},{0x303B,0x303C,29},{0x303D,0x303F,21},
  {0x3041,0x3041,8},{0x3042,0x3042,21},{0x3043,0x3043,8},{0x3044,0x3044,21},{0x3045,0x3045,8},{0x3046,0x3046,21},{0x3047,0x3047,8},
  {0x3048,0x3048,21},{0x3049,0x3049,8},{0x304A,0x3062,21},{0x3063,0x3063,8},{0x3064,0x3082,21},{0x3083,0x3083,8},{0x3084,0x3084,21},
  {0x3085,0x3085,8},{0x3086,0x3086,21},{0x3087,0x3087,8},{0x3088,0x308D,21},{0x308E,0x308E,8},{0x308F,0x3094,21},{0x3095,0x3096,8},
  {0x3099,0x309A,10},{0x309B,0x309E,29},{0x309F,0x309F,21},{0x30A0,0x30A0,29},{0x30A1,0x30A1,8},{0x30A2,0x30A2,21},{0x30A3,0x30A3,8},
  {0x30A4,0x30A4,21},{0x30A5,0x30A5,8},{0x30A6,0x30A6,21},{0x30A7,0x30A7,8},{0x30A8,0x30A8,21},{0x30A9,0x30A9,8},{0x30AA,0x30C2,21},
  {0x30C3,0x30C3,8},{0x30C4,0x30E2,21},{0x30E3,0x30E3,8},{0x30E4,0x30E4,21},{0x30E5,0x30E5,8},{0x30E6,0x30E6,21},{0x30E7,0x30E7,8},
  {0x30E8,0x30ED,21},{0x30EE,0x30EE,8},{0x30EF,0x30F4,21},{0x30F5,0x30F6,8},{0x30F7,0x30FA,21},{0x30FB,0x30FB,29},{0x30FC,0x30FC,8},
  {0x30FD,0x30FE,29},{0x30FF,0x30FF,21},{0x3105,0x312F,21},{0x3131,0x318E,21},{0x3190,0x31E5,21},{0x31EF,0x31EF,21},{0x31F0,0x31FF,8},
  {0x3200,0x321E,21},{0x3220,0x3247,21},{0x3248,0x324F,1},{0x3250,0x4DBF,21},{0x4DC0,0x4DFF,2},{0x4E00,0xA014,21},{0xA015,0xA015,29},
  {0xA016,0xA48C,21},{0xA490,0xA4C6,21},{0xA4D0,0xA4FD,2},{0xA4FE,0xA4FF,4},{0xA500,0xA60C,2},{0xA60D,0xA60D,4},{0xA60E,0xA60E,15},
  {0xA60F,0xA60F,4},{0xA610,0xA61F,2},{0xA620,0xA629,30},{0xA62A,0xA62B,2},{0xA640,0xA66E,2},{0xA66F,0xA672,10},{0xA673,0xA673,2},
  {0xA674,0xA67D,10},{0xA67E,0xA69D,2},{0xA69E,0xA69F,10},{0xA6A0,0xA6EF,2},{0xA6F0,0xA6F1,10},{0xA6F2,0xA6F2,2},{0xA6F3,0xA6F7,4},
  {0xA700,0xA7DD,2},{0xA7E2,0xA7E2,2},{0xA7F1,0xA801,2},{0xA802,0xA802,10},{0xA803,0xA805,2},{0xA806,0xA806,10},{0xA807,0xA80A,2},
  {0xA80B,0xA80B,10},{0xA80C,0xA822,2},{0xA823,0xA827,10},{0xA828,0xA82B,2},{0xA82C,0xA82C,10},{0xA830,0xA837,2},{0xA838,0xA838,32},
  {0xA839,0xA839,2},{0xA840,0xA873,2},{0xA874,0xA875,5},{0xA876,0xA877,15},{0xA880,0xA881,10},{0xA882,0xA8B3,2},{0xA8B4,0xA8C5,10},
  {0xA8CE,0xA8CF,4},{0xA8D0,0xA8D9,30},{0xA8E0,0xA8F1,10},{0xA8F2,0xA8FB,2},{0xA8FC,0xA8FC,5},{0xA8FD,0xA8FE,2},{0xA8FF,0xA8FF,10},
  {0xA900,0xA909,30},{0xA90A,0xA925,2},{0xA926,0xA92D,10},{0xA92E,0xA92F,4},{0xA930,0xA946,2},{0xA947,0xA953,10},{0xA95F,0xA95F,2},
  {0xA960,0xA97C,24},{0xA980,0xA983,10},{0xA984,0xA9B2,43},{0xA9B3,0xA9BF,10},{0xA9C0,0xA9C0,47},{0xA9C1,0xA9C6,21},{0xA9C7,0xA9C9,4},
  {0xA9CA,0xA9CD,21},{0xA9CF,0xA9CF,4},{0xA9D0,0xA9D9,45},{0xA9DE,0xA9DF,21},{0xA9E0,0xA9EF,36},{0xA9F0,0xA9F9,30},{0xA9FA,0xA9FE,36},
  {0xAA00,0xAA28,45},{0xAA29,0xAA36,10},{0xAA40,0xAA42,4},{0xAA43,0xAA43,10},{0xAA44,0xAA4B,4},{0xAA4C,0xAA4D,10},{0xAA50,0xAA59,45},
  {0xAA5C,0xAA5C,21},{0xAA5D,0xAA5F,4},{0xAA60,0xAAC2,36},{0xAADB,0xAADF,36},{0xAAE0,0xAAEA,2},{0xAAEB,0xAAEF,10},{0xAAF0,0xAAF1,4},
  {0xAAF2,0xAAF4,2},{0xAAF5,0xAAF6,10},{0xAB01,0xAB06,2},{0xAB09,0xAB0E,2},{0xAB11,0xAB16,2},{0xAB20,0xAB26,2},{0xAB28,0xAB2E,2},
  {0xAB30,0xAB6D,2},{0xAB70,0xABE2,2},{0xABE3,0xABEA,10},{0xABEB,0xABEB,4},{0xABEC,0xABED,10},{0xABF0,0xABF9,30},{0xAC00,0xAC00,17},
  {0xAC01,0xAC1B,18},{0xAC1C,0xAC1C,17},{0xAC1D,0xAC37,18},{0xAC38,0xAC38,17},{0xAC39,0xAC53,18},{0xAC54,0xAC54,17},{0xAC55,0xAC6F,18},
  {0xAC70,0xAC70,17},{0xAC71,0xAC8B,18},{0xAC8C,0xAC8C,17},{0xAC8D,0xACA7,18},{0xACA8,0xACA8,17},{0xACA9,0xACC3,18},{0xACC4,0xACC4,17},
  {0xACC5,0xACDF,18},{0xACE0,0xACE0,17},{0xACE1,0xACFB,18},{0xACFC,0xACFC,17},{0xACFD,0xAD17,18},{0xAD18,0xAD18,17},{0xAD19,0xAD33,18},
  {0xAD34,0xAD34,17},{0xAD35,0xAD4F,18},{0xAD50,0xAD50,17},{0xAD51,0xAD6B,18},{0xAD6C,0xAD6C,17},{0xAD6D,0xAD87,18},{0xAD88,0xAD88,17},
  {0xAD89,0xADA3,18},{0xADA4,0xADA4,17},{0xADA5,0xADBF,18},{0xADC0,0xADC0,17},{0xADC1,0xADDB,18},{0xADDC,0xADDC,17},{0xADDD,0xADF7,18},
  {0xADF8,0xADF8,17},{0xADF9,0xAE13,18},{0xAE14,0xAE14,17},{0xAE15,0xAE2F,18},{0xAE30,0xAE30,17},{0xAE31,0xAE4B,18},{0xAE4C,0xAE4C,17},
  {0xAE4D,0xAE67,18},{0xAE68,0xAE68,17},{0xAE69,0xAE83,18},{0xAE84,0xAE84,17},{0xAE85,0xAE9F,18},{0xAEA0,0xAEA0,17},{0xAEA1,0xAEBB,18},
  {0xAEBC,0xAEBC,17},{0xAEBD,0xAED7,18},{0xAED8,0xAED8,17},{0xAED9,0xAEF3,18},{0xAEF4,0xAEF4,17},{0xAEF5,0xAF0F,18},{0xAF10,0xAF10,17},
  {0xAF11,0xAF2B,18},{0xAF2C,0xAF2C,17},{0xAF2D,0xAF47,18},{0xAF48,0xAF48,17},{0xAF49,0xAF63,18},{0xAF64,0xAF64,17},{0xAF65,0xAF7F,18},
  {0xAF80,0xAF80,17},{0xAF81,0xAF9B,18},{0xAF9C,0xAF9C,17},{0xAF9D,0xAFB7,18},{0xAFB8,0xAFB8,17},{0xAFB9,0xAFD3,18},{0xAFD4,0xAFD4,17},
  {0xAFD5,0xAFEF,18},{0xAFF0,0xAFF0,17},{0xAFF1,0xB00B,18},{0xB00C,0xB00C,17},{0xB00D,0xB027,18},{0xB028,0xB028,17},{0xB029,0xB043,18},
  {0xB044,0xB044,17},{0xB045,0xB05F,18},{0xB060,0xB060,17},{0xB061,0xB07B,18},{0xB07C,0xB07C,17},{0xB07D,0xB097,18},{0xB098,0xB098,17},
  {0xB099,0xB0B3,18},{0xB0B4,0xB0B4,17},{0xB0B5,0xB0CF,18},{0xB0D0,0xB0D0,17},{0xB0D1,0xB0EB,18},{0xB0EC,0xB0EC,17},{0xB0ED,0xB107,18},
  {0xB108,0xB108,17},{0xB109,0xB123,18},{0xB124,0xB124,17},{0xB125,0xB13F,18},{0xB140,0xB140,17},{0xB141,0xB15B,18},{0xB15C,0xB15C,17},
  {0xB15D,0xB177,18},{0xB178,0xB178,17},{0xB179,0xB193,18},{0xB194,0xB194,17},{0xB195,0xB1AF,18},{0xB1B0,0xB1B0,17},{0xB1B1,0xB1CB,18},
  {0xB1CC,0xB1CC,17},{0xB1CD,0xB1E7,18},{0xB1E8,0xB1E8,17},{0xB1E9,0xB203,18},{0xB204,0xB204,17},{0xB205,0xB21F,18},{0xB220,0xB220,17},
  {0xB221,0xB23B,18},{0xB23C,0xB23C,17},{0xB23D,0xB257,18},{0xB258,0xB258,17},{0xB259,0xB273,18},{0xB274,0xB274,17},{0xB275,0xB28F,18},
  {0xB290,0xB290,17},{0xB291,0xB2AB,18},{0xB2AC,0xB2AC,17},{0xB2AD,0xB2C7,18},{0xB2C8,0xB2C8,17},{0xB2C9,0xB2E3,18},{0xB2E4,0xB2E4,17},
  {0xB2E5,0xB2FF,18},{0xB300,0xB300,17},{0xB301,0xB31B,18},{0xB31C,0xB31C,17},{0xB31D,0xB337,18},{0xB338,0xB338,17},{0xB339,0xB353,18},
  {0xB354,0xB354,17},{0xB355,0xB36F,18},{0xB370,0xB370,17},{0xB371,0xB38B,18},{0xB38C,0xB38C,17},{0xB38D,0xB3A7,18},{0xB3A8,0xB3A8,17},
  {0xB3A9,0xB3C3,18},{0xB3C4,0xB3C4,17},{0xB3C5,0xB3DF,18},{0xB3E0,0xB3E0,17},{0xB3E1,0xB3FB,18},{0xB3FC,0xB3FC,17},{0xB3FD,0xB417,18},
  {0xB418,0xB418,17},{0xB419,0xB433,18},{0xB434,0xB434,17},{0xB435,0xB44F,18},{0xB450,0xB450,17},{0xB451,0xB46B,18},{0xB46C,0xB46C,17},
  {0xB46D,0xB487,18},{0xB488,0xB488,17},{0xB489,0xB4A3,18},{0xB4A4,0xB4A4,17},{0xB4A5,0xB4BF,18},{0xB4C0,0xB4C0,17},{0xB4C1,0xB4DB,18},
  {0xB4DC,0xB4DC,17},{0xB4DD,0xB4F7,18},{0xB4F8,0xB4F8,17},{0xB4F9,0xB513,18},{0xB514,0xB514,17},{0xB515,0xB52F,18},{0xB530,0xB530,17},
  {0xB531,0xB54B,18},{0xB54C,0xB54C,17},{0xB54D,0xB567,18},{0xB568,0xB568,17},{0xB569,0xB583,18},{0xB584,0xB584,17},{0xB585,0xB59F,18},
  {0xB5A0,0xB5A0,17},{0xB5A1,0xB5BB,18},{0xB5BC,0xB5BC,17},{0xB5BD,0xB5D7,18},{0xB5D8,0xB5D8,17},{0xB5D9,0xB5F3,18},{0xB5F4,0xB5F4,17},
  {0xB5F5,0xB60F,18},{0xB610,0xB610,17},{0xB611,0xB62B,18},{0xB62C,0xB62C,17},{0xB62D,0xB647,18},{0xB648,0xB648,17},{0xB649,0xB663,18},
  {0xB664,0xB664,17},{0xB665,0xB67F,18},{0xB680,0xB680,17},{0xB681,0xB69B,18},{0xB69C,0xB69C,17},{0xB69D,0xB6B7,18},{0xB6B8,0xB6B8,17},
  {0xB6B9,0xB6D3,18},{0xB6D4,0xB6D4,17},{0xB6D5,0xB6EF,18},{0xB6F0,0xB6F0,17},{0xB6F1,0xB70B,18},{0xB70C,0xB70C,17},{0xB70D,0xB727,18},
  {0xB728,0xB728,17},{0xB729,0xB743,18},{0xB744,0xB744,17},{0xB745,0xB75F,18},{0xB760,0xB760,17},{0xB761,0xB77B,18},{0xB77C,0xB77C,17},
  {0xB77D,0xB797,18},{0xB798,0xB798,17},{0xB799,0xB7B3,18},{0xB7B4,0xB7B4,17},{0xB7B5,0xB7CF,18},{0xB7D0,0xB7D0,17},{0xB7D1,0xB7EB,18},
  {0xB7EC,0xB7EC,17},{0xB7ED,0xB807,18},{0xB808,0xB808,17},{0xB809,0xB823,18},{0xB824,0xB824,17},{0xB825,0xB83F,18},{0xB840,0xB840,17},
  {0xB841,0xB85B,18},{0xB85C,0xB85C,17},{0xB85D,0xB877,18},{0xB878,0xB878,17},{0xB879,0xB893,18},{0xB894,0xB894,17},{0xB895,0xB8AF,18},
  {0xB8B0,0xB8B0,17},{0xB8B1,0xB8CB,18},{0xB8CC,0xB8CC,17},{0xB8CD,0xB8E7,18},{0xB8E8,0xB8E8,17},{0xB8E9,0xB903,18},{0xB904,0xB904,17},
  {0xB905,0xB91F,18},{0xB920,0xB920,17},{0xB921,0xB93B,18},{0xB93C,0xB93C,17},{0xB93D,0xB957,18},{0xB958,0xB958,17},{0xB959,0xB973,18},
  {0xB974,0xB974,17},{0xB975,0xB98F,18},{0xB990,0xB990,17},{0xB991,0xB9AB,18},{0xB9AC,0xB9AC,17},{0xB9AD,0xB9C7,18},{0xB9C8,0xB9C8,17},
  {0xB9C9,0xB9E3,18},{0xB9E4,0xB9E4,17},{0xB9E5,0xB9FF,18},{0xBA00,0xBA00,17},{0xBA01,0xBA1B,18},{0xBA1C,0xBA1C,17},{0xBA1D,0xBA37,18},
  {0xBA38,0xBA38,17},{0xBA39,0xBA53,18},{0xBA54,0xBA54,17},{0xBA55,0xBA6F,18},{0xBA70,0xBA70,17},{0xBA71,0xBA8B,18},{0xBA8C,0xBA8C,17},
  {0xBA8D,0xBAA7,18},{0xBAA8,0xBAA8,17},{0xBAA9,0xBAC3,18},{0xBAC4,0xBAC4,17},{0xBAC5,0xBADF,18},{0xBAE0,0xBAE0,17},{0xBAE1,0xBAFB,18},
  {0xBAFC,0xBAFC,17},{0xBAFD,0xBB17,18},{0xBB18,0xBB18,17},{0xBB19,0xBB33,18},{0xBB34,0xBB34,17},{0xBB35,0xBB4F,18},{0xBB50,0xBB50,17},
  {0xBB51,0xBB6B,18},{0xBB6C,0xBB6C,17},{0xBB6D,0xBB87,18},{0xBB88,0xBB88,17},{0xBB89,0xBBA3,18},{0xBBA4,0xBBA4,17},{0xBBA5,0xBBBF,18},
  {0xBBC0,0xBBC0,17},{0xBBC1,0xBBDB,18},{0xBBDC,0xBBDC,17},{0xBBDD,0xBBF7,18},{0xBBF8,0xBBF8,17},{0xBBF9,0xBC13,18},{0xBC14,0xBC14,17},
  {0xBC15,0xBC2F,18},{0xBC30,0xBC30,17},{0xBC31,0xBC4B,18},{0xBC4C,0xBC4C,17},{0xBC4D,0xBC67,18},{0xBC68,0xBC68,17},{0xBC69,0xBC83,18},
  {0xBC84,0xBC84,17},{0xBC85,0xBC9F,18},{0xBCA0,0xBCA0,17},{0xBCA1,0xBCBB,18},{0xBCBC,0xBCBC,17},{0xBCBD,0xBCD7,18},{0xBCD8,0xBCD8,17},
  {0xBCD9,0xBCF3,18},{0xBCF4,0xBCF4,17},{0xBCF5,0xBD0F,18},{0xBD10,0xBD10,17},{0xBD11,0xBD2B,18},{0xBD2C,0xBD2C,17},{0xBD2D,0xBD47,18},
  {0xBD48,0xBD48,17},{0xBD49,0xBD63,18},{0xBD64,0xBD64,17},{0xBD65,0xBD7F,18},{0xBD80,0xBD80,17},{0xBD81,0xBD9B,18},{0xBD9C,0xBD9C,17},
  {0xBD9D,0xBDB7,18},{0xBDB8,0xBDB8,17},{0xBDB9,0xBDD3,18},{0xBDD4,0xBDD4,17},{0xBDD5,0xBDEF,18},{0xBDF0,0xBDF0,17},{0xBDF1,0xBE0B,18},
  {0xBE0C,0xBE0C,17},{0xBE0D,0xBE27,18},{0xBE28,0xBE28,17},{0xBE29,0xBE43,18},{0xBE44,0xBE44,17},{0xBE45,0xBE5F,18},{0xBE60,0xBE60,17},
  {0xBE61,0xBE7B,18},{0xBE7C,0xBE7C,17},{0xBE7D,0xBE97,18},{0xBE98,0xBE98,17},{0xBE99,0xBEB3,18},{0xBEB4,0xBEB4,17},{0xBEB5,0xBECF,18},
  {0xBED0,0xBED0,17},{0xBED1,0xBEEB,18},{0xBEEC,0xBEEC,17},{0xBEED,0xBF07,18},{0xBF08,0xBF08,17},{0xBF09,0xBF23,18},{0xBF24,0xBF24,17},
  {0xBF25,0xBF3F,18},{0xBF40,0xBF40,17},{0xBF41,0xBF5B,18},{0xBF5C,0xBF5C,17},{0xBF5D,0xBF77,18},{0xBF78,0xBF78,17},{0xBF79,0xBF93,18},
  {0xBF94,0xBF94,17},{0xBF95,0xBFAF,18},{0xBFB0,0xBFB0,17},{0xBFB1,0xBFCB,18},{0xBFCC,0xBFCC,17},{0xBFCD,0xBFE7,18},{0xBFE8,0xBFE8,17},
  {0xBFE9,0xC003,18},{0xC004,0xC004,17},{0xC005,0xC01F,18},{0xC020,0xC020,17},{0xC021,0xC03B,18},{0xC03C,0xC03C,17},{0xC03D,0xC057,18},
  {0xC058,0xC058,17},{0xC059,0xC073,18},{0xC074,0xC074,17},{0xC075,0xC08F,18},{0xC090,0xC090,17},{0xC091,0xC0AB,18},{0xC0AC,0xC0AC,17},
  {0xC0AD,0xC0C7,18},{0xC0C8,0xC0C8,17},{0xC0C9,0xC0E3,18},{0xC0E4,0xC0E4,17},{0xC0E5,0xC0FF,18},{0xC100,0xC100,17},{0xC101,0xC11B,18},
  {0xC11C,0xC11C,17},{0xC11D,0xC137,18},{0xC138,0xC138,17},{0xC139,0xC153,18},{0xC154,0xC154,17},{0xC155,0xC16F,18},{0xC170,0xC170,17},
  {0xC171,0xC18B,18},{0xC18C,0xC18C,17},{0xC18D,0xC1A7,18},{0xC1A8,0xC1A8,17},{0xC1A9,0xC1C3,18},{0xC1C4,0xC1C4,17},{0xC1C5,0xC1DF,18},
  {0xC1E0,0xC1E0,17},{0xC1E1,0xC1FB,18},{0xC1FC,0xC1FC,17},{0xC1FD,0xC217,18},{0xC218,0xC218,17},{0xC219,0xC233,18},{0xC234,0xC234,17},
  {0xC235,0xC24F,18},{0xC250,0xC250,17},{0xC251,0xC26B,18},{0xC26C,0xC26C,17},{0xC26D,0xC287,18},{0xC288,0xC288,17},{0xC289,0xC2A3,18},
  {0xC2A4,0xC2A4,17},{0xC2A5,0xC2BF,18},{0xC2C0,0xC2C0,17},{0xC2C1,0xC2DB,18},{0xC2DC,0xC2DC,17},{0xC2DD,0xC2F7,18},{0xC2F8,0xC2F8,17},
  {0xC2F9,0xC313,18},{0xC314,0xC314,17},{0xC315,0xC32F,18},{0xC330,0xC330,17},{0xC331,0xC34B,18},{0xC34C,0xC34C,17},{0xC34D,0xC367,18},
  {0xC368,0xC368,17},{0xC369,0xC383,18},{0xC384,0xC384,17},{0xC385,0xC39F,18},{0xC3A0,0xC3A0,17},{0xC3A1,0xC3BB,18},{0xC3BC,0xC3BC,17},
  {0xC3BD,0xC3D7,18},{0xC3D8,0xC3D8,17},{0xC3D9,0xC3F3,18},{0xC3F4,0xC3F4,17},{0xC3F5,0xC40F,18},{0xC410,0xC410,17},{0xC411,0xC42B,18},
  {0xC42C,0xC42C,17},{0xC42D,0xC447,18},{0xC448,0xC448,17},{0xC449,0xC463,18},{0xC464,0xC464,17},{0xC465,0xC47F,18},{0xC480,0xC480,17},
  {0xC481,0xC49B,18},{0xC49C,0xC49C,17},{0xC49D,0xC4B7,18},{0xC4B8,0xC4B8,17},{0xC4B9,0xC4D3,18},{0xC4D4,0xC4D4,17},{0xC4D5,0xC4EF,18},
  {0xC4F0,0xC4F0,17},{0xC4F1,0xC50B,18},{0xC50C,0xC50C,17},{0xC50D,0xC527,18},{0xC528,0xC528,17},{0xC529,0xC543,18},{0xC544,0xC544,17},
  {0xC545,0xC55F,18},{0xC560,0xC560,17},{0xC561,0xC57B,18},{0xC57C,0xC57C,17},{0xC57D,0xC597,18},{0xC598,0xC598,17},{0xC599,0xC5B3,18},
  {0xC5B4,0xC5B4,17},{0xC5B5,0xC5CF,18},{0xC5D0,0xC5D0,17},{0xC5D1,0xC5EB,18},{0xC5EC,0xC5EC,17},{0xC5ED,0xC607,18},{0xC608,0xC608,17},
  {0xC609,0xC623,18},{0xC624,0xC624,17},{0xC625,0xC63F,18},{0xC640,0xC640,17},{0xC641,0xC65B,18},{0xC65C,0xC65C,17},{0xC65D,0xC677,18},
  {0xC678,0xC678,17},{0xC679,0xC693,18},{0xC694,0xC694,17},{0xC695,0xC6AF,18},{0xC6B0,0xC6B0,17},{0xC6B1,0xC6CB,18},{0xC6CC,0xC6CC,17},
  {0xC6CD,0xC6E7,18},{0xC6E8,0xC6E8,17},{0xC6E9,0xC703,18},{0xC704,0xC704,17},{0xC705,0xC71F,18},{0xC720,0xC720,17},{0xC721,0xC73B,18},
  {0xC73C,0xC73C,17},{0xC73D,0xC757,18},{0xC758,0xC758,17},{0xC759,0xC773,18},{0xC774,0xC774,17},{0xC775,0xC78F,18},{0xC790,0xC790,17},
  {0xC791,0xC7AB,18},{0xC7AC,0xC7AC,17},{0xC7AD,0xC7C7,18},{0xC7C8,0xC7C8,17},{0xC7C9,0xC7E3,18},{0xC7E4,0xC7E4,17},{0xC7E5,0xC7FF,18},
  {0xC800,0xC800,17},{0xC801,0xC81B,18},{0xC81C,0xC81C,17},{0xC81D,0xC837,18},{0xC838,0xC838,17},{0xC839,0xC853,18},{0xC854,0xC854,17},
  {0xC855,0xC86F,18},{0xC870,0xC870,17},{0xC871,0xC88B,18},{0xC88C,0xC88C,17},{0xC88D,0xC8A7,18},{0xC8A8,0xC8A8,17},{0xC8A9,0xC8C3,18},
  {0xC8C4,0xC8C4,17},{0xC8C5,0xC8DF,18},{0xC8E0,0xC8E0,17},{0xC8E1,0xC8FB,18},{0xC8FC,0xC8FC,17},{0xC8FD,0xC917,18},{0xC918,0xC918,17},
  {0xC919,0xC933,18},{0xC934,0xC934,17},{0xC935,0xC94F,18},{0xC950,0xC950,17},{0xC951,0xC96B,18},{0xC96C,0xC96C,17},{0xC96D,0xC987,18},
  {0xC988,0xC988,17},{0xC989,0xC9A3,18},{0xC9A4,0xC9A4,17},{0xC9A5,0xC9BF,18},{0xC9C0,0xC9C0,17},{0xC9C1,0xC9DB,18},{0xC9DC,0xC9DC,17},
  {0xC9DD,0xC9F7,18},{0xC9F8,0xC9F8,17},{0xC9F9,0xCA13,18},{0xCA14,0xCA14,17},{0xCA15,0xCA2F,18},{0xCA30,0xCA30,17},{0xCA31,0xCA4B,18},
  {0xCA4C,0xCA4C,17},{0xCA4D,0xCA67,18},{0xCA68,0xCA68,17},{0xCA69,0xCA83,18},{0xCA84,0xCA84,17},{0xCA85,0xCA9F,18},{0xCAA0,0xCAA0,17},
  {0xCAA1,0xCABB,18},{0xCABC,0xCABC,17},{0xCABD,0xCAD7,18},{0xCAD8,0xCAD8,17},{0xCAD9,0xCAF3,18},{0xCAF4,0xCAF4,17},{0xCAF5,0xCB0F,18},
  {0xCB10,0xCB10,17},{0xCB11,0xCB2B,18},{0xCB2C,0xCB2C,17},{0xCB2D,0xCB47,18},{0xCB48,0xCB48,17},{0xCB49,0xCB63,18},{0xCB64,0xCB64,17},
  {0xCB65,0xCB7F,18},{0xCB80,0xCB80,17},{0xCB81,0xCB9B,18},{0xCB9C,0xCB9C,17},{0xCB9D,0xCBB7,18},{0xCBB8,0xCBB8,17},{0xCBB9,0xCBD3,18},
  {0xCBD4,0xCBD4,17},{0xCBD5,0xCBEF,18},{0xCBF0,0xCBF0,17},{0xCBF1,0xCC0B,18},{0xCC0C,0xCC0C,17},{0xCC0D,0xCC27,18},{0xCC28,0xCC28,17},
  {0xCC29,0xCC43,18},{0xCC44,0xCC44,17},{0xCC45,0xCC5F,18},{0xCC60,0xCC60,17},{0xCC61,0xCC7B,18},{0xCC7C,0xCC7C,17},{0xCC7D,0xCC97,18},
  {0xCC98,0xCC98,17},{0xCC99,0xCCB3,18},{0xCCB4,0xCCB4,17},{0xCCB5,0xCCCF,18},{0xCCD0,0xCCD0,17},{0xCCD1,0xCCEB,18},{0xCCEC,0xCCEC,17},
  {0xCCED,0xCD07,18},{0xCD08,0xCD08,17},{0xCD09,0xCD23,18},{0xCD24,0xCD24,17},{0xCD25,0xCD3F,18},{0xCD40,0xCD40,17},{0xCD41,0xCD5B,18},
  {0xCD5C,0xCD5C,17},{0xCD5D,0xCD77,18},{0xCD78,0xCD78,17},{0xCD79,0xCD93,18},{0xCD94,0xCD94,17},{0xCD95,0xCDAF,18},{0xCDB0,0xCDB0,17},
  {0xCDB1,0xCDCB,18},{0xCDCC,0xCDCC,17},{0xCDCD,0xCDE7,18},{0xCDE8,0xCDE8,17},{0xCDE9,0xCE03,18},{0xCE04,0xCE04,17},{0xCE05,0xCE1F,18},
  {0xCE20,0xCE20,17},{0xCE21,0xCE3B,18},{0xCE3C,0xCE3C,17},{0xCE3D,0xCE57,18},{0xCE58,0xCE58,17},{0xCE59,0xCE73,18},{0xCE74,0xCE74,17},
  {0xCE75,0xCE8F,18},{0xCE90,0xCE90,17},{0xCE91,0xCEAB,18},{0xCEAC,0xCEAC,17},{0xCEAD,0xCEC7,18},{0xCEC8,0xCEC8,17},{0xCEC9,0xCEE3,18},
  {0xCEE4,0xCEE4,17},{0xCEE5,0xCEFF,18},{0xCF00,0xCF00,17},{0xCF01,0xCF1B,18},{0xCF1C,0xCF1C,17},{0xCF1D,0xCF37,18},{0xCF38,0xCF38,17},
  {0xCF39,0xCF53,18},{0xCF54,0xCF54,17},{0xCF55,0xCF6F,18},{0xCF70,0xCF70,17},{0xCF71,0xCF8B,18},{0xCF8C,0xCF8C,17},{0xCF8D,0xCFA7,18},
  {0xCFA8,0xCFA8,17},{0xCFA9,0xCFC3,18},{0xCFC4,0xCFC4,17},{0xCFC5,0xCFDF,18},{0xCFE0,0xCFE0,17},{0xCFE1,0xCFFB,18},{0xCFFC,0xCFFC,17},
  {0xCFFD,0xD017,18},{0xD018,0xD018,17},{0xD019,0xD033,18},{0xD034,0xD034,17},{0xD035,0xD04F,18},{0xD050,0xD050,17},{0xD051,0xD06B,18},
  {0xD06C,0xD06C,17},{0xD06D,0xD087,18},{0xD088,0xD088,17},{0xD089,0xD0A3,18},{0xD0A4,0xD0A4,17},{0xD0A5,0xD0BF,18},{0xD0C0,0xD0C0,17},
  {0xD0C1,0xD0DB,18},{0xD0DC,0xD0DC,17},{0xD0DD,0xD0F7,18},{0xD0F8,0xD0F8,17},{0xD0F9,0xD113,18},{0xD114,0xD114,17},{0xD115,0xD12F,18},
  {0xD130,0xD130,17},{0xD131,0xD14B,18},{0xD14C,0xD14C,17},{0xD14D,0xD167,18},{0xD168,0xD168,17},{0xD169,0xD183,18},{0xD184,0xD184,17},
  {0xD185,0xD19F,18},{0xD1A0,0xD1A0,17},{0xD1A1,0xD1BB,18},{0xD1BC,0xD1BC,17},{0xD1BD,0xD1D7,18},{0xD1D8,0xD1D8,17},{0xD1D9,0xD1F3,18},
  {0xD1F4,0xD1F4,17},{0xD1F5,0xD20F,18},{0xD210,0xD210,17},{0xD211,0xD22B,18},{0xD22C,0xD22C,17},{0xD22D,0xD247,18},{0xD248,0xD248,17},
  {0xD249,0xD263,18},{0xD264,0xD264,17},{0xD265,0xD27F,18},{0xD280,0xD280,17},{0xD281,0xD29B,18},{0xD29C,0xD29C,17},{0xD29D,0xD2B7,18},
  {0xD2B8,0xD2B8,17},{0xD2B9,0xD2D3,18},{0xD2D4,0xD2D4,17},{0xD2D5,0xD2EF,18},{0xD2F0,0xD2F0,17},{0xD2F1,0xD30B,18},{0xD30C,0xD30C,17},
  {0xD30D,0xD327,18},{0xD328,0xD328,17},{0xD329,0xD343,18},{0xD344,0xD344,17},{0xD345,0xD35F,18},{0xD360,0xD360,17},{0xD361,0xD37B,18},
  {0xD37C,0xD37C,17},{0xD37D,0xD397,18},{0xD398,0xD398,17},{0xD399,0xD3B3,18},{0xD3B4,0xD3B4,17},{0xD3B5,0xD3CF,18},{0xD3D0,0xD3D0,17},
  {0xD3D1,0xD3EB,18},{0xD3EC,0xD3EC,17},{0xD3ED,0xD407,18},{0xD408,0xD408,17},{0xD409,0xD423,18},{0xD424,0xD424,17},{0xD425,0xD43F,18},
  {0xD440,0xD440,17},{0xD441,0xD45B,18},{0xD45C,0xD45C,17},{0xD45D,0xD477,18},{0xD478,0xD478,17},{0xD479,0xD493,18},{0xD494,0xD494,17},
  {0xD495,0xD4AF,18},{0xD4B0,0xD4B0,17},{0xD4B1,0xD4CB,18},{0xD4CC,0xD4CC,17},{0xD4CD,0xD4E7,18},{0xD4E8,0xD4E8,17},{0xD4E9,0xD503,18},
  {0xD504,0xD504,17},{0xD505,0xD51F,18},{0xD520,0xD520,17},{0xD521,0xD53B,18},{0xD53C,0xD53C,17},{0xD53D,0xD557,18},{0xD558,0xD558,17},
  {0xD559,0xD573,18},{0xD574,0xD574,17},{0xD575,0xD58F,18},{0xD590,0xD590,17},{0xD591,0xD5AB,18},{0xD5AC,0xD5AC,17},{0xD5AD,0xD5C7,18},
  {0xD5C8,0xD5C8,17},{0xD5C9,0xD5E3,18},{0xD5E4,0xD5E4,17},{0xD5E5,0xD5FF,18},{0xD600,0xD600,17},{0xD601,0xD61B,18},{0xD61C,0xD61C,17},
  {0xD61D,0xD637,18},{0xD638,0xD638,17},{0xD639,0xD653,18},{0xD654,0xD654,17},{0xD655,0xD66F,18},{0xD670,0xD670,17},{0xD671,0xD68B,18},
  {0xD68C,0xD68C,17},{0xD68D,0xD6A7,18},{0xD6A8,0xD6A8,17},{0xD6A9,0xD6C3,18},{0xD6C4,0xD6C4,17},{0xD6C5,0xD6DF,18},{0xD6E0,0xD6E0,17},
  {0xD6E1,0xD6FB,18},{0xD6FC,0xD6FC,17},{0xD6FD,0xD717,18},{0xD718,0xD718,17},{0xD719,0xD733,18},{0xD734,0xD734,17},{0xD735,0xD74F,18},
  {0xD750,0xD750,17},{0xD751,0xD76B,18},{0xD76C,0xD76C,17},{0xD76D,0xD787,18},{0xD788,0xD788,17},{0xD789,0xD7A3,18},{0xD7B0,0xD7C6,26},
  {0xD7CB,0xD7FB,25},{0xD800,0xDFFF,37},{0xF900,0xFAFF,21},{0xFB00,0xFB06,2},{0xFB13,0xFB17,2},{0xFB1D,0xFB1D,19},{0xFB1E,0xFB1E,10},
  {0xFB1F,0xFB28,19},{0xFB29,0xFB29,2},{0xFB2A,0xFB36,19},{0xFB38,0xFB3C,19},{0xFB3E,0xFB3E,19},{0xFB40,0xFB41,19},{0xFB43,0xFB44,19},
  {0xFB46,0xFB4F,19},{0xFB50,0xFD3D,2},{0xFD3E,0xFD3E,9},{0xFD3F,0xFD3F,31},{0xFD40,0xFDCF,2},{0xFDF0,0xFDFB,2},{0xFDFC,0xFDFC,32},
  {0xFDFD,0xFDFF,2},{0xFE00,0xFE0F,10},{0xFE10,0xFE12,9},{0xFE13,0xFE14,29},{0xFE15,0xFE16,15},{0xFE17,0xFE17,31},{0xFE18,0xFE18,9},
  {0xFE19,0xFE19,22},{0xFE20,0xFE20,16},{0xFE21,0xFE21,10},{0xFE22,0xFE22,16},{0xFE23,0xFE23,10},{0xFE24,0xFE24,16},{0xFE25,0xFE25,10},
  {0xFE26,0xFE27,16},{0xFE28,0xFE28,10},{0xFE29,0xFE29,16},{0xFE2A,0xFE2A,10},{0xFE2B,0xFE2B,16},{0xFE2C,0xFE2C,10},{0xFE2D,0xFE2E,16},
  {0xFE2F,0xFE2F,10},{0xFE30,0xFE34,21},{0xFE35,0xFE35,31},{0xFE36,0xFE36,9},{0xFE37,0xFE37,31},{0xFE38,0xFE38,9},{0xFE39,0xFE39,31},
  {0xFE3A,0xFE3A,9},{0xFE3B,0xFE3B,31},{0xFE3C,0xFE3C,9},{0xFE3D,0xFE3D,31},{0xFE3E,0xFE3E,9},{0xFE3F,0xFE3F,31},{0xFE40,0xFE40,9},
  {0xFE41,0xFE41,31},{0xFE42,0xFE42,9},{0xFE43,0xFE43,31},{0xFE44,0xFE44,9},{0xFE45,0xFE46,21},{0xFE47,0xFE47,31},{0xFE48,0xFE48,9},
  {0xFE49,0xFE4F,21},{0xFE50,0xFE52,9},{0xFE54,0xFE55,29},{0xFE56,0xFE57,15},{0xFE58,0xFE58,21},{0xFE59,0xFE59,31},{0xFE5A,0xFE5A,9},
  {0xFE5B,0xFE5B,31},{0xFE5C,0xFE5C,9},{0xFE5D,0xFE5D,31},{0xFE5E,0xFE5E,9},{0xFE5F,0xFE66,21},{0xFE68,0xFE68,21},{0xFE69,0xFE69,33},
  {0xFE6A,0xFE6A,32},{0xFE6B,0xFE6B,21},{0xFE70,0xFE74,2},{0xFE76,0xFEFC,2},{0xFEFF,0xFEFF,40},{0xFF01,0xFF01,15},{0xFF02,0xFF03,21},
  {0xFF04,0xFF04,33},{0xFF05,0xFF05,32},{0xFF06,0xFF07,21},{0xFF08,0xFF08,31},{0xFF09,0xFF09,9},{0xFF0A,0xFF0B,21},{0xFF0C,0xFF0C,9},
  {0xFF0D,0xFF0D,21},{0xFF0E,0xFF0E,9},{0xFF0F,0xFF19,21},{0xFF1A,0xFF1B,29},{0xFF1C,0xFF1E,21},{0xFF1F,0xFF1F,15},{0xFF20,0xFF3A,21},
  {0xFF3B,0xFF3B,31},{0xFF3C,0xFF3C,21},{0xFF3D,0xFF3D,9},{0xFF3E,0xFF5A,21},{0xFF5B,0xFF5B,31},{0xFF5C,0xFF5C,21},{0xFF5D,0xFF5D,9},
  {0xFF5E,0xFF5E,21},{0xFF5F,0xFF5F,31},{0xFF60,0xFF61,9},{0xFF62,0xFF62,31},{0xFF63,0xFF64,9},{0xFF65,0xFF65,29},{0xFF66,0xFF66,21},
  {0xFF67,0xFF70,8},{0xFF71,0xFF9D,21},{0xFF9E,0xFF9F,29},{0xFFA0,0xFFBE,21},{0xFFC2,0xFFC7,21},{0xFFCA,0xFFCF,21},{0xFFD2,0xFFD7,21},
  {0xFFDA,0xFFDC,21},{0xFFE0,0xFFE0,32},{0xFFE1,0xFFE1,33},{0xFFE2,0xFFE4,21},{0xFFE5,0xFFE6,33},{0xFFE8,0xFFEE,2},{0xFFF9,0xFFFB,10},
  {0xFFFC,0xFFFC,7},{0xFFFD,0xFFFD,1},{0x10000,0x1000B,2},{0x1000D,0x10026,2},{0x10028,0x1003A,2},{0x1003C,0x1003D,2},{0x1003F,0x1004D,2},
  {0x10050,0x1005D,2},{0x10080,0x100FA,2},{0x10100,0x10102,4},{0x10107,0x10133,2},{0x10137,0x1018E,2},{0x10190,0x1019C,2},
  {0x101A0,0x101A0,2},{0x101D0,0x101FC,2},{0x101FD,0x101FD,10},{0x10280,0x1029C,2},{0x102A0,0x102D0,2},{0x102E0,0x102E0,10},
  {0x102E1,0x102FB,2},{0x10300,0x10323,2},{0x1032D,0x1034A,2},{0x10350,0x10375,2},{0x10376,0x1037A,10},{0x10380,0x1039D,2},
  {0x1039F,0x1039F,4},{0x103A0,0x103C3,2},{0x103C8,0x103CF,2},{0x103D0,0x103D0,4},{0x103D1,0x103D5,2},{0x10400,0x1049D,2},
  {0x104A0,0x104A9,30},{0x104B0,0x104D3,2},{0x104D8,0x104FB,2},{0x10500,0x10527,2},{0x10530,0x10563,2},{0x1056F,0x1057A,2},
  {0x1057C,0x1058A,2},{0x1058C,0x10592,2},{0x10594,0x10595,2},{0x10597,0x105A1,2},{0x105A3,0x105B1,2},{0x105B3,0x105B9,2},
  {0x105BB,0x105BC,2},{0x105C0,0x105F3,2},{0x10600,0x10736,2},{0x10740,0x10755,2},{0x10760,0x10767,2},{0x10780,0x10785,2},
  {0x10787,0x107B0,2},{0x107B2,0x107BF,2},{0x10800,0x10805,2},{0x10808,0x10808,2},{0x1080A,0x10835,2},{0x10837,0x10838,2},
  {0x1083C,0x1083C,2},{0x1083F,0x10855,2},{0x10857,0x10857,4},{0x10858,0x1089E,2},{0x108A7,0x108AF,2},{0x108E0,0x108F2,2},
  {0x108F4,0x108F5,2},{0x108FB,0x1091B,2},{0x1091F,0x1091F,4},{0x10920,0x10939,2},{0x1093F,0x10959,2},{0x10980,0x109B7,2},
  {0x109BC,0x109CF,2},{0x109D2,0x10A00,2},{0x10A01,0x10A03,10},{0x10A05,0x10A06,10},{0x10A0C,0x10A0F,10},{0x10A10,0x10A13,2},
  {0x10A15,0x10A17,2},{0x10A19,0x10A35,2},{0x10A38,0x10A3A,10},{0x10A3F,0x10A3F,10},{0x10A40,0x10A48,2},{0x10A50,0x10A57,4},
  {0x10A58,0x10A58,2},{0x10A60,0x10A9F,2},{0x10AC0,0x10AE4,2},{0x10AE5,0x10AE6,10},{0x10AEB,0x10AEF,2},{0x10AF0,0x10AF5,4},
  {0x10AF6,0x10AF6,22},{0x10B00,0x10B35,2},{0x10B39,0x10B3F,4},{0x10B40,0x10B55,2},{0x10B58,0x10B72,2},{0x10B78,0x10B91,2},
  {0x10B99,0x10B9C,2},{0x10BA9,0x10BAF,2},{0x10C00,0x10C48,2},{0x10C80,0x10CB2,2},{0x10CC0,0x10CF2,2},{0x10CFA,0x10D23,2},
  {0x10D24,0x10D27,10},{0x10D30,0x10D39,30},{0x10D40,0x10D49,30},{0x10D4A,0x10D65,2},{0x10D69,0x10D6D,10},{0x10D6E,0x10D6E,48},
  {0x10D6F,0x10D85,2},{0x10D8E,0x10D8F,2},{0x10E60,0x10E7E,2},{0x10E80,0x10EA9,2},{0x10EAB,0x10EAC,10},{0x10EAD,0x10EAD,48},
  {0x10EB0,0x10EB1,2},{0x10EC2,0x10EC7,2},{0x10EC9,0x10ECA,2},{0x10ECB,0x10ECF,10},{0x10ED0,0x10ED0,4},{0x10ED1,0x10EEE,2},
  {0x10EF0,0x10EFF,10},{0x10F00,0x10F27,2},{0x10F30,0x10F45,2},{0x10F46,0x10F50,10},{0x10F51,0x10F59,2},{0x10F70,0x10F81,2},
  {0x10F82,0x10F85,10},{0x10F86,0x10F89,2},{0x10FB0,0x10FCB,2},{0x10FE0,0x10FF6,2},{0x11000,0x11002,10},{0x11003,0x11004,44},
  {0x11005,0x11037,43},{0x11038,0x11045,10},{0x11046,0x11046,47},{0x11047,0x11048,4},{0x11049,0x1104D,21},{0x11052,0x11065,21},
  {0x11066,0x1106F,45},{0x11070,0x11070,10},{0x11071,0x11072,43},{0x11073,0x11074,10},{0x11075,0x11075,43},{0x1107F,0x1107F,16},
  {0x11080,0x11082,10},{0x11083,0x110AF,2},{0x110B0,0x110BA,10},{0x110BB,0x110BC,2},{0x110BD,0x110BD,30},{0x110BE,0x110C1,4},
  {0x110C2,0x110C2,10},{0x110CD,0x110CD,30},{0x110D0,0x110E8,2},{0x110F0,0x110F9,30},{0x11100,0x11102,10},{0x11103,0x11126,2},
  {0x11127,0x11134,10},{0x11136,0x1113F,30},{0x11140,0x11143,4},{0x11144,0x11144,2},{0x11145,0x11146,10},{0x11147,0x11147,2},
  {0x11150,0x11172,2},{0x11173,0x11173,10},{0x11174,0x11174,2},{0x11175,0x11175,5},{0x11176,0x11176,2},{0x11180,0x11182,10},
  {0x11183,0x111B2,2},{0x111B3,0x111C0,10},{0x111C1,0x111C4,2},{0x111C5,0x111C6,4},{0x111C7,0x111C7,2},{0x111C8,0x111C8,4},
  {0x111C9,0x111CC,10},{0x111CD,0x111CD,2},{0x111CE,0x111CF,10},{0x111D0,0x111D9,30},{0x111DA,0x111DA,2},{0x111DB,0x111DB,5},
  {0x111DC,0x111DC,2},{0x111DD,0x111DF,4},{0x111E1,0x111F4,2},{0x11200,0x11211,2},{0x11213,0x1122B,2},{0x1122C,0x11237,10},
  {0x11238,0x11239,4},{0x1123A,0x1123A,2},{0x1123B,0x1123C,4},{0x1123D,0x1123D,2},{0x1123E,0x1123E,10},{0x1123F,0x11240,2},
  {0x11241,0x11241,10},{0x11280,0x11286,2},{0x11288,0x11288,2},{0x1128A,0x1128D,2},{0x1128F,0x1129D,2},{0x1129F,0x112A8,2},
  {0x112A9,0x112A9,4},{0x112B0,0x112DE,2},{0x112DF,0x112EA,10},{0x112F0,0x112F9,30},{0x11300,0x11303,10},{0x11305,0x1130C,43},
  {0x1130F,0x11310,43},{0x11313,0x11328,43},{0x1132A,0x11330,43},{0x11332,0x11333,43},{0x11335,0x11339,43},{0x1133B,0x1133C,10},
  {0x1133D,0x1133D,4},{0x1133E,0x11344,10},{0x11347,0x11348,10},{0x1134B,0x1134C,10},{0x1134D,0x1134D,47},{0x11350,0x11350,45},
  {0x11357,0x11357,10},{0x1135D,0x1135D,4},{0x1135E,0x1135F,45},{0x11360,0x11361,43},{0x11362,0x11363,10},{0x11366,0x1136C,10},
  {0x11370,0x11374,10},{0x11380,0x11389,45},{0x1138B,0x1138B,45},{0x1138E,0x1138E,45},{0x11390,0x11391,45},{0x11392,0x113B5,43},
  {0x113B7,0x113B7,21},{0x113B8,0x113C0,10},{0x113C2,0x113C2,10},{0x113C5,0x113C5,10},{0x113C7,0x113CA,10},{0x113CC,0x113CF,10},
  {0x113D0,0x113D0,47},{0x113D1,0x113D1,44},{0x113D2,0x113D2,10},{0x113D3,0x113D5,21},{0x113D7,0x113D8,21},{0x113E1,0x113E2,10},
  {0x11400,0x11434,2},{0x11435,0x11446,10},{0x11447,0x1144A,2},{0x1144B,0x1144E,4},{0x1144F,0x1144F,2},{0x11450,0x11459,30},
  {0x1145A,0x1145B,4},{0x1145D,0x1145D,2},{0x1145E,0x1145E,10},{0x1145F,0x11461,2},{0x11480,0x114AF,2},{0x114B0,0x114C3,10},
  {0x114C4,0x114C7,2},{0x114D0,0x114D9,30},{0x11580,0x115AE,2},{0x115AF,0x115B5,10},{0x115B8,0x115C0,10},{0x115C1,0x115C1,5},
  {0x115C2,0x115C3,4},{0x115C4,0x115C5,15},{0x115C6,0x115C8,2},{0x115C9,0x115D7,4},{0x115D8,0x115DB,2},{0x115DC,0x115DD,10},
  {0x11600,0x1162F,2},{0x11630,0x11640,10},{0x11641,0x11642,4},{0x11643,0x11644,2},{0x11650,0x11659,30},{0x11660,0x1166C,5},
  {0x11680,0x116AA,2},{0x116AB,0x116B7,10},{0x116B8,0x116B9,2},{0x116C0,0x116C9,30},{0x116D0,0x116E3,30},{0x11700,0x1171A,36},
  {0x1171D,0x1172B,36},{0x11730,0x11739,30},{0x1173A,0x1173B,36},{0x1173C,0x1173E,4},{0x1173F,0x11746,36},{0x11800,0x1182B,2},
  {0x1182C,0x1183A,10},{0x1183B,0x1183B,2},{0x118A0,0x118DF,2},{0x118E0,0x118E9,30},{0x118EA,0x118F2,2},{0x118FF,0x118FF,2},
  {0x11900,0x11906,43},{0x11909,0x11909,43},{0x1190C,0x11913,43},{0x11915,0x11916,43},{0x11918,0x1192F,43},{0x11930,0x11935,10},
  {0x11937,0x11938,10},{0x1193B,0x1193D,10},{0x1193E,0x1193E,47},{0x1193F,0x1193F,44},{0x11940,0x11940,10},{0x11941,0x11941,44},
  {0x11942,0x11943,10},{0x11944,0x11946,4},{0x11950,0x11959,45},{0x119A0,0x119A7,2},{0x119AA,0x119D0,2},{0x119D1,0x119D7,10},
  {0x119DA,0x119E0,10},{0x119E1,0x119E1,2},{0x119E2,0x119E2,5},{0x119E3,0x119E3,2},{0x119E4,0x119E4,10},{0x11A00,0x11A00,2},
  {0x11A01,0x11A0A,10},{0x11A0B,0x11A32,2},{0x11A33,0x11A39,10},{0x11A3A,0x11A3A,2},{0x11A3B,0x11A3E,10},{0x11A3F,0x11A3F,5},
  {0x11A40,0x11A40,2},{0x11A41,0x11A44,4},{0x11A45,0x11A45,5},{0x11A46,0x11A46,2},{0x11A47,0x11A47,10},{0x11A50,0x11A50,2},
  {0x11A51,0x11A5B,10},{0x11A5C,0x11A89,2},{0x11A8A,0x11A99,10},{0x11A9A,0x11A9C,4},{0x11A9D,0x11A9D,2},{0x11A9E,0x11AA0,5},
  {0x11AA1,0x11AA2,4},{0x11AB0,0x11AF8,2},{0x11B00,0x11B09,5},{0x11B0A,0x11B0A,2},{0x11B60,0x11B67,10},{0x11BC0,0x11BE1,2},
  {0x11BF0,0x11BF9,30},{0x11C00,0x11C08,2},{0x11C0A,0x11C2E,2},{0x11C2F,0x11C36,10},{0x11C38,0x11C3F,10},{0x11C40,0x11C40,2},
  {0x11C41,0x11C45,4},{0x11C50,0x11C59,30},{0x11C5A,0x11C6C,2},{0x11C70,0x11C70,5},{0x11C71,0x11C71,15},{0x11C72,0x11C8F,2},
  {0x11C92,0x11CA7,10},{0x11CA9,0x11CB6,10},{0x11D00,0x11D06,2},{0x11D08,0x11D09,2},{0x11D0B,0x11D30,2},{0x11D31,0x11D36,10},
  {0x11D3A,0x11D3A,10},{0x11D3C,0x11D3D,10},{0x11D3F,0x11D45,10},{0x11D46,0x11D46,2},{0x11D47,0x11D47,10},{0x11D50,0x11D59,30},
  {0x11D60,0x11D65,2},{0x11D67,0x11D68,2},{0x11D6A,0x11D89,2},{0x11D8A,0x11D8E,10},{0x11D90,0x11D91,10},{0x11D93,0x11D97,10},
  {0x11D98,0x11D98,2},{0x11DA0,0x11DA9,30},{0x11DB0,0x11DDB,2},{0x11DE0,0x11DE9,30},{0x11DF0,0x11DF0,10},{0x11DF1,0x11DF1,2},
  {0x11EE0,0x11EF1,45},{0x11EF2,0x11EF2,4},{0x11EF3,0x11EF6,10},{0x11EF7,0x11EF8,4},{0x11F00,0x11F01,10},{0x11F02,0x11F02,44},
  {0x11F03,0x11F03,10},{0x11F04,0x11F10,43},{0x11F12,0x11F33,43},{0x11F34,0x11F3A,10},{0x11F3E,0x11F41,10},{0x11F42,0x11F42,47},
  {0x11F43,0x11F44,4},{0x11F45,0x11F4F,21},{0x11F50,0x11F59,45},{0x11F5A,0x11F5A,10},{0x11FB0,0x11FB0,2},{0x11FC0,0x11FDC,2},
  {0x11FDD,0x11FE0,32},{0x11FE1,0x11FF1,2},{0x11FFF,0x11FFF,4},{0x12000,0x12399,2},{0x12400,0x1246F,2},{0x12470,0x12474,4},
  {0x12475,0x12543,2},{0x12550,0x12686,2},{0x12F90,0x12FF2,2},{0x13000,0x13257,2},{0x13258,0x1325A,31},{0x1325B,0x1325D,9},
  {0x1325E,0x13281,2},{0x13282,0x13282,9},{0x13283,0x13285,2},{0x13286,0x13286,31},{0x13287,0x13287,9},{0x13288,0x13288,31},
  {0x13289,0x13289,9},{0x1328A,0x13378,2},{0x13379,0x13379,31},{0x1337A,0x1337B,9},{0x1337C,0x1342E,2},{0x1342F,0x1342F,31},
  {0x13430,0x13436,16},{0x13437,0x13437,31},{0x13438,0x13438,9},{0x13439,0x1343B,16},{0x1343C,0x1343C,31},{0x1343D,0x1343D,9},
  {0x1343E,0x1343E,31},{0x1343F,0x1343F,9},{0x13440,0x13440,10},{0x13441,0x13446,2},{0x13447,0x13455,10},{0x13460,0x143FA,2},
  {0x14400,0x145CD,2},{0x145CE,0x145CE,31},{0x145CF,0x145CF,9},{0x145D0,0x14646,2},{0x16100,0x1611D,45},{0x1611E,0x1612F,10},
  {0x16130,0x16139,45},{0x16800,0x16A38,2},{0x16A40,0x16A5E,2},{0x16A60,0x16A69,30},{0x16A6E,0x16A6F,4},{0x16A70,0x16ABE,2},
  {0x16AC0,0x16AC9,30},{0x16AD0,0x16AED,2},{0x16AF0,0x16AF4,10},{0x16AF5,0x16AF5,4},{0x16B00,0x16B2F,2},{0x16B30,0x16B36,10},
  {0x16B37,0x16B39,4},{0x16B3A,0x16B43,2},{0x16B44,0x16B44,4},{0x16B45,0x16B45,2},{0x16B50,0x16B59,30},{0x16B5B,0x16B61,2},
  {0x16B63,0x16B77,2},{0x16B7D,0x16B8F,2},{0x16D40,0x16D6D,2},{0x16D6E,0x16D6F,4},{0x16D70,0x16D79,30},{0x16E40,0x16E96,2},
  {0x16E97,0x16E98,4},{0x16E99,0x16E9A,2},{0x16EA0,0x16EB8,2},{0x16EBB,0x16ED3,2},{0x16F00,0x16F4A,2},{0x16F4F,0x16F4F,10},
  {0x16F50,0x16F50,2},{0x16F51,0x16F87,10},{0x16F8F,0x16F92,10},{0x16F93,0x16F9F,2},{0x16FE0,0x16FE3,29},{0x16FE4,0x16FE4,16},
  {0x16FF0,0x16FF1,10},{0x16FF2,0x16FF3,29},{0x16FF4,0x16FF6,21},{0x17000,0x18AFF,21},{0x18B00,0x18CDA,2},{0x18CFF,0x18CFF,2},
  {0x18D00,0x18D20,21},{0x18D80,0x18DF2,21},{0x18E00,0x19191,21},{0x191A0,0x191D2,21},{0x1AFF0,0x1AFF3,2},{0x1AFF5,0x1AFFB,2},
  {0x1AFFD,0x1AFFE,2},{0x1B000,0x1B128,21},{0x1B132,0x1B132,8},{0x1B150,0x1B152,8},{0x1B155,0x1B155,8},{0x1B164,0x1B168,8},
  {0x1B170,0x1B2FB,21},{0x1BC00,0x1BC6A,2},{0x1BC70,0x1BC7C,2},{0x1BC80,0x1BC88,2},{0x1BC90,0x1BC99,2},{0x1BC9C,0x1BC9C,2},
  {0x1BC9D,0x1BC9E,10},{0x1BC9F,0x1BC9F,4},{0x1BCA0,0x1BCA3,10},{0x1CC00,0x1CCEF,2},{0x1CCF0,0x1CCF9,30},{0x1CCFA,0x1CCFC,2},
  {0x1CD00,0x1CEB3,2},{0x1CEBA,0x1CED0,2},{0x1CED2,0x1CED4,2},{0x1CEDD,0x1CEFD,2},{0x1CF00,0x1CF2D,10},{0x1CF30,0x1CF46,10},
  {0x1CF50,0x1CFC3,2},{0x1D000,0x1D0F5,2},{0x1D100,0x1D126,2},{0x1D127,0x1D128,10},{0x1D129,0x1D164,2},{0x1D165,0x1D169,10},
  {0x1D16A,0x1D16C,2},{0x1D16D,0x1D182,10},{0x1D183,0x1D184,2},{0x1D185,0x1D18B,10},{0x1D18C,0x1D1A9,2},{0x1D1AA,0x1D1AD,10},
  {0x1D1AE,0x1D241,2},{0x1D242,0x1D244,10},{0x1D245,0x1D245,2},{0x1D250,0x1D252,10},{0x1D253,0x1D25A,2},{0x1D25B,0x1D25C,10},
  {0x1D25D,0x1D25E,2},{0x1D25F,0x1D25F,10},{0x1D260,0x1D27F,2},{0x1D280,0x1D281,10},{0x1D2C0,0x1D2D3,2},{0x1D2E0,0x1D2F3,2},
  {0x1D300,0x1D356,2},{0x1D360,0x1D378,2},{0x1D400,0x1D454,2},{0x1D456,0x1D49C,2},{0x1D49E,0x1D49F,2},{0x1D4A2,0x1D4A2,2},
  {0x1D4A5,0x1D4A6,2},{0x1D4A9,0x1D4AC,2},{0x1D4AE,0x1D4B9,2},{0x1D4BB,0x1D4BB,2},{0x1D4BD,0x1D4C3,2},{0x1D4C5,0x1D505,2},
  {0x1D507,0x1D50A,2},{0x1D50D,0x1D514,2},{0x1D516,0x1D51C,2},{0x1D51E,0x1D539,2},{0x1D53B,0x1D53E,2},{0x1D540,0x1D544,2},
  {0x1D546,0x1D546,2},{0x1D54A,0x1D550,2},{0x1D552,0x1D6A6,2},{0x1D6A8,0x1D7CB,2},{0x1D7CE,0x1D7FF,30},{0x1D800,0x1D9FF,2},
  {0x1DA00,0x1DA36,10},{0x1DA37,0x1DA3A,2},{0x1DA3B,0x1DA6C,10},{0x1DA6D,0x1DA74,2},{0x1DA75,0x1DA75,10},{0x1DA76,0x1DA83,2},
  {0x1DA84,0x1DA84,10},{0x1DA85,0x1DA86,2},{0x1DA87,0x1DA8A,4},{0x1DA8B,0x1DA8B,2},{0x1DA9B,0x1DA9F,10},{0x1DAA1,0x1DAAF,10},
  {0x1DB00,0x1DB1C,2},{0x1DF00,0x1DF81,2},{0x1DF90,0x1DF96,2},{0x1DFCD,0x1DFFF,2},{0x1E000,0x1E006,10},{0x1E008,0x1E018,10},
  {0x1E01B,0x1E021,10},{0x1E023,0x1E024,10},{0x1E026,0x1E02A,10},{0x1E030,0x1E06D,2},{0x1E08F,0x1E08F,10},{0x1E100,0x1E12C,2},
  {0x1E130,0x1E136,10},{0x1E137,0x1E13D,2},{0x1E140,0x1E149,30},{0x1E14E,0x1E14F,2},{0x1E290,0x1E2AD,2},{0x1E2AE,0x1E2AE,10},
  {0x1E2C0,0x1E2EB,2},{0x1E2EC,0x1E2EF,10},{0x1E2F0,0x1E2F9,30},{0x1E2FF,0x1E2FF,33},{0x1E4D0,0x1E4EB,2},{0x1E4EC,0x1E4EF,10},
  {0x1E4F0,0x1E4F9,30},{0x1E5D0,0x1E5ED,2},{0x1E5EE,0x1E5EF,10},{0x1E5F0,0x1E5F0,2},{0x1E5F1,0x1E5FA,30},{0x1E5FF,0x1E5FF,2},
  {0x1E6C0,0x1E6DE,2},{0x1E6E0,0x1E6E2,2},{0x1E6E3,0x1E6E3,10},{0x1E6E4,0x1E6E5,2},{0x1E6E6,0x1E6E6,10},{0x1E6E7,0x1E6ED,2},
  {0x1E6EE,0x1E6EF,10},{0x1E6F0,0x1E6F4,2},{0x1E6F5,0x1E6F5,10},{0x1E6FE,0x1E6FF,2},{0x1E7E0,0x1E7E6,2},{0x1E7E8,0x1E7EB,2},
  {0x1E7ED,0x1E7EE,2},{0x1E7F0,0x1E7FE,2},{0x1E800,0x1E8C4,2},{0x1E8C7,0x1E8CF,2},{0x1E8D0,0x1E8D6,10},{0x1E900,0x1E943,2},
  {0x1E944,0x1E94A,10},{0x1E94B,0x1E94B,2},{0x1E950,0x1E959,30},{0x1E95E,0x1E95F,31},{0x1EC71,0x1ECAB,2},{0x1ECAC,0x1ECAC,32},
  {0x1ECAD,0x1ECAF,2},{0x1ECB0,0x1ECB0,32},{0x1ECB1,0x1ECB4,2},{0x1ED01,0x1ED3D,2},{0x1EE00,0x1EE03,2},{0x1EE05,0x1EE1F,2},
  {0x1EE21,0x1EE22,2},{0x1EE24,0x1EE24,2},{0x1EE27,0x1EE27,2},{0x1EE29,0x1EE32,2},{0x1EE34,0x1EE37,2},{0x1EE39,0x1EE39,2},
  {0x1EE3B,0x1EE3B,2},{0x1EE42,0x1EE42,2},{0x1EE47,0x1EE47,2},{0x1EE49,0x1EE49,2},{0x1EE4B,0x1EE4B,2},{0x1EE4D,0x1EE4F,2},
  {0x1EE51,0x1EE52,2},{0x1EE54,0x1EE54,2},{0x1EE57,0x1EE57,2},{0x1EE59,0x1EE59,2},{0x1EE5B,0x1EE5B,2},{0x1EE5D,0x1EE5D,2},
  {0x1EE5F,0x1EE5F,2},{0x1EE61,0x1EE62,2},{0x1EE64,0x1EE64,2},{0x1EE67,0x1EE6A,2},{0x1EE6C,0x1EE72,2},{0x1EE74,0x1EE77,2},
  {0x1EE79,0x1EE7C,2},{0x1EE7E,0x1EE7E,2},{0x1EE80,0x1EE89,2},{0x1EE8B,0x1EE9B,2},{0x1EEA1,0x1EEA3,2},{0x1EEA5,0x1EEA9,2},
  {0x1EEAB,0x1EEBB,2},{0x1EEF0,0x1EEF1,2},{0x1F000,0x1F0FF,21},{0x1F100,0x1F10C,1},{0x1F10D,0x1F10F,2},{0x1F110,0x1F12D,1},
  {0x1F12E,0x1F12F,2},{0x1F130,0x1F169,1},{0x1F16A,0x1F16F,2},{0x1F170,0x1F1AC,1},{0x1F1AD,0x1F1AD,2},{0x1F1AE,0x1F1E5,21},
  {0x1F1E6,0x1F1FF,35},{0x1F200,0x1F384,21},{0x1F385,0x1F385,13},{0x1F386,0x1F39B,21},{0x1F39C,0x1F39D,2},{0x1F39E,0x1F3B4,21},
  {0x1F3B5,0x1F3B6,2},{0x1F3B7,0x1F3BB,21},{0x1F3BC,0x1F3BC,2},{0x1F3BD,0x1F3C1,21},{0x1F3C2,0x1F3C4,13},{0x1F3C5,0x1F3C6,21},
  {0x1F3C7,0x1F3C7,13},{0x1F3C8,0x1F3C9,21},{0x1F3CA,0x1F3CC,13},{0x1F3CD,0x1F3FA,21},{0x1F3FB,0x1F3FF,14},{0x1F400,0x1F441,21},
  {0x1F442,0x1F443,13},{0x1F444,0x1F445,21},{0x1F446,0x1F450,13},{0x1F451,0x1F465,21},{0x1F466,0x1F478,13},{0x1F479,0x1F47B,21},
  {0x1F47C,0x1F47C,13},{0x1F47D,0x1F480,21},{0x1F481,0x1F483,13},{0x1F484,0x1F484,21},{0x1F485,0x1F487,13},{0x1F488,0x1F48E,21},
  {0x1F48F,0x1F48F,13},{0x1F490,0x1F490,21},{0x1F491,0x1F491,13},{0x1F492,0x1F49F,21},{0x1F4A0,0x1F4A0,2},{0x1F4A1,0x1F4A1,21},
  {0x1F4A2,0x1F4A2,2},{0x1F4A3,0x1F4A3,21},{0x1F4A4,0x1F4A4,2},{0x1F4A5,0x1F4A9,21},{0x1F4AA,0x1F4AA,13},{0x1F4AB,0x1F4AE,21},
  {0x1F4AF,0x1F4AF,2},{0x1F4B0,0x1F4B0,21},{0x1F4B1,0x1F4B2,2},{0x1F4B3,0x1F4FF,21},{0x1F500,0x1F506,2},{0x1F507,0x1F516,21},
  {0x1F517,0x1F524,2},{0x1F525,0x1F531,21},{0x1F532,0x1F549,2},{0x1F54A,0x1F573,21},{0x1F574,0x1F575,13},{0x1F576,0x1F579,21},
  {0x1F57A,0x1F57A,13},{0x1F57B,0x1F58F,21},{0x1F590,0x1F590,13},{0x1F591,0x1F594,21},{0x1F595,0x1F596,13},{0x1F597,0x1F5D3,21},
  {0x1F5D4,0x1F5DB,2},{0x1F5DC,0x1F5F3,21},{0x1F5F4,0x1F5F9,2},{0x1F5FA,0x1F644,21},{0x1F645,0x1F647,13},{0x1F648,0x1F64A,21},
  {0x1F64B,0x1F64F,13},{0x1F650,0x1F675,2},{0x1F676,0x1F678,34},{0x1F679,0x1F67B,29},{0x1F67C,0x1F67F,2},{0x1F680,0x1F6A2,21},
  {0x1F6A3,0x1F6A3,13},{0x1F6A4,0x1F6B3,21},{0x1F6B4,0x1F6B6,13},{0x1F6B7,0x1F6BF,21},{0x1F6C0,0x1F6C0,13},{0x1F6C1,0x1F6CB,21},
  {0x1F6CC,0x1F6CC,13},{0x1F6CD,0x1F6FF,21},{0x1F700,0x1F773,2},{0x1F774,0x1F776,21},{0x1F777,0x1F77A,2},{0x1F77B,0x1F77F,21},
  {0x1F780,0x1F7D4,2},{0x1F7D5,0x1F7DA,21},{0x1F7DB,0x1F7DB,2},{0x1F7DC,0x1F7F0,21},{0x1F7F1,0x1F80B,2},{0x1F810,0x1F847,2},
  {0x1F850,0x1F859,2},{0x1F860,0x1F887,2},{0x1F890,0x1F8AD,2},{0x1F8B0,0x1F8BB,2},{0x1F8C0,0x1F8C1,2},{0x1F8D0,0x1F8D8,2},
  {0x1F900,0x1F90B,2},{0x1F90C,0x1F90C,13},{0x1F90D,0x1F90E,21},{0x1F90F,0x1F90F,13},{0x1F910,0x1F917,21},{0x1F918,0x1F91F,13},
  {0x1F920,0x1F925,21},{0x1F926,0x1F926,13},{0x1F927,0x1F92F,21},{0x1F930,0x1F939,13},{0x1F93A,0x1F93B,21},{0x1F93C,0x1F93E,13},
  {0x1F93F,0x1F976,21},{0x1F977,0x1F977,13},{0x1F978,0x1F9B4,21},{0x1F9B5,0x1F9B6,13},{0x1F9B7,0x1F9B7,21},{0x1F9B8,0x1F9B9,13},
  {0x1F9BA,0x1F9BA,21},{0x1F9BB,0x1F9BB,13},{0x1F9BC,0x1F9CC,21},{0x1F9CD,0x1F9CF,13},{0x1F9D0,0x1F9D0,21},{0x1F9D1,0x1F9DD,13},
  {0x1F9DE,0x1F9FF,21},{0x1FA00,0x1FA57,2},{0x1FA58,0x1FAC2,21},{0x1FAC3,0x1FAC5,13},{0x1FAC6,0x1FAEF,21},{0x1FAF0,0x1FAFA,13},
  {0x1FAFB,0x1FAFF,21},{0x1FB00,0x1FB92,2},{0x1FB94,0x1FBEF,2},{0x1FBF0,0x1FBF9,30},{0x1FBFA,0x1FBFA,2},{0x1FC00,0x1FFFD,21},
  {0x20000,0x2FFFD,21},{0x30000,0x3FFFD,21},{0xE0001,0xE0001,10},{0xE0020,0xE007F,10},{0xE0100,0xE01EF,10},
};

// East_Asian_Width: 0 N, 1 A, 2 F, 3 H, 4 Na, 5 W
const Range kEastAsianWidth[] = {
  {0x20,0x7E,4},{0xA1,0xA1,1},{0xA2,0xA3,4},{0xA4,0xA4,1},{0xA5,0xA6,4},{0xA7,0xA8,1},{0xAA,0xAA,1},{0xAC,0xAC,4},{0xAD,0xAE,1},
  {0xAF,0xAF,4},{0xB0,0xB4,1},{0xB6,0xBA,1},{0xBC,0xBF,1},{0xC6,0xC6,1},{0xD0,0xD0,1},{0xD7,0xD8,1},{0xDE,0xE1,1},{0xE6,0xE6,1},
  {0xE8,0xEA,1},{0xEC,0xED,1},{0xF0,0xF0,1},{0xF2,0xF3,1},{0xF7,0xFA,1},{0xFC,0xFC,1},{0xFE,0xFE,1},{0x101,0x101,1},{0x111,0x111,1},
  {0x113,0x113,1},{0x11B,0x11B,1},{0x126,0x127,1},{0x12B,0x12B,1},{0x131,0x133,1},{0x138,0x138,1},{0x13F,0x142,1},{0x144,0x144,1},
  {0x148,0x14B,1},{0x14D,0x14D,1},{0x152,0x153,1},{0x166,0x167,1},{0x16B,0x16B,1},{0x1CE,0x1CE,1},{0x1D0,0x1D0,1},{0x1D2,0x1D2,1},
  {0x1D4,0x1D4,1},{0x1D6,0x1D6,1},{0x1D8,0x1D8,1},{0x1DA,0x1DA,1},{0x1DC,0x1DC,1},{0x251,0x251,1},{0x261,0x261,1},{0x2C4,0x2C4,1},
  {0x2C7,0x2C7,1},{0x2C9,0x2CB,1},{0x2CD,0x2CD,1},{0x2D0,0x2D0,1},{0x2D8,0x2DB,1},{0x2DD,0x2DD,1},{0x2DF,0x2DF,1},{0x300,0x36F,1},
  {0x391,0x3A1,1},{0x3A3,0x3A9,1},{0x3B1,0x3C1,1},{0x3C3,0x3C9,1},{0x401,0x401,1},{0x410,0x44F,1},{0x451,0x451,1},{0x1100,0x115F,5},
  {0x2010,0x2010,1},{0x2013,0x2016,1},{0x2018,0x2019,1},{0x201C,0x201D,1},{0x2020,0x2022,1},{0x2024,0x2027,1},{0x2030,0x2030,1},
  {0x2032,0x2033,1},{0x2035,0x2035,1},{0x203B,0x203B,1},{0x203E,0x203E,1},{0x2074,0x2074,1},{0x207F,0x207F,1},{0x2081,0x2084,1},
  {0x20A9,0x20A9,3},{0x20AC,0x20AC,1},{0x2103,0x2103,1},{0x2105,0x2105,1},{0x2109,0x2109,1},{0x2113,0x2113,1},{0x2116,0x2116,1},
  {0x2121,0x2122,1},{0x2126,0x2126,1},{0x212B,0x212B,1},{0x2153,0x2154,1},{0x215B,0x215E,1},{0x2160,0x216B,1},{0x2170,0x2179,1},
  {0x2189,0x2189,1},{0x2190,0x2199,1},{0x21B8,0x21B9,1},{0x21D2,0x21D2,1},{0x21D4,0x21D4,1},{0x21E7,0x21E7,1},{0x2200,0x2200,1},
  {0x2202,0x2203,1},{0x2207,0x2208,1},{0x220B,0x220B,1},{0x220F,0x220F,1},{0x2211,0x2211,1},{0x2215,0x2215,1},{0x221A,0x221A,1},
  {0x221D,0x2220,1},{0x2223,0x2223,1},{0x2225,0x2225,1},{0x2227,0x222C,1},{0x222E,0x222E,1},{0x2234,0x2237,1},{0x223C,0x223D,1},
  {0x2248,0x2248,1},{0x224C,0x224C,1},{0x2252,0x2252,1},{0x2260,0x2261,1},{0x2264,0x2267,1},{0x226A,0x226B,1},{0x226E,0x226F,1},
  {0x2282,0x2283,1},{0x2286,0x2287,1},{0x2295,0x2295,1},{0x2299,0x2299,1},{0x22A5,0x22A5,1},{0x22BF,0x22BF,1},{0x2312,0x2312,1},
  {0x231A,0x231B,5},{0x2329,0x232A,5},{0x23E9,0x23EC,5},{0x23F0,0x23F0,5},{0x23F3,0x23F3,5},{0x2460,0x24E9,1},{0x24EB,0x254B,1},
  {0x2550,0x2573,1},{0x2580,0x258F,1},{0x2592,0x2595,1},{0x25A0,0x25A1,1},{0x25A3,0x25A9,1},{0x25B2,0x25B3,1},{0x25B6,0x25B7,1},
  {0x25BC,0x25BD,1},{0x25C0,0x25C1,1},{0x25C6,0x25C8,1},{0x25CB,0x25CB,1},{0x25CE,0x25D1,1},{0x25E2,0x25E5,1},{0x25EF,0x25EF,1},
  {0x25FD,0x25FE,5},{0x2605,0x2606,1},{0x2609,0x2609,1},{0x260E,0x260F,1},{0x2614,0x2615,5},{0x261C,0x261C,1},{0x261E,0x261E,1},
  {0x2630,0x2637,5},{0x2640,0x2640,1},{0x2642,0x2642,1},{0x2648,0x2653,5},{0x2660,0x2661,1},{0x2663,0x2665,1},{0x2667,0x266A,1},
  {0x266C,0x266D,1},{0x266F,0x266F,1},{0x267F,0x267F,5},{0x268A,0x268F,5},{0x2693,0x2693,5},{0x269E,0x269F,1},{0x26A1,0x26A1,5},
  {0x26AA,0x26AB,5},{0x26BD,0x26BE,5},{0x26BF,0x26BF,1},{0x26C4,0x26C5,5},{0x26C6,0x26CD,1},{0x26CE,0x26CE,5},{0x26CF,0x26D3,1},
  {0x26D4,0x26D4,5},{0x26D5,0x26E1,1},{0x26E3,0x26E3,1},{0x26E8,0x26E9,1},{0x26EA,0x26EA,5},{0x26EB,0x26F1,1},{0x26F2,0x26F3,5},
  {0x26F4,0x26F4,1},{0x26F5,0x26F5,5},{0x26F6,0x26F9,1},{0x26FA,0x26FA,5},{0x26FB,0x26FC,1},{0x26FD,0x26FD,5},{0x26FE,0x26FF,1},
  {0x2705,0x2705,5},{0x270A,0x270B,5},{0x2728,0x2728,5},{0x273D,0x273D,1},{0x274C,0x274C,5},{0x274E,0x274E,5},{0x2753,0x2755,5},
  {0x2757,0x2757,5},{0x2776,0x277F,1},{0x2795,0x2797,5},{0x27B0,0x27B0,5},{0x27BF,0x27BF,5},{0x27E6,0x27ED,4},{0x2985,0x2986,4},
  {0x2B1B,0x2B1C,5},{0x2B50,0x2B50,5},{0x2B55,0x2B55,5},{0x2B56,0x2B59,1},{0x2E80,0x2E99,5},{0x2E9B,0x2EF3,5},{0x2F00,0x2FD5,5},
  {0x2FF0,0x2FFF,5},{0x3000,0x3000,2},{0x3001,0x303E,5},{0x3041,0x3096,5},{0x3099,0x30FF,5},{0x3105,0x312F,5},{0x3131,0x318E,5},
  {0x3190,0x31E5,5},{0x31EF,0x321E,5},{0x3220,0x3247,5},{0x3248,0x324F,1},{0x3250,0xA48C,5},{0xA490,0xA4C6,5},{0xA960,0xA97C,5},
  {0xAC00,0xD7A3,5},{0xE000,0xF8FF,1},{0xF900,0xFAFF,5},{0xFE00,0xFE0F,1},{0xFE10,0xFE19,5},{0xFE30,0xFE52,5},{0xFE54,0xFE66,5},
  {0xFE68,0xFE6B,5},{0xFF01,0xFF60,2},{0xFF61,0xFFBE,3},{0xFFC2,0xFFC7,3},{0xFFCA,0xFFCF,3},{0xFFD2,0xFFD7,3},{0xFFDA,0xFFDC,3},
  {0xFFE0,0xFFE6,2},{0xFFE8,0xFFEE,3},{0xFFFD,0xFFFD,1},{0x16FE0,0x16FE4,5},{0x16FF0,0x16FF6,5},{0x17000,0x18CDA,5},{0x18CFF,0x18D20,5},
  {0x18D80,0x18DF2,5},{0x18E00,0x19191,5},{0x191A0,0x191D2,5},{0x1AFF0,0x1AFF3,5},{0x1AFF5,0x1AFFB,5},{0x1AFFD,0x1AFFE,5},
  {0x1B000,0x1B128,5},{0x1B132,0x1B132,5},{0x1B150,0x1B152,5},{0x1B155,0x1B155,5},{0x1B164,0x1B168,5},{0x1B170,0x1B2FB,5},
  {0x1D300,0x1D356,5},{0x1D360,0x1D376,5},{0x1F004,0x1F004,5},{0x1F0CF,0x1F0CF,5},{0x1F100,0x1F10A,1},{0x1F110,0x1F12D,1},
  {0x1F130,0x1F169,1},{0x1F170,0x1F18D,1},{0x1F18E,0x1F18E,5},{0x1F18F,0x1F190,1},{0x1F191,0x1F19A,5},{0x1F19B,0x1F1AC,1},
  {0x1F1AE,0x1F1AE,5},{0x1F200,0x1F202,5},{0x1F210,0x1F23B,5},{0x1F240,0x1F248,5},{0x1F250,0x1F251,5},{0x1F260,0x1F265,5},
  {0x1F300,0x1F320,5},{0x1F32D,0x1F335,5},{0x1F337,0x1F37C,5},{0x1F37E,0x1F393,5},{0x1F3A0,0x1F3CA,5},{0x1F3CF,0x1F3D3,5},
  {0x1F3E0,0x1F3F0,5},{0x1F3F4,0x1F3F4,5},{0x1F3F8,0x1F43E,5},{0x1F440,0x1F440,5},{0x1F442,0x1F4FC,5},{0x1F4FF,0x1F53D,5},
  {0x1F54B,0x1F54E,5},{0x1F550,0x1F567,5},{0x1F57A,0x1F57A,5},{0x1F595,0x1F596,5},{0x1F5A4,0x1F5A4,5},{0x1F5FB,0x1F64F,5},
  {0x1F680,0x1F6C5,5},{0x1F6CC,0x1F6CC,5},{0x1F6D0,0x1F6D2,5},{0x1F6D5,0x1F6D9,5},{0x1F6DC,0x1F6DF,5},{0x1F6EB,0x1F6EC,5},
  {0x1F6F4,0x1F6FC,5},{0x1F7DA,0x1F7DA,5},{0x1F7E0,0x1F7EB,5},{0x1F7F0,0x1F7F0,5},{0x1F90C,0x1F93A,5},{0x1F93C,0x1F945,5},
  {0x1F947,0x1F9FF,5},{0x1FA70,0x1FA7C,5},{0x1FA80,0x1FAC6,5},{0x1FAC8,0x1FAC8,5},{0x1FACC,0x1FADD,5},{0x1FADF,0x1FAEB,5},
  {0x1FAEF,0x1FAFA,5},{0x20000,0x2FFFD,5},{0x30000,0x3FFFD,5},{0xE0100,0xE01EF,1},{0xF0000,0xFFFFD,1},{0x100000,0x10FFFD,1},
};

// Extended_Pictographic
const Range kExtendedPictographic[] = {
  {0xA9,0xA9,1},{0xAE,0xAE,1},{0x203C,0x203C,1},{0x2049,0x2049,1},{0x2122,0x2122,1},{0x2139,0x2139,1},{0x2194,0x2199,1},{0x21A9,0x21AA,1},
  {0x231A,0x231B,1},{0x2328,0x2328,1},{0x23CF,0x23CF,1},{0x23E9,0x23EC,1},{0x23ED,0x23EE,1},{0x23EF,0x23EF,1},{0x23F0,0x23F0,1},
  {0x23F1,0x23F2,1},{0x23F3,0x23F3,1},{0x23F8,0x23FA,1},{0x24C2,0x24C2,1},{0x25AA,0x25AB,1},{0x25B6,0x25B6,1},{0x25C0,0x25C0,1},
  {0x25FB,0x25FE,1},{0x2600,0x2601,1},{0x2602,0x2603,1},{0x2604,0x2604,1},{0x260E,0x260E,1},{0x2611,0x2611,1},{0x2614,0x2615,1},
  {0x2618,0x2618,1},{0x261D,0x261D,1},{0x2620,0x2620,1},{0x2622,0x2623,1},{0x2626,0x2626,1},{0x262A,0x262A,1},{0x262E,0x262E,1},
  {0x262F,0x262F,1},{0x2638,0x2639,1},{0x263A,0x263A,1},{0x2640,0x2640,1},{0x2642,0x2642,1},{0x2648,0x2653,1},{0x265F,0x265F,1},
  {0x2660,0x2660,1},{0x2663,0x2663,1},{0x2665,0x2666,1},{0x2668,0x2668,1},{0x267B,0x267B,1},{0x267E,0x267E,1},{0x267F,0x267F,1},
  {0x2692,0x2692,1},{0x2693,0x2693,1},{0x2694,0x2694,1},{0x2695,0x2695,1},{0x2696,0x2697,1},{0x2699,0x2699,1},{0x269B,0x269C,1},
  {0x26A0,0x26A1,1},{0x26A7,0x26A7,1},{0x26AA,0x26AB,1},{0x26B0,0x26B1,1},{0x26BD,0x26BE,1},{0x26C4,0x26C5,1},{0x26C8,0x26C8,1},
  {0x26CE,0x26CE,1},{0x26CF,0x26CF,1},{0x26D1,0x26D1,1},{0x26D3,0x26D3,1},{0x26D4,0x26D4,1},{0x26E9,0x26E9,1},{0x26EA,0x26EA,1},
  {0x26F0,0x26F1,1},{0x26F2,0x26F3,1},{0x26F4,0x26F4,1},{0x26F5,0x26F5,1},{0x26F7,0x26F9,1},{0x26FA,0x26FA,1},{0x26FD,0x26FD,1},
  {0x2702,0x2702,1},{0x2705,0x2705,1},{0x2708,0x270C,1},{0x270D,0x270D,1},{0x270F,0x270F,1},{0x2712,0x2712,1},{0x2714,0x2714,1},
  {0x2716,0x2716,1},{0x271D,0x271D,1},{0x2721,0x2721,1},{0x2728,0x2728,1},{0x2733,0x2734,1},{0x2744,0x2744,1},{0x2747,0x2747,1},
  {0x274C,0x274C,1},{0x274E,0x274E,1},{0x2753,0x2755,1},{0x2757,0x2757,1},{0x2763,0x2763,1},{0x2764,0x2764,1},{0x2795,0x2797,1},
  {0x27A1,0x27A1,1},{0x27B0,0x27B0,1},{0x27BF,0x27BF,1},{0x2934,0x2935,1},{0x2B05,0x2B07,1},{0x2B1B,0x2B1C,1},{0x2B50,0x2B50,1},
  {0x2B55,0x2B55,1},{0x3030,0x3030,1},{0x303D,0x303D,1},{0x3297,0x3297,1},{0x3299,0x3299,1},{0x1F004,0x1F004,1},{0x1F02C,0x1F02F,1},
  {0x1F094,0x1F09F,1},{0x1F0AF,0x1F0B0,1},{0x1F0C0,0x1F0C0,1},{0x1F0CF,0x1F0CF,1},{0x1F0D0,0x1F0D0,1},{0x1F0F6,0x1F0FF,1},{0x1F170,0x1F171,1},
  {0x1F17E,0x1F17F,1},{0x1F18E,0x1F18E,1},{0x1F191,0x1F19A,1},{0x1F1AF,0x1F1E5,1},{0x1F201,0x1F202,1},{0x1F203,0x1F20F,1},{0x1F21A,0x1F21A,1},
  {0x1F22F,0x1F22F,1},{0x1F232,0x1F23A,1},{0x1F23C,0x1F23F,1},{0x1F249,0x1F24F,1},{0x1F250,0x1F251,1},{0x1F252,0x1F25F,1},{0x1F266,0x1F2FF,1},
  {0x1F300,0x1F30C,1},{0x1F30D,0x1F30E,1},{0x1F30F,0x1F30F,1},{0x1F310,0x1F310,1},{0x1F311,0x1F311,1},{0x1F312,0x1F312,1},{0x1F313,0x1F315,1},
  {0x1F316,0x1F318,1},{0x1F319,0x1F319,1},{0x1F31A,0x1F31A,1},{0x1F31B,0x1F31B,1},{0x1F31C,0x1F31C,1},{0x1F31D,0x1F31E,1},{0x1F31F,0x1F320,1},
  {0x1F321,0x1F321,1},{0x1F324,0x1F32C,1},{0x1F32D,0x1F32F,1},{0x1F330,0x1F331,1},{0x1F332,0x1F333,1},{0x1F334,0x1F335,1},{0x1F336,0x1F336,1},
  {0x1F337,0x1F34A,1},{0x1F34B,0x1F34B,1},{0x1F34C,0x1F34F,1},{0x1F350,0x1F350,1},{0x1F351,0x1F37B,1},{0x1F37C,0x1F37C,1},{0x1F37D,0x1F37D,1},
  {0x1F37E,0x1F37F,1},{0x1F380,0x1F393,1},{0x1F396,0x1F397,1},{0x1F399,0x1F39B,1},{0x1F39E,0x1F39F,1},{0x1F3A0,0x1F3C4,1},{0x1F3C5,0x1F3C5,1},
  {0x1F3C6,0x1F3C6,1},{0x1F3C7,0x1F3C7,1},{0x1F3C8,0x1F3C8,1},{0x1F3C9,0x1F3C9,1},{0x1F3CA,0x1F3CA,1},{0x1F3CB,0x1F3CE,1},{0x1F3CF,0x1F3D3,1},
  {0x1F3D4,0x1F3DF,1},{0x1F3E0,0x1F3E3,1},{0x1F3E4,0x1F3E4,1},{0x1F3E5,0x1F3F0,1},{0x1F3F3,0x1F3F3,1},{0x1F3F4,0x1F3F4,1},{0x1F3F5,0x1F3F5,1},
  {0x1F3F7,0x1F3F7,1},{0x1F3F8,0x1F3FA,1},{0x1F400,0x1F407,1},{0x1F408,0x1F408,1},{0x1F409,0x1F40B,1},{0x1F40C,0x1F40E,1},{0x1F40F,0x1F410,1},
  {0x1F411,0x1F412,1},{0x1F413,0x1F413,1},{0x1F414,0x1F414,1},{0x1F415,0x1F415,1},{0x1F416,0x1F416,1},{0x1F417,0x1F429,1},{0x1F42A,0x1F42A,1},
  {0x1F42B,0x1F43E,1},{0x1F43F,0x1F43F,1},{0x1F440,0x1F440,1},{0x1F441,0x1F441,1},{0x1F442,0x1F464,1},{0x1F465,0x1F465,1},{0x1F466,0x1F46B,1},
  {0x1F46C,0x1F46D,1},{0x1F46E,0x1F4AC,1},{0x1F4AD,0x1F4AD,1},{0x1F4AE,0x1F4B5,1},{0x1F4B6,0x1F4B7,1},{0x1F4B8,0x1F4EB,1},{0x1F4EC,0x1F4ED,1},
  {0x1F4EE,0x1F4EE,1},{0x1F4EF,0x1F4EF,1},{0x1F4F0,0x1F4F4,1},{0x1F4F5,0x1F4F5,1},{0x1F4F6,0x1F4F7,1},{0x1F4F8,0x1F4F8,1},{0x1F4F9,0x1F4FC,1},
  {0x1F4FD,0x1F4FD,1},{0x1F4FF,0x1F502,1},{0x1F503,0x1F503,1},{0x1F504,0x1F507,1},{0x1F508,0x1F508,1},{0x1F509,0x1F509,1},{0x1F50A,0x1F514,1},
  {0x1F515,0x1F515,1},{0x1F516,0x1F52B,1},{0x1F52C,0x1F52D,1},{0x1F52E,0x1F53D,1},{0x1F549,0x1F54A,1},{0x1F54B,0x1F54E,1},{0x1F550,0x1F55B,1},
  {0x1F55C,0x1F567,1},{0x1F56F,0x1F570,1},{0x1F573,0x1F579,1},{0x1F57A,0x1F57A,1},{0x1F587,0x1F587,1},{0x1F58A,0x1F58D,1},{0x1F590,0x1F590,1},
  {0x1F595,0x1F596,1},{0x1F5A4,0x1F5A4,1},{0x1F5A5,0x1F5A5,1},{0x1F5A8,0x1F5A8,1},{0x1F5B1,0x1F5B2,1},{0x1F5BC,0x1F5BC,1},{0x1F5C2,0x1F5C4,1},
  {0x1F5D1,0x1F5D3,1},{0x1F5DC,0x1F5DE,1},{0x1F5E1,0x1F5E1,1},{0x1F5E3,0x1F5E3,1},{0x1F5E8,0x1F5E8,1},{0x1F5EF,0x1F5EF,1},{0x1F5F3,0x1F5F3,1},
  {0x1F5FA,0x1F5FA,1},{0x1F5FB,0x1F5FF,1},{0x1F600,0x1F600,1},{0x1F601,0x1F606,1},{0x1F607,0x1F608,1},{0x1F609,0x1F60D,1},{0x1F60E,0x1F60E,1},
  {0x1F60F,0x1F60F,1},{0x1F610,0x1F610,1},{0x1F611,0x1F611,1},{0x1F612,0x1F614,1},{0x1F615,0x1F615,1},{0x1F616,0x1F616,1},{0x1F617,0x1F617,1},
  {0x1F618,0x1F618,1},{0x1F619,0x1F619,1},{0x1F61A,0x1F61A,1},{0x1F61B,0x1F61B,1},{0x1F61C,0x1F61E,1},{0x1F61F,0x1F61F,1},{0x1F620,0x1F625,1},
  {0x1F626,0x1F627,1},{0x1F628,0x1F62B,1},{0x1F62C,0x1F62C,1},{0x1F62D,0x1F62D,1},{0x1F62E,0x1F62F,1},{0x1F630,0x1F633,1},{0x1F634,0x1F634,1},
  {0x1F635,0x1F635,1},{0x1F636,0x1F636,1},{0x1F637,0x1F640,1},{0x1F641,0x1F644,1},{0x1F645,0x1F64F,1},{0x1F680,0x1F680,1},{0x1F681,0x1F682,1},
  {0x1F683,0x1F685,1},{0x1F686,0x1F686,1},{0x1F687,0x1F687,1},{0x1F688,0x1F688,1},{0x1F689,0x1F689,1},{0x1F68A,0x1F68B,1},{0x1F68C,0x1F68C,1},
  {0x1F68D,0x1F68D,1},{0x1F68E,0x1F68E,1},{0x1F68F,0x1F68F,1},{0x1F690,0x1F690,1},{0x1F691,0x1F693,1},{0x1F694,0x1F694,1},{0x1F695,0x1F695,1},
  {0x1F696,0x1F696,1},{0x1F697,0x1F697,1},{0x1F698,0x1F698,1},{0x1F699,0x1F69A,1},{0x1F69B,0x1F6A1,1},{0x1F6A2,0x1F6A2,1},{0x1F6A3,0x1F6A3,1},
  {0x1F6A4,0x1F6A5,1},{0x1F6A6,0x1F6A6,1},{0x1F6A7,0x1F6AD,1},{0x1F6AE,0x1F6B1,1},{0x1F6B2,0x1F6B2,1},{0x1F6B3,0x1F6B5,1},{0x1F6B6,0x1F6B6,1},
  {0x1F6B7,0x1F6B8,1},{0x1F6B9,0x1F6BE,1},{0x1F6BF,0x1F6BF,1},{0x1F6C0,0x1F6C0,1},{0x1F6C1,0x1F6C5,1},{0x1F6CB,0x1F6CB,1},{0x1F6CC,0x1F6CC,1},
  {0x1F6CD,0x1F6CF,1},{0x1F6D0,0x1F6D0,1},{0x1F6D1,0x1F6D2,1},{0x1F6D5,0x1F6D5,1},{0x1F6D6,0x1F6D7,1},{0x1F6D8,0x1F6D8,1},{0x1F6D9,0x1F6D9,1},
  {0x1F6DA,0x1F6DB,1},{0x1F6DC,0x1F6DC,1},{0x1F6DD,0x1F6DF,1},{0x1F6E0,0x1F6E5,1},{0x1F6E9,0x1F6E9,1},{0x1F6EB,0x1F6EC,1},{0x1F6ED,0x1F6EF,1},
  {0x1F6F0,0x1F6F0,1},{0x1F6F3,0x1F6F3,1},{0x1F6F4,0x1F6F6,1},{0x1F6F7,0x1F6F8,1},{0x1F6F9,0x1F6F9,1},{0x1F6FA,0x1F6FA,1},{0x1F6FB,0x1F6FC,1},
  {0x1F6FD,0x1F6FF,1},{0x1F7DC,0x1F7DF,1},{0x1F7E0,0x1F7EB,1},{0x1F7EC,0x1F7EF,1},{0x1F7F0,0x1F7F0,1},{0x1F80C,0x1F80F,1},{0x1F848,0x1F84F,1},
  {0x1F85A,0x1F85F,1},{0x1F888,0x1F88F,1},{0x1F8AE,0x1F8AF,1},{0x1F8BC,0x1F8BF,1},{0x1F8C2,0x1F8CF,1},{0x1F8D9,0x1F8FF,1},{0x1F90C,0x1F90C,1},
  {0x1F90D,0x1F90F,1},{0x1F910,0x1F918,1},{0x1F919,0x1F91E,1},{0x1F91F,0x1F91F,1},{0x1F920,0x1F927,1},{0x1F928,0x1F92F,1},{0x1F930,0x1F930,1},
  {0x1F931,0x1F932,1},{0x1F933,0x1F93A,1},{0x1F93C,0x1F93E,1},{0x1F93F,0x1F93F,1},{0x1F940,0x1F945,1},{0x1F947,0x1F94B,1},{0x1F94C,0x1F94C,1},
  {0x1F94D,0x1F94F,1},{0x1F950,0x1F95E,1},{0x1F95F,0x1F96B,1},{0x1F96C,0x1F970,1},{0x1F971,0x1F971,1},{0x1F972,0x1F972,1},{0x1F973,0x1F976,1},
  {0x1F977,0x1F978,1},{0x1F979,0x1F979,1},{0x1F97A,0x1F97A,1},{0x1F97B,0x1F97B,1},{0x1F97C,0x1F97F,1},{0x1F980,0x1F984,1},{0x1F985,0x1F991,1},
  {0x1F992,0x1F997,1},{0x1F998,0x1F9A2,1},{0x1F9A3,0x1F9A4,1},{0x1F9A5,0x1F9AA,1},{0x1F9AB,0x1F9AD,1},{0x1F9AE,0x1F9AF,1},{0x1F9B0,0x1F9B9,1},
  {0x1F9BA,0x1F9BF,1},{0x1F9C0,0x1F9C0,1},{0x1F9C1,0x1F9C2,1},{0x1F9C3,0x1F9CA,1},{0x1F9CB,0x1F9CB,1},{0x1F9CC,0x1F9CC,1},{0x1F9CD,0x1F9CF,1},
  {0x1F9D0,0x1F9E6,1},{0x1F9E7,0x1F9FF,1},{0x1FA58,0x1FA5F,1},{0x1FA6E,0x1FA6F,1},{0x1FA70,0x1FA73,1},{0x1FA74,0x1FA74,1},{0x1FA75,0x1FA77,1},
  {0x1FA78,0x1FA7A,1},{0x1FA7B,0x1FA7C,1},{0x1FA7D,0x1FA7F,1},{0x1FA80,0x1FA82,1},{0x1FA83,0x1FA86,1},{0x1FA87,0x1FA88,1},{0x1FA89,0x1FA89,1},
  {0x1FA8A,0x1FA8A,1},{0x1FA8B,0x1FA8D,1},{0x1FA8E,0x1FA8E,1},{0x1FA8F,0x1FA8F,1},{0x1FA90,0x1FA95,1},{0x1FA96,0x1FAA8,1},{0x1FAA9,0x1FAAC,1},
  {0x1FAAD,0x1FAAF,1},{0x1FAB0,0x1FAB6,1},{0x1FAB7,0x1FABA,1},{0x1FABB,0x1FABD,1},{0x1FABE,0x1FABE,1},{0x1FABF,0x1FABF,1},{0x1FAC0,0x1FAC2,1},
  {0x1FAC3,0x1FAC5,1},{0x1FAC6,0x1FAC6,1},{0x1FAC7,0x1FAC7,1},{0x1FAC8,0x1FAC8,1},{0x1FAC9,0x1FACB,1},{0x1FACC,0x1FACC,1},{0x1FACD,0x1FACD,1},
  {0x1FACE,0x1FACF,1},{0x1FAD0,0x1FAD6,1},{0x1FAD7,0x1FAD9,1},{0x1FADA,0x1FADB,1},{0x1FADC,0x1FADC,1},{0x1FADD,0x1FADD,1},{0x1FADE,0x1FADE,1},
  {0x1FADF,0x1FADF,1},{0x1FAE0,0x1FAE7,1},{0x1FAE8,0x1FAE8,1},{0x1FAE9,0x1FAE9,1},{0x1FAEA,0x1FAEA,1},{0x1FAEB,0x1FAEB,1},{0x1FAEC,0x1FAEE,1},
  {0x1FAEF,0x1FAEF,1},{0x1FAF0,0x1FAF6,1},{0x1FAF7,0x1FAF8,1},{0x1FAF9,0x1FAFA,1},{0x1FAFB,0x1FAFF,1},{0x1FC00,0x1FFFD,1},
};

// Grapheme_Cluster_Break: 0 Other, 1 CR, 2 LF, 3 Control, 4 Extend, 5 ZWJ, 6 Regional_Indicator, 7 Prepend, 8 SpacingMark, 9 L, 10 V, 11 T, 12 LV, 13 LVT
const Range kGraphemeBreak[] = {
  {0x0,0x9,3},{0xA,0xA,2},{0xB,0xC,3},{0xD,0xD,1},{0xE,0x1F,3},{0x7F,0x9F,3},{0xAD,0xAD,3},{0x300,0x36F,4},{0x483,0x489,4},{0x591,0x5BD,4},
  {0x5BF,0x5BF,4},{0x5C1,0x5C2,4},{0x5C4,0x5C5,4},{0x5C7,0x5C9,4},{0x600,0x605,7},{0x610,0x61A,4},{0x61C,0x61C,3},{0x64B,0x65F,4},
  {0x670,0x670,4},{0x6D6,0x6DC,4},{0x6DD,0x6DD,7},{0x6DF,0x6E4,4},{0x6E7,0x6E8,4},{0x6EA,0x6ED,4},{0x70F,0x70F,7},{0x711,0x711,4},
  {0x730,0x74A,4},{0x7A6,0x7B0,4},{0x7EB,0x7F3,4},{0x7FD,0x7FD,4},{0x816,0x819,4},{0x81B,0x823,4},{0x825,0x827,4},{0x829,0x82D,4},
  {0x859,0x85B,4},{0x890,0x891,7},{0x897,0x89F,4},{0x8CA,0x8E1,4},{0x8E2,0x8E2,7},{0x8E3,0x902,4},{0x903,0x903,8},{0x93A,0x93A,4},
  {0x93B,0x93B,8},{0x93C,0x93C,4},{0x93E,0x940,8},{0x941,0x948,4},{0x949,0x94C,8},{0x94D,0x94D,4},{0x94E,0x94F,8},{0x951,0x957,4},
  {0x962,0x963,4},{0x981,0x981,4},{0x982,0x983,8},{0x9BC,0x9BC,4},{0x9BE,0x9BE,4},{0x9BF,0x9C0,8},{0x9C1,0x9C4,4},{0x9C7,0x9C8,8},
  {0x9CB,0x9CC,8},{0x9CD,0x9CD,4},{0x9D7,0x9D7,4},{0x9E2,0x9E3,4},{0x9FE,0x9FE,4},{0xA01,0xA02,4},{0xA03,0xA03,8},{0xA3C,0xA3C,4},
  {0xA3E,0xA40,8},{0xA41,0xA42,4},{0xA47,0xA48,4},{0xA4B,0xA4D,4},{0xA51,0xA51,4},{0xA70,0xA71,4},{0xA75,0xA75,4},{0xA81,0xA82,4},
  {0xA83,0xA83,8},{0xABC,0xABC,4},{0xABE,0xAC0,8},{0xAC1,0xAC5,4},{0xAC7,0xAC8,4},{0xAC9,0xAC9,8},{0xACB,0xACC,8},{0xACD,0xACD,4},
  {0xAE2,0xAE3,4},{0xAFA,0xAFF,4},{0xB01,0xB01,4},{0xB02,0xB03,8},{0xB3C,0xB3C,4},{0xB3E,0xB3F,4},{0xB40,0xB40,8},{0xB41,0xB44,4},
  {0xB47,0xB48,8},{0xB4B,0xB4C,8},{0xB4D,0xB4D,4},{0xB53,0xB57,4},{0xB62,0xB63,4},{0xB82,0xB82,4},{0xBBE,0xBBE,4},{0xBBF,0xBBF,8},
  {0xBC0,0xBC0,4},{0xBC1,0xBC2,8},{0xBC6,0xBC8,8},{0xBCA,0xBCC,8},{0xBCD,0xBCD,4},{0xBD7,0xBD7,4},{0xC00,0xC00,4},{0xC01,0xC03,8},
  {0xC04,0xC04,4},{0xC3C,0xC3C,4},{0xC3E,0xC40,4},{0xC41,0xC44,8},{0xC46,0xC48,4},{0xC4A,0xC4D,4},{0xC55,0xC56,4},{0xC62,0xC63,4},
  {0xC81,0xC81,4},{0xC82,0xC83,8},{0xCBC,0xCBC,4},{0xCBE,0xCBE,8},{0xCBF,0xCC0,4},{0xCC1,0xCC1,8},{0xCC2,0xCC2,4},{0xCC3,0xCC4,8},
  {0xCC6,0xCC8,4},{0xCCA,0xCCD,4},{0xCD5,0xCD6,4},{0xCE2,0xCE3,4},{0xCF3,0xCF3,8},{0xD00,0xD01,4},{0xD02,0xD03,8},{0xD3B,0xD3C,4},
  {0xD3E,0xD3E,4},{0xD3F,0xD40,8},{0xD41,0xD44,4},{0xD46,0xD48,8},{0xD4A,0xD4C,8},{0xD4D,0xD4D,4},{0xD4E,0xD4E,7},{0xD57,0xD57,4},
  {0xD62,0xD63,4},{0xD81,0xD81,4},{0xD82,0xD83,8},{0xDCA,0xDCA,4},{0xDCF,0xDCF,4},{0xDD0,0xDD1,8},{0xDD2,0xDD4,4},{0xDD6,0xDD6,4},
  {0xDD8,0xDDE,8},{0xDDF,0xDDF,4},{0xDF2,0xDF3,8},{0xE31,0xE31,4},{0xE33,0xE33,8},{0xE34,0xE3A,4},{0xE47,0xE4E,4},{0xEB1,0xEB1,4},
  {0xEB3,0xEB3,8},{0xEB4,0xEBC,4},{0xEC8,0xECE,4},{0xF18,0xF19,4},{0xF35,0xF35,4},{0xF37,0xF37,4},{0xF39,0xF39,4},{0xF3E,0xF3F,8},
  {0xF71,0xF7E,4},{0xF7F,0xF7F,8},{0xF80,0xF84,4},{0xF86,0xF87,4},{0xF8D,0xF97,4},{0xF99,0xFBC,4},{0xFC6,0xFC6,4},{0x102D,0x1030,4},
  {0x1031,0x1031,8},{0x1032,0x1037,4},{0x1039,0x103A,4},{0x103B,0x103C,8},{0x103D,0x103E,4},{0x1056,0x1057,8},{0x1058,0x1059,4},
  {0x105E,0x1060,4},{0x1071,0x1074,4},{0x1082,0x1082,4},{0x1084,0x1084,8},{0x1085,0x1086,4},{0x108D,0x108D,4},{0x109D,0x109D,4},
  {0x1100,0x115F,9},{0x1160,0x11A7,10},{0x11A8,0x11FF,11},{0x135D,0x135F,4},{0x1712,0x1715,4},{0x1732,0x1734,4},{0x1752,0x1753,4},
  {0x1772,0x1773,4},{0x17B4,0x17B5,4},{0x17B6,0x17B6,8},{0x17B7,0x17BD,4},{0x17BE,0x17C5,8},{0x17C6,0x17C6,4},{0x17C7,0x17C8,8},
  {0x17C9,0x17D3,4},{0x17DD,0x17DD,4},{0x180B,0x180D,4},{0x180E,0x180E,3},{0x180F,0x180F,4},{0x1885,0x1886,4},{0x18A9,0x18A9,4},
  {0x1920,0x1922,4},{0x1923,0x1926,8},{0x1927,0x1928,4},{0x1929,0x192B,8},{0x1930,0x1931,8},{0x1932,0x1932,4},{0x1933,0x1938,8},
  {0x1939,0x193B,4},{0x1A17,0x1A18,4},{0x1A19,0x1A1A,8},{0x1A1B,0x1A1B,4},{0x1A55,0x1A55,8},{0x1A56,0x1A56,4},{0x1A57,0x1A57,8},
  {0x1A58,0x1A5E,4},{0x1A60,0x1A60,4},{0x1A62,0x1A62,4},{0x1A65,0x1A6C,4},{0x1A6D,0x1A72,8},{0x1A73,0x1A7C,4},{0x1A7F,0x1A7F,4},
  {0x1AB0,0x1AF0,4},{0x1B00,0x1B03,4},{0x1B04,0x1B04,8},{0x1B34,0x1B3D,4},{0x1B3E,0x1B41,8},{0x1B42,0x1B44,4},{0x1B6B,0x1B73,4},
  {0x1B80,0x1B81,4},{0x1B82,0x1B82,8},{0x1BA1,0x1BA1,8},{0x1BA2,0x1BA5,4},{0x1BA6,0x1BA7,8},{0x1BA8,0x1BAD,4},{0x1BE6,0x1BE6,4},
  {0x1BE7,0x1BE7,8},{0x1BE8,0x1BE9,4},{0x1BEA,0x1BEC,8},{0x1BED,0x1BED,4},{0x1BEE,0x1BEE,8},{0x1BEF,0x1BF3,4},{0x1C24,0x1C2B,8},
  {0x1C2C,0x1C33,4},{0x1C34,0x1C35,8},{0x1C36,0x1C37,4},{0x1CD0,0x1CD2,4},{0x1CD4,0x1CE0,4},{0x1CE1,0x1CE1,8},{0x1CE2,0x1CE8,4},
  {0x1CED,0x1CED,4},{0x1CF4,0x1CF4,4},{0x1CF7,0x1CF7,8},{0x1CF8,0x1CF9,4},{0x1DC0,0x1DFF,4},{0x200B,0x200B,3},{0x200C,0x200C,4},
  {0x200D,0x200D,5},{0x200E,0x200F,3},{0x2028,0x202E,3},{0x2060,0x206F,3},{0x20D0,0x20F0,4},{0x2CEF,0x2CF1,4},{0x2D7F,0x2D7F,4},
  {0x2DE0,0x2DFF,4},{0x302A,0x302F,4},{0x3099,0x309A,4},{0xA66F,0xA672,4},{0xA674,0xA67D,4},{0xA69E,0xA69F,4},{0xA6F0,0xA6F1,4},
  {0xA802,0xA802,4},{0xA806,0xA806,4},{0xA80B,0xA80B,4},{0xA823,0xA824,8},{0xA825,0xA826,4},{0xA827,0xA827,8},{0xA82C,0xA82C,4},
  {0xA880,0xA881,8},{0xA8B4,0xA8C3,8},{0xA8C4,0xA8C5,4},{0xA8E0,0xA8F1,4},{0xA8FF,0xA8FF,4},{0xA926,0xA92D,4},{0xA947,0xA951,4},
  {0xA952,0xA952,8},{0xA953,0xA953,4},{0xA960,0xA97C,9},{0xA980,0xA982,4},{0xA983,0xA983,8},{0xA9B3,0xA9B3,4},{0xA9B4,0xA9B5,8},
  {0xA9B6,0xA9B9,4},{0xA9BA,0xA9BB,8},{0xA9BC,0xA9BD,4},{0xA9BE,0xA9BF,8},{0xA9C0,0xA9C0,4},{0xA9E5,0xA9E5,4},{0xAA29,0xAA2E,4},
  {0xAA2F,0xAA30,8},{0xAA31,0xAA32,4},{0xAA33,0xAA34,8},{0xAA35,0xAA36,4},{0xAA43,0xAA43,4},{0xAA4C,0xAA4C,4},{0xAA4D,0xAA4D,8},
  {0xAA7C,0xAA7C,4},{0xAAB0,0xAAB0,4},{0xAAB2,0xAAB4,4},{0xAAB7,0xAAB8,4},{0xAABE,0xAABF,4},{0xAAC1,0xAAC1,4},{0xAAEB,0xAAEB,8},
  {0xAAEC,0xAAED,4},{0xAAEE,0xAAEF,8},{0xAAF5,0xAAF5,8},{0xAAF6,0xAAF6,4},{0xABE3,0xABE4,8},{0xABE5,0xABE5,4},{0xABE6,0xABE7,8},
  {0xABE8,0xABE8,4},{0xABE9,0xABEA,8},{0xABEC,0xABEC,8},{0xABED,0xABED,4},{0xAC00,0xAC00,12},{0xAC01,0xAC1B,13},{0xAC1C,0xAC1C,12},
  {0xAC1D,0xAC37,13},{0xAC38,0xAC38,12},{0xAC39,0xAC53,13},{0xAC54,0xAC54,12},{0xAC55,0xAC6F,13},{0xAC70,0xAC70,12},{0xAC71,0xAC8B,13},
  {0xAC8C,0xAC8C,12},{0xAC8D,0xACA7,13},{0xACA8,0xACA8,12},{0xACA9,0xACC3,13},{0xACC4,0xACC4,12},{0xACC5,0xACDF,13},{0xACE0,0xACE0,12},
  {0xACE1,0xACFB,13},{0xACFC,0xACFC,12},{0xACFD,0xAD17,13},{0xAD18,0xAD18,12},{0xAD19,0xAD33,13},{0xAD34,0xAD34,12},{0xAD35,0xAD4F,13},
  {0xAD50,0xAD50,12},{0xAD51,0xAD6B,13},{0xAD6C,0xAD6C,12},{0xAD6D,0xAD87,13},{0xAD88,0xAD88,12},{0xAD89,0xADA3,13},{0xADA4,0xADA4,12},
  {0xADA5,0xADBF,13},{0xADC0,0xADC0,12},{0xADC1,0xADDB,13},{0xADDC,0xADDC,12},{0xADDD,0xADF7,13},{0xADF8,0xADF8,12},{0xADF9,0xAE13,13},
  {0xAE14,0xAE14,12},{0xAE15,0xAE2F,13},{0xAE30,0xAE30,12},{0xAE31,0xAE4B,13},{0xAE4C,0xAE4C,12},{0xAE4D,0xAE67,13},{0xAE68,0xAE68,12},
  {0xAE69,0xAE83,13},{0xAE84,0xAE84,12},{0xAE85,0xAE9F,13},{0xAEA0,0xAEA0,12},{0xAEA1,0xAEBB,13},{0xAEBC,0xAEBC,12},{0xAEBD,0xAED7,13},
  {0xAED8,0xAED8,12},{0xAED9,0xAEF3,13},{0xAEF4,0xAEF4,12},{0xAEF5,0xAF0F,13},{0xAF10,0xAF10,12},{0xAF11,0xAF2B,13},{0xAF2C,0xAF2C,12},
  {0xAF2D,0xAF47,13},{0xAF48,0xAF48,12},{0xAF49,0xAF63,13},{0xAF64,0xAF64,12},{0xAF65,0xAF7F,13},{0xAF80,0xAF80,12},{0xAF81,0xAF9B,13},
  {0xAF9C,0xAF9C,12},{0xAF9D,0xAFB7,13},{0xAFB8,0xAFB8,12},{0xAFB9,0xAFD3,13},{0xAFD4,0xAFD4,12},{0xAFD5,0xAFEF,13},{0xAFF0,0xAFF0,12},
  {0xAFF1,0xB00B,13},{0xB00C,0xB00C,12},{0xB00D,0xB027,13},{0xB028,0xB028,12},{0xB029,0xB043,13},{0xB044,0xB044,12},{0xB045,0xB05F,13},
  {0xB060,0xB060,12},{0xB061,0xB07B,13},{0xB07C,0xB07C,12},{0xB07D,0xB097,13},{0xB098,0xB098,12},{0xB099,0xB0B3,13},{0xB0B4,0xB0B4,12},
  {0xB0B5,0xB0CF,13},{0xB0D0,0xB0D0,12},{0xB0D1,0xB0EB,13},{0xB0EC,0xB0EC,12},{0xB0ED,0xB107,13},{0xB108,0xB108,12},{0xB109,0xB123,13},
  {0xB124,0xB124,12},{0xB125,0xB13F,13},{0xB140,0xB140,12},{0xB141,0xB15B,13},{0xB15C,0xB15C,12},{0xB15D,0xB177,13},{0xB178,0xB178,12},
  {0xB179,0xB193,13},{0xB194,0xB194,12},{0xB195,0xB1AF,13},{0xB1B0,0xB1B0,12},{0xB1B1,0xB1CB,13},{0xB1CC,0xB1CC,12},{0xB1CD,0xB1E7,13},
  {0xB1E8,0xB1E8,12},{0xB1E9,0xB203,13},{0xB204,0xB204,12},{0xB205,0xB21F,13},{0xB220,0xB220,12},{0xB221,0xB23B,13},{0xB23C,0xB23C,12},
  {0xB23D,0xB257,13},{0xB258,0xB258,12},{0xB259,0xB273,13},{0xB274,0xB274,12},{0xB275,0xB28F,13},{0xB290,0xB290,12},{0xB291,0xB2AB,13},
  {0xB2AC,0xB2AC,12},{0xB2AD,0xB2C7,13},{0xB2C8,0xB2C8,12},{0xB2C9,0xB2E3,13},{0xB2E4,0xB2E4,12},{0xB2E5,0xB2FF,13},{0xB300,0xB300,12},
  {0xB301,0xB31B,13},{0xB31C,0xB31C,12},{0xB31D,0xB337,13},{0xB338,0xB338,12},{0xB339,0xB353,13},{0xB354,0xB354,12},{0xB355,0xB36F,13},
  {0xB370,0xB370,12},{0xB371,0xB38B,13},{0xB38C,0xB38C,12},{0xB38D,0xB3A7,13},{0xB3A8,0xB3A8,12},{0xB3A9,0xB3C3,13},{0xB3C4,0xB3C4,12},
  {0xB3C5,0xB3DF,13},{0xB3E0,0xB3E0,12},{0xB3E1,0xB3FB,13},{0xB3FC,0xB3FC,12},{0xB3FD,0xB417,13},{0xB418,0xB418,12},{0xB419,0xB433,13},
  {0xB434,0xB434,12},{0xB435,0xB44F,13},{0xB450,0xB450,12},{0xB451,0xB46B,13},{0xB46C,0xB46C,12},{0xB46D,0xB487,13},{0xB488,0xB488,12},
  {0xB489,0xB4A3,13},{0xB4A4,0xB4A4,12},{0xB4A5,0xB4BF,13},{0xB4C0,0xB4C0,12},{0xB4C1,0xB4DB,13},{0xB4DC,0xB4DC,12},{0xB4DD,0xB4F7,13},
  {0xB4F8,0xB4F8,12},{0xB4F9,0xB513,13},{0xB514,0xB514,12},{0xB515,0xB52F,13},{0xB530,0xB530,12},{0xB531,0xB54B,13},{0xB54C,0xB54C,12},
  {0xB54D,0xB567,13},{0xB568,0xB568,12},{0xB569,0xB583,13},{0xB584,0xB584,12},{0xB585,0xB59F,13},{0xB5A0,0xB5A0,12},{0xB5A1,0xB5BB,13},
  {0xB5BC,0xB5BC,12},{0xB5BD,0xB5D7,13},{0xB5D8,0xB5D8,12},{0xB5D9,0xB5F3,13},{0xB5F4,0xB5F4,12},{0xB5F5,0xB60F,13},{0xB610,0xB610,12},
  {0xB611,0xB62B,13},{0xB62C,0xB62C,12},{0xB62D,0xB647,13},{0xB648,0xB648,12},{0xB649,0xB663,13},{0xB664,0xB664,12},{0xB665,0xB67F,13},
  {0xB680,0xB680,12},{0xB681,0xB69B,13},{0xB69C,0xB69C,12},{0xB69D,0xB6B7,13},{0xB6B8,0xB6B8,12},{0xB6B9,0xB6D3,13},{0xB6D4,0xB6D4,12},
  {0xB6D5,0xB6EF,13},{0xB6F0,0xB6F0,12},{0xB6F1,0xB70B,13},{0xB70C,0xB70C,12},{0xB70D,0xB727,13},{0xB728,0xB728,12},{0xB729,0xB743,13},
  {0xB744,0xB744,12},{0xB745,0xB75F,13},{0xB760,0xB760,12},{0xB761,0xB77B,13},{0xB77C,0xB77C,12},{0xB77D,0xB797,13},{0xB798,0xB798,12},
  {0xB799,0xB7B3,13},{0xB7B4,0xB7B4,12},{0xB7B5,0xB7CF,13},{0xB7D0,0xB7D0,12},{0xB7D1,0xB7EB,13},{0xB7EC,0xB7EC,12},{0xB7ED,0xB807,13},
  {0xB808,0xB808,12},{0xB809,0xB823,13},{0xB824,0xB824,12},{0xB825,0xB83F,13},{0xB840,0xB840,12},{0xB841,0xB85B,13},{0xB85C,0xB85C,12},
  {0xB85D,0xB877,13},{0xB878,0xB878,12},{0xB879,0xB893,13},{0xB894,0xB894,12},{0xB895,0xB8AF,13},{0xB8B0,0xB8B0,12},{0xB8B1,0xB8CB,13},
  {0xB8CC,0xB8CC,12},{0xB8CD,0xB8E7,13},{0xB8E8,0xB8E8,12},{0xB8E9,0xB903,13},{0xB904,0xB904,12},{0xB905,0xB91F,13},{0xB920,0xB920,12},
  {0xB921,0xB93B,13},{0xB93C,0xB93C,12},{0xB93D,0xB957,13},{0xB958,0xB958,12},{0xB959,0xB973,13},{0xB974,0xB974,12},{0xB975,0xB98F,13},
  {0xB990,0xB990,12},{0xB991,0xB9AB,13},{0xB9AC,0xB9AC,12},{0xB9AD,0xB9C7,13},{0xB9C8,0xB9C8,12},{0xB9C9,0xB9E3,13},{0xB9E4,0xB9E4,12},
  {0xB9E5,0xB9FF,13},{0xBA00,0xBA00,12},{0xBA01,0xBA1B,13},{0xBA1C,0xBA1C,12},{0xBA1D,0xBA37,13},{0xBA38,0xBA38,12},{0xBA39,0xBA53,13},
  {0xBA54,0xBA54,12},{0xBA55,0xBA6F,13},{0xBA70,0xBA70,12},{0xBA71,0xBA8B,13},{0xBA8C,0xBA8C,12},{0xBA8D,0xBAA7,13},{0xBAA8,0xBAA8,12},
  {0xBAA9,0xBAC3,13},{0xBAC4,0xBAC4,12},{0xBAC5,0xBADF,13},{0xBAE0,0xBAE0,12},{0xBAE1,0xBAFB,13},{0xBAFC,0xBAFC,12},{0xBAFD,0xBB17,13},
  {0xBB18,0xBB18,12},{0xBB19,0xBB33,13},{0xBB34,0xBB34,12},{0xBB35,0xBB4F,13},{0xBB50,0xBB50,12},{0xBB51,0xBB6B,13},{0xBB6C,0xBB6C,12},
  {0xBB6D,0xBB87,13},{0xBB88,0xBB88,12},{0xBB89,0xBBA3,13},{0xBBA4,0xBBA4,12},{0xBBA5,0xBBBF,13},{0xBBC0,0xBBC0,12},{0xBBC1,0xBBDB,13},
  {0xBBDC,0xBBDC,12},{0xBBDD,0xBBF7,13},{0xBBF8,0xBBF8,12},{0xBBF9,0xBC13,13},{0xBC14,0xBC14,12},{0xBC15,0xBC2F,13},{0xBC30,0xBC30,12},
  {0xBC31,0xBC4B,13},{0xBC4C,0xBC4C,12},{0xBC4D,0xBC67,13},{0xBC68,0xBC68,12},{0xBC69,0xBC83,13},{0xBC84,0xBC84,12},{0xBC85,0xBC9F,13},
  {0xBCA0,0xBCA0,12},{0xBCA1,0xBCBB,13},{0xBCBC,0xBCBC,12},{0xBCBD,0xBCD7,13},{0xBCD8,0xBCD8,12},{0xBCD9,0xBCF3,13},{0xBCF4,0xBCF4,12},
  {0xBCF5,0xBD0F,13},{0xBD10,0xBD10,12},{0xBD11,0xBD2B,13},{0xBD2C,0xBD2C,12},{0xBD2D,0xBD47,13},{0xBD48,0xBD48,12},{0xBD49,0xBD63,13},
  {0xBD64,0xBD64,12},{0xBD65,0xBD7F,13},{0xBD80,0xBD80,12},{0xBD81,0xBD9B,13},{0xBD9C,0xBD9C,12},{0xBD9D,0xBDB7,13},{0xBDB8,0xBDB8,12},
  {0xBDB9,0xBDD3,13},{0xBDD4,0xBDD4,12},{0xBDD5,0xBDEF,13},{0xBDF0,0xBDF0,12},{0xBDF1,0xBE0B,13},{0xBE0C,0xBE0C,12},{0xBE0D,0xBE27,13},
  {0xBE28,0xBE28,12},{0xBE29,0xBE43,13},{0xBE44,0xBE44,12},{0xBE45,0xBE5F,13},{0xBE60,0xBE60,12},{0xBE61,0xBE7B,13},{0xBE7C,0xBE7C,12},
  {0xBE7D,0xBE97,13},{0xBE98,0xBE98,12},{0xBE99,0xBEB3,13},{0xBEB4,0xBEB4,12},{0xBEB5,0xBECF,13},{0xBED0,0xBED0,12},{0xBED1,0xBEEB,13},
  {0xBEEC,0xBEEC,12},{0xBEED,0xBF07,13},{0xBF08,0xBF08,12},{0xBF09,0xBF23,13},{0xBF24,0xBF24,12},{0xBF25,0xBF3F,13},{0xBF40,0xBF40,12},
  {0xBF41,0xBF5B,13},{0xBF5C,0xBF5C,12},{0xBF5D,0xBF77,13},{0xBF78,0xBF78,12},{0xBF79,0xBF93,13},{0xBF94,0xBF94,12},{0xBF95,0xBFAF,13},
  {0xBFB0,0xBFB0,12},{0xBFB1,0xBFCB,13},{0xBFCC,0xBFCC,12},{0xBFCD,0xBFE7,13},{0xBFE8,0xBFE8,12},{0xBFE9,0xC003,13},{0xC004,0xC004,12},
  {0xC005,0xC01F,13},{0xC020,0xC020,12},{0xC021,0xC03B,13},{0xC03C,0xC03C,12},{0xC03D,0xC057,13},{0xC058,0xC058,12},{0xC059,0xC073,13},
  {0xC074,0xC074,12},{0xC075,0xC08F,13},{0xC090,0xC090,12},{0xC091,0xC0AB,13},{0xC0AC,0xC0AC,12},{0xC0AD,0xC0C7,13},{0xC0C8,0xC0C8,12},
  {0xC0C9,0xC0E3,13},{0xC0E4,0xC0E4,12},{0xC0E5,0xC0FF,13},{0xC100,0xC100,12},{0xC101,0xC11B,13},{0xC11C,0xC11C,12},{0xC11D,0xC137,13},
  {0xC138,0xC138,12},{0xC139,0xC153,13},{0xC154,0xC154,12},{0xC155,0xC16F,13},{0xC170,0xC170,12},{0xC171,0xC18B,13},{0xC18C,0xC18C,12},
  {0xC18D,0xC1A7,13},{0xC1A8,0xC1A8,12},{0xC1A9,0xC1C3,13},{0xC1C4,0xC1C4,12},{0xC1C5,0xC1DF,13},{0xC1E0,0xC1E0,12},{0xC1E1,0xC1FB,13},
  {0xC1FC,0xC1FC,12},{0xC1FD,0xC217,13},{0xC218,0xC218,12},{0xC219,0xC233,13},{0xC234,0xC234,12},{0xC235,0xC24F,13},{0xC250,0xC250,12},
  {0xC251,0xC26B,13},{0xC26C,0xC26C,12},{0xC26D,0xC287,13},{0xC288,0xC288,12},{0xC289,0xC2A3,13},{0xC2A4,0xC2A4,12},{0xC2A5,0xC2BF,13},
  {0xC2C0,0xC2C0,12},{0xC2C1,0xC2DB,13},{0xC2DC,0xC2DC,12},{0xC2DD,0xC2F7,13},{0xC2F8,0xC2F8,12},{0xC2F9,0xC313,13},{0xC314,0xC314,12},
  {0xC315,0xC32F,13},{0xC330,0xC330,12},{0xC331,0xC34B,13},{0xC34C,0xC34C,12},{0xC34D,0xC367,13},{0xC368,0xC368,12},{0xC369,0xC383,13},
  {0xC384,0xC384,12},{0xC385,0xC39F,13},{0xC3A0,0xC3A0,12},{0xC3A1,0xC3BB,13},{0xC3BC,0xC3BC,12},{0xC3BD,0xC3D7,13},{0xC3D8,0xC3D8,12},
  {0xC3D9,0xC3F3,13},{0xC3F4,0xC3F4,12},{0xC3F5,0xC40F,13},{0xC410,0xC410,12},{0xC411,0xC42B,13},{0xC42C,0xC42C,12},{0xC42D,0xC447,13},
  {0xC448,0xC448,12},{0xC449,0xC463,13},{0xC464,0xC464,12},{0xC465,0xC47F,13},{0xC480,0xC480,12},{0xC481,0xC49B,13},{0xC49C,0xC49C,12},
  {0xC49D,0xC4B7,13},{0xC4B8,0xC4B8,12},{0xC4B9,0xC4D3,13},{0xC4D4,0xC4D4,12},{0xC4D5,0xC4EF,13},{0xC4F0,0xC4F0,12},{0xC4F1,0xC50B,13},
  {0xC50C,0xC50C,12},{0xC50D,0xC527,13},{0xC528,0xC528,12},{0xC529,0xC543,13},{0xC544,0xC544,12},{0xC545,0xC55F,13},{0xC560,0xC560,12},
  {0xC561,0xC57B,13},{0xC57C,0xC57C,12},{0xC57D,0xC597,13},{0xC598,0xC598,12},{0xC599,0xC5B3,13},{0xC5B4,0xC5B4,12},{0xC5B5,0xC5CF,13},
  {0xC5D0,0xC5D0,12},{0xC5D1,0xC5EB,13},{0xC5EC,0xC5EC,12},{0xC5ED,0xC607,13},{0xC608,0xC608,12},{0xC609,0xC623,13},{0xC624,0xC624,12},
  {0xC625,0xC63F,13},{0xC640,0xC640,12},{0xC641,0xC65B,13},{0xC65C,0xC65C,12},{0xC65D,0xC677,13},{0xC678,0xC678,12},{0xC679,0xC693,13},
  {0xC694,0xC694,12},{0xC695,0xC6AF,13},{0xC6B0,0xC6B0,12},{0xC6B1,0xC6CB,13},{0xC6CC,0xC6CC,12},{0xC6CD,0xC6E7,13},{0xC6E8,0xC6E8,12},
  {0xC6E9,0xC703,13},{0xC704,0xC704,12},{0xC705,0xC71F,13},{0xC720,0xC720,12},{0xC721,0xC73B,13},{0xC73C,0xC73C,12},{0xC73D,0xC757,13},
  {0xC758,0xC758,12},{0xC759,0xC773,13},{0xC774,0xC774,12},{0xC775,0xC78F,13},{0xC790,0xC790,12},{0xC791,0xC7AB,13},{0xC7AC,0xC7AC,12},
  {0xC7AD,0xC7C7,13},{0xC7C8,0xC7C8,12},{0xC7C9,0xC7E3,13},{0xC7E4,0xC7E4,12},{0xC7E5,0xC7FF,13},{0xC800,0xC800,12},{0xC801,0xC81B,13},
  {0xC81C,0xC81C,12},{0xC81D,0xC837,13},{0xC838,0xC838,12},{0xC839,0xC853,13},{0xC854,0xC854,12},{0xC855,0xC86F,13},{0xC870,0xC870,12},
  {0xC871,0xC88B,13},{0xC88C,0xC88C,12},{0xC88D,0xC8A7,13},{0xC8A8,0xC8A8,12},{0xC8A9,0xC8C3,13},{0xC8C4,0xC8C4,12},{0xC8C5,0xC8DF,13},
  {0xC8E0,0xC8E0,12},{0xC8E1,0xC8FB,13},{0xC8FC,0xC8FC,12},{0xC8FD,0xC917,13},{0xC918,0xC918,12},{0xC919,0xC933,13},{0xC934,0xC934,12},
  {0xC935,0xC94F,13},{0xC950,0xC950,12},{0xC951,0xC96B,13},{0xC96C,0xC96C,12},{0xC96D,0xC987,13},{0xC988,0xC988,12},{0xC989,0xC9A3,13},
  {0xC9A4,0xC9A4,12},{0xC9A5,0xC9BF,13},{0xC9C0,0xC9C0,12},{0xC9C1,0xC9DB,13},{0xC9DC,0xC9DC,12},{0xC9DD,0xC9F7,13},{0xC9F8,0xC9F8,12},
  {0xC9F9,0xCA13,13},{0xCA14,0xCA14,12},{0xCA15,0xCA2F,13},{0xCA30,0xCA30,12},{0xCA31,0xCA4B,13},{0xCA4C,0xCA4C,12},{0xCA4D,0xCA67,13},
  {0xCA68,0xCA68,12},{0xCA69,0xCA83,13},{0xCA84,0xCA84,12},{0xCA85,0xCA9F,13},{0xCAA0,0xCAA0,12},{0xCAA1,0xCABB,13},{0xCABC,0xCABC,12},
  {0xCABD,0xCAD7,13},{0xCAD8,0xCAD8,12},{0xCAD9,0xCAF3,13},{0xCAF4,0xCAF4,12},{0xCAF5,0xCB0F,13},{0xCB10,0xCB10,12},{0xCB11,0xCB2B,13},
  {0xCB2C,0xCB2C,12},{0xCB2D,0xCB47,13},{0xCB48,0xCB48,12},{0xCB49,0xCB63,13},{0xCB64,0xCB64,12},{0xCB65,0xCB7F,13},{0xCB80,0xCB80,12},
  {0xCB81,0xCB9B,13},{0xCB9C,0xCB9C,12},{0xCB9D,0xCBB7,13},{0xCBB8,0xCBB8,12},{0xCBB9,0xCBD3,13},{0xCBD4,0xCBD4,12},{0xCBD5,0xCBEF,13},
  {0xCBF0,0xCBF0,12},{0xCBF1,0xCC0B,13},{0xCC0C,0xCC0C,12},{0xCC0D,0xCC27,13},{0xCC28,0xCC28,12},{0xCC29,0xCC43,13},{0xCC44,0xCC44,12},
  {0xCC45,0xCC5F,13},{0xCC60,0xCC60,12},{0xCC61,0xCC7B,13},{0xCC7C,0xCC7C,12},{0xCC7D,0xCC97,13},{0xCC98,0xCC98,12},{0xCC99,0xCCB3,13},
  {0xCCB4,0xCCB4,12},{0xCCB5,0xCCCF,13},{0xCCD0,0xCCD0,12},{0xCCD1,0xCCEB,13},{0xCCEC,0xCCEC,12},{0xCCED,0xCD07,13},{0xCD08,0xCD08,12},
  {0xCD09,0xCD23,13},{0xCD24,0xCD24,12},{0xCD25,0xCD3F,13},{0xCD40,0xCD40,12},{0xCD41,0xCD5B,13},{0xCD5C,0xCD5C,12},{0xCD5D,0xCD77,13},
  {0xCD78,0xCD78,12},{0xCD79,0xCD93,13},{0xCD94,0xCD94,12},{0xCD95,0xCDAF,13},{0xCDB0,0xCDB0,12},{0xCDB1,0xCDCB,13},{0xCDCC,0xCDCC,12},
  {0xCDCD,0xCDE7,13},{0xCDE8,0xCDE8,12},{0xCDE9,0xCE03,13},{0xCE04,0xCE04,12},{0xCE05,0xCE1F,13},{0xCE20,0xCE20,12},{0xCE21,0xCE3B,13},
  {0xCE3C,0xCE3C,12},{0xCE3D,0xCE57,13},{0xCE58,0xCE58,12},{0xCE59,0xCE73,13},{0xCE74,0xCE74,12},{0xCE75,0xCE8F,13},{0xCE90,0xCE90,12},
  {0xCE91,0xCEAB,13},{0xCEAC,0xCEAC,12},{0xCEAD,0xCEC7,13},{0xCEC8,0xCEC8,12},{0xCEC9,0xCEE3,13},{0xCEE4,0xCEE4,12},{0xCEE5,0xCEFF,13},
  {0xCF00,0xCF00,12},{0xCF01,0xCF1B,13},{0xCF1C,0xCF1C,12},{0xCF1D,0xCF37,13},{0xCF38,0xCF38,12},{0xCF39,0xCF53,13},{0xCF54,0xCF54,12},
  {0xCF55,0xCF6F,13},{0xCF70,0xCF70,12},{0xCF71,0xCF8B,13},{0xCF8C,0xCF8C,12},{0xCF8D,0xCFA7,13},{0xCFA8,0xCFA8,12},{0xCFA9,0xCFC3,13},
  {0xCFC4,0xCFC4,12},{0xCFC5,0xCFDF,13},{0xCFE0,0xCFE0,12},{0xCFE1,0xCFFB,13},{0xCFFC,0xCFFC,12},{0xCFFD,0xD017,13},{0xD018,0xD018,12},
  {0xD019,0xD033,13},{0xD034,0xD034,12},{0xD035,0xD04F,13},{0xD050,0xD050,12},{0xD051,0xD06B,13},{0xD06C,0xD06C,12},{0xD06D,0xD087,13},
  {0xD088,0xD088,12},{0xD089,0xD0A3,13},{0xD0A4,0xD0A4,12},{0xD0A5,0xD0BF,13},{0xD0C0,0xD0C0,12},{0xD0C1,0xD0DB,13},{0xD0DC,0xD0DC,12},
  {0xD0DD,0xD0F7,13},{0xD0F8,0xD0F8,12},{0xD0F9,0xD113,13},{0xD114,0xD114,12},{0xD115,0xD12F,13},{0xD130,0xD130,12},{0xD131,0xD14B,13},
  {0xD14C,0xD14C,12},{0xD14D,0xD167,13},{0xD168,0xD168,12},{0xD169,0xD183,13},{0xD184,0xD184,12},{0xD185,0xD19F,13},{0xD1A0,0xD1A0,12},
  {0xD1A1,0xD1BB,13},{0xD1BC,0xD1BC,12},{0xD1BD,0xD1D7,13},{0xD1D8,0xD1D8,12},{0xD1D9,0xD1F3,13},{0xD1F4,0xD1F4,12},{0xD1F5,0xD20F,13},
  {0xD210,0xD210,12},{0xD211,0xD22B,13},{0xD22C,0xD22C,12},{0xD22D,0xD247,13},{0xD248,0xD248,12},{0xD249,0xD263,13},{0xD264,0xD264,12},
  {0xD265,0xD27F,13},{0xD280,0xD280,12},{0xD281,0xD29B,13},{0xD29C,0xD29C,12},{0xD29D,0xD2B7,13},{0xD2B8,0xD2B8,12},{0xD2B9,0xD2D3,13},
  {0xD2D4,0xD2D4,12},{0xD2D5,0xD2EF,13},{0xD2F0,0xD2F0,12},{0xD2F1,0xD30B,13},{0xD30C,0xD30C,12},{0xD30D,0xD327,13},{0xD328,0xD328,12},
  {0xD329,0xD343,13},{0xD344,0xD344,12},{0xD345,0xD35F,13},{0xD360,0xD360,12},{0xD361,0xD37B,13},{0xD37C,0xD37C,12},{0xD37D,0xD397,13},
  {0xD398,0xD398,12},{0xD399,0xD3B3,13},{0xD3B4,0xD3B4,12},{0xD3B5,0xD3CF,13},{0xD3D0,0xD3D0,12},{0xD3D1,0xD3EB,13},{0xD3EC,0xD3EC,12},
  {0xD3ED,0xD407,13},{0xD408,0xD408,12},{0xD409,0xD423,13},{0xD424,0xD424,12},{0xD425,0xD43F,13},{0xD440,0xD440,12},{0xD441,0xD45B,13},
  {0xD45C,0xD45C,12},{0xD45D,0xD477,13},{0xD478,0xD478,12},{0xD479,0xD493,13},{0xD494,0xD494,12},{0xD495,0xD4AF,13},{0xD4B0,0xD4B0,12},
  {0xD4B1,0xD4CB,13},{0xD4CC,0xD4CC,12},{0xD4CD,0xD4E7,13},{0xD4E8,0xD4E8,12},{0xD4E9,0xD503,13},{0xD504,0xD504,12},{0xD505,0xD51F,13},
  {0xD520,0xD520,12},{0xD521,0xD53B,13},{0xD53C,0xD53C,12},{0xD53D,0xD557,13},{0xD558,0xD558,12},{0xD559,0xD573,13},{0xD574,0xD574,12},
  {0xD575,0xD58F,13},{0xD590,0xD590,12},{0xD591,0xD5AB,13},{0xD5AC,0xD5AC,12},{0xD5AD,0xD5C7,13},{0xD5C8,0xD5C8,12},{0xD5C9,0xD5E3,13},
  {0xD5E4,0xD5E4,12},{0xD5E5,0xD5FF,13},{0xD600,0xD600,12},{0xD601,0xD61B,13},{0xD61C,0xD61C,12},{0xD61D,0xD637,13},{0xD638,0xD638,12},
  {0xD639,0xD653,13},{0xD654,0xD654,12},{0xD655,0xD66F,13},{0xD670,0xD670,12},{0xD671,0xD68B,13},{0xD68C,0xD68C,12},{0xD68D,0xD6A7,13},
  {0xD6A8,0xD6A8,12},{0xD6A9,0xD6C3,13},{0xD6C4,0xD6C4,12},{0xD6C5,0xD6DF,13},{0xD6E0,0xD6E0,12},{0xD6E1,0xD6FB,13},{0xD6FC,0xD6FC,12},
  {0xD6FD,0xD717,13},{0xD718,0xD718,12},{0xD719,0xD733,13},{0xD734,0xD734,12},{0xD735,0xD74F,13},{0xD750,0xD750,12},{0xD751,0xD76B,13},
  {0xD76C,0xD76C,12},{0xD76D,0xD787,13},{0xD788,0xD788,12},{0xD789,0xD7A3,13},{0xD7B0,0xD7C6,10},{0xD7CB,0xD7FB,11},{0xFB1E,0xFB1E,4},
  {0xFE00,0xFE0F,4},{0xFE20,0xFE2F,4},{0xFEFF,0xFEFF,3},{0xFF9E,0xFF9F,4},{0xFFF0,0xFFFB,3},{0x101FD,0x101FD,4},{0x102E0,0x102E0,4},
  {0x10376,0x1037A,4},{0x10A01,0x10A03,4},{0x10A05,0x10A06,4},{0x10A0C,0x10A0F,4},{0x10A38,0x10A3A,4},{0x10A3F,0x10A3F,4},
  {0x10AE5,0x10AE6,4},{0x10D24,0x10D27,4},{0x10D69,0x10D6D,4},{0x10EAB,0x10EAC,4},{0x10ECB,0x10ECF,4},{0x10EF0,0x10EFF,4},
  {0x10F46,0x10F50,4},{0x10F82,0x10F85,4},{0x11000,0x11000,8},{0x11001,0x11001,4},{0x11002,0x11002,8},{0x11038,0x11046,4},
  {0x11070,0x11070,4},{0x11073,0x11074,4},{0x1107F,0x11081,4},{0x11082,0x11082,8},{0x110B0,0x110B2,8},{0x110B3,0x110B6,4},
  {0x110B7,0x110B8,8},{0x110B9,0x110BA,4},{0x110BD,0x110BD,7},{0x110C2,0x110C2,4},{0x110CD,0x110CD,7},{0x11100,0x11102,4},
  {0x11127,0x1112B,4},{0x1112C,0x1112C,8},{0x1112D,0x11134,4},{0x11145,0x11146,8},{0x11173,0x11173,4},{0x11180,0x11181,4},
  {0x11182,0x11182,8},{0x111B3,0x111B5,8},{0x111B6,0x111BE,4},{0x111BF,0x111BF,8},{0x111C0,0x111C0,4},{0x111C2,0x111C3,7},
  {0x111C9,0x111CC,4},{0x111CE,0x111CE,8},{0x111CF,0x111CF,4},{0x1122C,0x1122E,8},{0x1122F,0x11231,4},{0x11232,0x11233,8},
  {0x11234,0x11237,4},{0x1123E,0x1123E,4},{0x11241,0x11241,4},{0x112DF,0x112DF,4},{0x112E0,0x112E2,8},{0x112E3,0x112EA,4},
  {0x11300,0x11301,4},{0x11302,0x11303,8},{0x1133B,0x1133C,4},{0x1133E,0x1133E,4},{0x1133F,0x1133F,8},{0x11340,0x11340,4},
  {0x11341,0x11344,8},{0x11347,0x11348,8},{0x1134B,0x1134C,8},{0x1134D,0x1134D,4},{0x11357,0x11357,4},{0x11362,0x11363,8},
  {0x11366,0x1136C,4},{0x11370,0x11374,4},{0x113B8,0x113B8,4},{0x113B9,0x113BA,8},{0x113BB,0x113C0,4},{0x113C2,0x113C2,4},
  {0x113C5,0x113C5,4},{0x113C7,0x113C9,4},{0x113CA,0x113CA,8},{0x113CC,0x113CD,8},{0x113CE,0x113D0,4},{0x113D1,0x113D1,7},
  {0x113D2,0x113D2,4},{0x113E1,0x113E2,4},{0x11435,0x11437,8},{0x11438,0x1143F,4},{0x11440,0x11441,8},{0x11442,0x11444,4},
  {0x11445,0x11445,8},{0x11446,0x11446,4},{0x1145E,0x1145E,4},{0x114B0,0x114B0,4},{0x114B1,0x114B2,8},{0x114B3,0x114B8,4},
  {0x114B9,0x114B9,8},{0x114BA,0x114BA,4},{0x114BB,0x114BC,8},{0x114BD,0x114BD,4},{0x114BE,0x114BE,8},{0x114BF,0x114C0,4},
  {0x114C1,0x114C1,8},{0x114C2,0x114C3,4},{0x115AF,0x115AF,4},{0x115B0,0x115B1,8},{0x115B2,0x115B5,4},{0x115B8,0x115BB,8},
  {0x115BC,0x115BD,4},{0x115BE,0x115BE,8},{0x115BF,0x115C0,4},{0x115DC,0x115DD,4},{0x11630,0x11632,8},{0x11633,0x1163A,4},
  {0x1163B,0x1163C,8},{0x1163D,0x1163D,4},{0x1163E,0x1163E,8},{0x1163F,0x11640,4},{0x116AB,0x116AB,4},{0x116AC,0x116AC,8},
  {0x116AD,0x116AD,4},{0x116AE,0x116AF,8},{0x116B0,0x116B7,4},{0x1171D,0x1171D,4},{0x1171E,0x1171E,8},{0x1171F,0x1171F,4},
  {0x11722,0x11725,4},{0x11726,0x11726,8},{0x11727,0x1172B,4},{0x1182C,0x1182E,8},{0x1182F,0x11837,4},{0x11838,0x11838,8},
  {0x11839,0x1183A,4},{0x11930,0x11930,4},{0x11931,0x11935,8},{0x11937,0x11938,8},{0x1193B,0x1193E,4},{0x1193F,0x1193F,7},
  {0x11940,0x11940,8},{0x11941,0x11941,7},{0x11942,0x11942,8},{0x11943,0x11943,4},{0x119D1,0x119D3,8},{0x119D4,0x119D7,4},
  {0x119DA,0x119DB,4},{0x119DC,0x119DF,8},{0x119E0,0x119E0,4},{0x119E4,0x119E4,8},{0x11A01,0x11A0A,4},{0x11A33,0x11A38,4},
  {0x11A39,0x11A39,8},{0x11A3B,0x11A3E,4},{0x11A47,0x11A47,4},{0x11A51,0x11A56,4},{0x11A57,0x11A58,8},{0x11A59,0x11A5B,4},
  {0x11A84,0x11A89,7},{0x11A8A,0x11A96,4},{0x11A97,0x11A97,8},{0x11A98,0x11A99,4},{0x11B60,0x11B60,4},{0x11B61,0x11B61,8},
  {0x11B62,0x11B64,4},{0x11B65,0x11B65,8},{0x11B66,0x11B66,4},{0x11B67,0x11B67,8},{0x11C2F,0x11C2F,8},{0x11C30,0x11C36,4},
  {0x11C38,0x11C3D,4},{0x11C3E,0x11C3E,8},{0x11C3F,0x11C3F,4},{0x11C92,0x11CA7,4},{0x11CA9,0x11CA9,8},{0x11CAA,0x11CB0,4},
  {0x11CB1,0x11CB1,8},{0x11CB2,0x11CB3,4},{0x11CB4,0x11CB4,8},{0x11CB5,0x11CB6,4},{0x11D31,0x11D36,4},{0x11D3A,0x11D3A,4},
  {0x11D3C,0x11D3D,4},{0x11D3F,0x11D45,4},{0x11D46,0x11D46,7},{0x11D47,0x11D47,4},{0x11D8A,0x11D8E,8},{0x11D90,0x11D91,4},
  {0x11D93,0x11D94,8},{0x11D95,0x11D95,4},{0x11D96,0x11D96,8},{0x11D97,0x11D97,4},{0x11DF0,0x11DF0,4},{0x11EF3,0x11EF4,4},
  {0x11EF5,0x11EF6,8},{0x11F00,0x11F01,4},{0x11F02,0x11F02,7},{0x11F03,0x11F03,8},{0x11F34,0x11F35,8},{0x11F36,0x11F3A,4},
  {0x11F3E,0x11F3F,8},{0x11F40,0x11F42,4},{0x11F5A,0x11F5A,4},{0x13430,0x1343F,3},{0x13440,0x13440,4},{0x13447,0x13455,4},
  {0x1611E,0x16129,4},{0x1612A,0x1612C,8},{0x1612D,0x1612F,4},{0x16AF0,0x16AF4,4},{0x16B30,0x16B36,4},{0x16D63,0x16D63,10},
  {0x16D67,0x16D6A,10},{0x16F4F,0x16F4F,4},{0x16F51,0x16F87,8},{0x16F8F,0x16F92,4},{0x16FE4,0x16FE4,4},{0x16FF0,0x16FF1,4},
  {0x1BC9D,0x1BC9E,4},{0x1BCA0,0x1BCA3,3},{0x1CF00,0x1CF2D,4},{0x1CF30,0x1CF46,4},{0x1D127,0x1D128,4},{0x1D165,0x1D169,4},
  {0x1D16D,0x1D172,4},{0x1D173,0x1D17A,3},{0x1D17B,0x1D182,4},{0x1D185,0x1D18B,4},{0x1D1AA,0x1D1AD,4},{0x1D242,0x1D244,4},
  {0x1D250,0x1D252,4},{0x1D25B,0x1D25C,4},{0x1D25F,0x1D25F,4},{0x1D280,0x1D281,4},{0x1DA00,0x1DA36,4},{0x1DA3B,0x1DA6C,4},
  {0x1DA75,0x1DA75,4},{0x1DA84,0x1DA84,4},{0x1DA9B,0x1DA9F,4},{0x1DAA1,0x1DAAF,4},{0x1E000,0x1E006,4},{0x1E008,0x1E018,4},
  {0x1E01B,0x1E021,4},{0x1E023,0x1E024,4},{0x1E026,0x1E02A,4},{0x1E08F,0x1E08F,4},{0x1E130,0x1E136,4},{0x1E2AE,0x1E2AE,4},
  {0x1E2EC,0x1E2EF,4},{0x1E4EC,0x1E4EF,4},{0x1E5EE,0x1E5EF,4},{0x1E6E3,0x1E6E3,4},{0x1E6E6,0x1E6E6,4},{0x1E6EE,0x1E6EF,4},
  {0x1E6F5,0x1E6F5,4},{0x1E8D0,0x1E8D6,4},{0x1E944,0x1E94A,4},{0x1F1E6,0x1F1FF,6},{0x1F3FB,0x1F3FF,4},{0xE0000,0xE001F,3},
  {0xE0020,0xE007F,4},{0xE0080,0xE00FF,3},{0xE0100,0xE01EF,4},{0xE01F0,0xE0FFF,3},
};

// Indic_Conjunct_Break: 0 None, 1 Linker, 2 Consonant, 3 Extend
const Range kIndicConjunctBreak[] = {
  {0x300,0x36F,3},{0x483,0x487,3},{0x488,0x489,3},{0x591,0x5BD,3},{0x5BF,0x5BF,3},{0x5C1,0x5C2,3},{0x5C4,0x5C5,3},{0x5C7,0x5C9,3},
  {0x610,0x61A,3},{0x64B,0x65F,3},{0x670,0x670,3},{0x6D6,0x6DC,3},{0x6DF,0x6E4,3},{0x6E7,0x6E8,3},{0x6EA,0x6ED,3},{0x711,0x711,3},
  {0x730,0x74A,3},{0x7A6,0x7B0,3},{0x7EB,0x7F3,3},{0x7FD,0x7FD,3},{0x816,0x819,3},{0x81B,0x823,3},{0x825,0x827,3},{0x829,0x82D,3},
  {0x859,0x85B,3},{0x897,0x89F,3},{0x8CA,0x8E1,3},{0x8E3,0x902,3},{0x915,0x939,2},{0x93A,0x93A,3},{0x93C,0x93C,3},{0x941,0x948,3},
  {0x94D,0x94D,1},{0x951,0x957,3},{0x958,0x95F,2},{0x962,0x963,3},{0x978,0x97F,2},{0x981,0x981,3},{0x995,0x9A8,2},{0x9AA,0x9B0,2},
  {0x9B2,0x9B2,2},{0x9B6,0x9B9,2},{0x9BC,0x9BC,3},{0x9BE,0x9BE,3},{0x9C1,0x9C4,3},{0x9CD,0x9CD,1},{0x9D7,0x9D7,3},{0x9DC,0x9DD,2},
  {0x9DF,0x9DF,2},{0x9E2,0x9E3,3},{0x9F0,0x9F1,2},{0x9FE,0x9FE,3},{0xA01,0xA02,3},{0xA3C,0xA3C,3},{0xA41,0xA42,3},{0xA47,0xA48,3},
  {0xA4B,0xA4D,3},{0xA51,0xA51,3},{0xA70,0xA71,3},{0xA75,0xA75,3},{0xA81,0xA82,3},{0xA95,0xAA8,2},{0xAAA,0xAB0,2},{0xAB2,0xAB3,2},
  {0xAB5,0xAB9,2},{0xABC,0xABC,3},{0xAC1,0xAC5,3},{0xAC7,0xAC8,3},{0xACD,0xACD,1},{0xAE2,0xAE3,3},{0xAF9,0xAF9,2},{0xAFA,0xAFF,3},
  {0xB01,0xB01,3},{0xB15,0xB28,2},{0xB2A,0xB30,2},{0xB32,0xB33,2},{0xB35,0xB39,2},{0xB3C,0xB3C,3},{0xB3E,0xB3E,3},{0xB3F,0xB3F,3},
  {0xB41,0xB44,3},{0xB4D,0xB4D,1},{0xB53,0xB56,3},{0xB57,0xB57,3},{0xB5C,0xB5D,2},{0xB5F,0xB5F,2},{0xB62,0xB63,3},{0xB71,0xB71,2},
  {0xB82,0xB82,3},{0xBBE,0xBBE,3},{0xBC0,0xBC0,3},{0xBCD,0xBCD,3},{0xBD7,0xBD7,3},{0xC00,0xC00,3},{0xC04,0xC04,3},{0xC15,0xC28,2},
  {0xC2A,0xC39,2},{0xC3C,0xC3C,3},{0xC3E,0xC40,3},{0xC46,0xC48,3},{0xC4A,0xC4C,3},{0xC4D,0xC4D,1},{0xC55,0xC56,3},{0xC58,0xC5A,2},
  {0xC62,0xC63,3},{0xC81,0xC81,3},{0xCBC,0xCBC,3},{0xCBF,0xCBF,3},{0xCC0,0xCC0,3},{0xCC2,0xCC2,3},{0xCC6,0xCC6,3},{0xCC7,0xCC8,3},
  {0xCCA,0xCCB,3},{0xCCC,0xCCD,3},{0xCD5,0xCD6,3},{0xCE2,0xCE3,3},{0xD00,0xD01,3},{0xD15,0xD3A,2},{0xD3B,0xD3C,3},{0xD3E,0xD3E,3},
  {0xD41,0xD44,3},{0xD4D,0xD4D,1},{0xD57,0xD57,3},{0xD62,0xD63,3},{0xD81,0xD81,3},{0xDCA,0xDCA,3},{0xDCF,0xDCF,3},{0xDD2,0xDD4,3},
  {0xDD6,0xDD6,3},{0xDDF,0xDDF,3},{0xE31,0xE31,3},{0xE34,0xE3A,3},{0xE47,0xE4E,3},{0xEB1,0xEB1,3},{0xEB4,0xEBC,3},{0xEC8,0xECE,3},
  {0xF18,0xF19,3},{0xF35,0xF35,3},{0xF37,0xF37,3},{0xF39,0xF39,3},{0xF71,0xF7E,3},{0xF80,0xF84,3},{0xF86,0xF87,3},{0xF8D,0xF97,3},
  {0xF99,0xFBC,3},{0xFC6,0xFC6,3},{0x1000,0x102A,2},{0x102D,0x1030,3},{0x1032,0x1037,3},{0x1039,0x1039,1},{0x103A,0x103A,3},
  {0x103D,0x103E,3},{0x103F,0x103F,2},{0x1050,0x1055,2},{0x1058,0x1059,3},{0x105A,0x105D,2},{0x105E,0x1060,3},{0x1061,0x1061,2},
  {0x1065,0x1066,2},{0x106E,0x1070,2},{0x1071,0x1074,3},{0x1075,0x1081,2},{0x1082,0x1082,3},{0x1085,0x1086,3},{0x108D,0x108D,3},
  {0x108E,0x108E,2},{0x109D,0x109D,3},{0x135D,0x135F,3},{0x1712,0x1714,3},{0x1715,0x1715,3},{0x1732,0x1733,3},{0x1734,0x1734,3},
  {0x1752,0x1753,3},{0x1772,0x1773,3},{0x1780,0x17B3,2},{0x17B4,0x17B5,3},{0x17B7,0x17BD,3},{0x17C6,0x17C6,3},{0x17C9,0x17D1,3},
  {0x17D2,0x17D2,1},{0x17D3,0x17D3,3},{0x17DD,0x17DD,3},{0x180B,0x180D,3},{0x180F,0x180F,3},{0x1885,0x1886,3},{0x18A9,0x18A9,3},
  {0x1920,0x1922,3},{0x1927,0x1928,3},{0x1932,0x1932,3},{0x1939,0x193B,3},{0x1A17,0x1A18,3},{0x1A1B,0x1A1B,3},{0x1A20,0x1A54,2},
  {0x1A56,0x1A56,3},{0x1A58,0x1A5E,3},{0x1A60,0x1A60,1},{0x1A62,0x1A62,3},{0x1A65,0x1A6C,3},{0x1A73,0x1A7C,3},{0x1A7F,0x1A7F,3},
  {0x1AB0,0x1ABD,3},{0x1ABE,0x1ABE,3},{0x1ABF,0x1AF0,3},{0x1B00,0x1B03,3},{0x1B0B,0x1B0C,2},{0x1B13,0x1B33,2},{0x1B34,0x1B34,3},
  {0x1B35,0x1B35,3},{0x1B36,0x1B3A,3},{0x1B3B,0x1B3B,3},{0x1B3C,0x1B3C,3},{0x1B3D,0x1B3D,3},{0x1B42,0x1B42,3},{0x1B43,0x1B43,3},
  {0x1B44,0x1B44,1},{0x1B45,0x1B4C,2},{0x1B6B,0x1B73,3},{0x1B80,0x1B81,3},{0x1B83,0x1BA0,2},{0x1BA2,0x1BA5,3},{0x1BA8,0x1BA9,3},
  {0x1BAA,0x1BAA,3},{0x1BAB,0x1BAB,1},{0x1BAC,0x1BAD,3},{0x1BAE,0x1BAF,2},{0x1BBB,0x1BBD,2},{0x1BE6,0x1BE6,3},{0x1BE8,0x1BE9,3},
  {0x1BED,0x1BED,3},{0x1BEF,0x1BF1,3},{0x1BF2,0x1BF3,3},{0x1C2C,0x1C33,3},{0x1C36,0x1C37,3},{0x1CD0,0x1CD2,3},{0x1CD4,0x1CE0,3},
  {0x1CE2,0x1CE8,3},{0x1CED,0x1CED,3},{0x1CF4,0x1CF4,3},{0x1CF5,0x1CF6,1},{0x1CF8,0x1CF9,3},{0x1DC0,0x1DFF,3},{0x200D,0x200D,3},
  {0x20D0,0x20DC,3},{0x20DD,0x20E0,3},{0x20E1,0x20E1,3},{0x20E2,0x20E4,3},{0x20E5,0x20F0,3},{0x2CEF,0x2CF1,3},{0x2D7F,0x2D7F,3},
  {0x2DE0,0x2DFF,3},{0x302A,0x302D,3},{0x302E,0x302F,3},{0x3099,0x309A,3},{0xA66F,0xA66F,3},{0xA670,0xA672,3},{0xA674,0xA67D,3},
  {0xA69E,0xA69F,3},{0xA6F0,0xA6F1,3},{0xA802,0xA802,3},{0xA806,0xA806,3},{0xA80B,0xA80B,3},{0xA825,0xA826,3},{0xA82C,0xA82C,3},
  {0xA8C4,0xA8C5,3},{0xA8E0,0xA8F1,3},{0xA8FF,0xA8FF,3},{0xA926,0xA92D,3},{0xA947,0xA951,3},{0xA953,0xA953,3},{0xA980,0xA982,3},
  {0xA989,0xA98B,2},{0xA98F,0xA9B2,2},{0xA9B3,0xA9B3,3},{0xA9B6,0xA9B9,3},{0xA9BC,0xA9BD,3},{0xA9C0,0xA9C0,1},{0xA9E0,0xA9E4,2},
  {0xA9E5,0xA9E5,3},{0xA9E7,0xA9EF,2},{0xA9FA,0xA9FE,2},{0xAA29,0xAA2E,3},{0xAA31,0xAA32,3},{0xAA35,0xAA36,3},{0xAA43,0xAA43,3},
  {0xAA4C,0xAA4C,3},{0xAA60,0xAA6F,2},{0xAA71,0xAA73,2},{0xAA7A,0xAA7A,2},{0xAA7C,0xAA7C,3},{0xAA7E,0xAA7F,2},{0xAAB0,0xAAB0,3},
  {0xAAB2,0xAAB4,3},{0xAAB7,0xAAB8,3},{0xAABE,0xAABF,3},{0xAAC1,0xAAC1,3},{0xAAE0,0xAAEA,2},{0xAAEC,0xAAED,3},{0xAAF6,0xAAF6,1},
  {0xABC0,0xABDA,2},{0xABE5,0xABE5,3},{0xABE8,0xABE8,3},{0xABED,0xABED,3},{0xFB1E,0xFB1E,3},{0xFE00,0xFE0F,3},{0xFE20,0xFE2F,3},
  {0xFF9E,0xFF9F,3},{0x101FD,0x101FD,3},{0x102E0,0x102E0,3},{0x10376,0x1037A,3},{0x10A00,0x10A00,2},{0x10A01,0x10A03,3},{0x10A05,0x10A06,3},
  {0x10A0C,0x10A0F,3},{0x10A10,0x10A13,2},{0x10A15,0x10A17,2},{0x10A19,0x10A35,2},{0x10A38,0x10A3A,3},{0x10A3F,0x10A3F,1},
  {0x10AE5,0x10AE6,3},{0x10D24,0x10D27,3},{0x10D69,0x10D6D,3},{0x10EAB,0x10EAC,3},{0x10ECB,0x10ECF,3},{0x10EF0,0x10EFF,3},
  {0x10F46,0x10F50,3},{0x10F82,0x10F85,3},{0x11001,0x11001,3},{0x11038,0x11046,3},{0x11070,0x11070,3},{0x11073,0x11074,3},
  {0x1107F,0x11081,3},{0x110B3,0x110B6,3},{0x110B9,0x110BA,3},{0x110C2,0x110C2,3},{0x11100,0x11102,3},{0x11103,0x11126,2},
  {0x11127,0x1112B,3},{0x1112D,0x11132,3},{0x11133,0x11133,1},{0x11134,0x11134,3},{0x11144,0x11144,2},{0x11147,0x11147,2},
  {0x11173,0x11173,3},{0x11180,0x11181,3},{0x111B6,0x111BE,3},{0x111C0,0x111C0,3},{0x111C9,0x111CC,3},{0x111CF,0x111CF,3},
  {0x1122F,0x11231,3},{0x11234,0x11234,3},{0x11235,0x11235,3},{0x11236,0x11237,3},{0x1123E,0x1123E,3},{0x11241,0x11241,3},
  {0x112DF,0x112DF,3},{0x112E3,0x112EA,3},{0x11300,0x11301,3},{0x1133B,0x1133C,3},{0x1133E,0x1133E,3},{0x11340,0x11340,3},
  {0x1134D,0x1134D,3},{0x11357,0x11357,3},{0x11366,0x1136C,3},{0x11370,0x11374,3},{0x11380,0x11389,2},{0x1138B,0x1138B,2},
  {0x1138E,0x1138E,2},{0x11390,0x113B5,2},{0x113B8,0x113B8,3},{0x113BB,0x113C0,3},{0x113C2,0x113C2,3},{0x113C5,0x113C5,3},
  {0x113C7,0x113C9,3},{0x113CE,0x113CE,3},{0x113CF,0x113CF,3},{0x113D0,0x113D0,1},{0x113D2,0x113D2,3},{0x113E1,0x113E2,3},
  {0x11438,0x1143F,3},{0x11442,0x11444,3},{0x11446,0x11446,3},{0x1145E,0x1145E,3},{0x114B0,0x114B0,3},{0x114B3,0x114B8,3},
  {0x114BA,0x114BA,3},{0x114BD,0x114BD,3},{0x114BF,0x114C0,3},{0x114C2,0x114C3,3},{0x115AF,0x115AF,3},{0x115B2,0x115B5,3},
  {0x115BC,0x115BD,3},{0x115BF,0x115C0,3},{0x115DC,0x115DD,3},{0x11633,0x1163A,3},{0x1163D,0x1163D,3},{0x1163F,0x11640,3},
  {0x116AB,0x116AB,3},{0x116AD,0x116AD,3},{0x116B0,0x116B5,3},{0x116B6,0x116B6,3},{0x116B7,0x116B7,3},{0x1171D,0x1171D,3},
  {0x1171F,0x1171F,3},{0x11722,0x11725,3},{0x11727,0x1172B,3},{0x1182F,0x11837,3},{0x11839,0x1183A,3},{0x11900,0x11906,2},
  {0x11909,0x11909,2},{0x1190C,0x11913,2},{0x11915,0x11916,2},{0x11918,0x1192F,2},{0x11930,0x11930,3},{0x1193B,0x1193C,3},
  {0x1193D,0x1193D,3},{0x1193E,0x1193E,1},{0x11943,0x11943,3},{0x119D4,0x119D7,3},{0x119DA,0x119DB,3},{0x119E0,0x119E0,3},
  {0x11A00,0x11A00,2},{0x11A01,0x11A0A,3},{0x11A0B,0x11A32,2},{0x11A33,0x11A38,3},{0x11A3A,0x11A3A,1},{0x11A3B,0x11A3E,3},
  {0x11A47,0x11A47,1},{0x11A50,0x11A50,2},{0x11A51,0x11A56,3},{0x11A59,0x11A5B,3},{0x11A5C,0x11A83,2},{0x11A8A,0x11A96,3},
  {0x11A98,0x11A98,3},{0x11A99,0x11A99,1},{0x11B0A,0x11B0A,2},{0x11B60,0x11B60,3},{0x11B62,0x11B64,3},{0x11B66,0x11B66,3},
  {0x11C30,0x11C36,3},{0x11C38,0x11C3D,3},{0x11C3F,0x11C3F,3},{0x11C92,0x11CA7,3},{0x11CAA,0x11CB0,3},{0x11CB2,0x11CB3,3},
  {0x11CB5,0x11CB6,3},{0x11D31,0x11D36,3},{0x11D3A,0x11D3A,3},{0x11D3C,0x11D3D,3},{0x11D3F,0x11D45,3},{0x11D47,0x11D47,3},
  {0x11D90,0x11D91,3},{0x11D95,0x11D95,3},{0x11D97,0x11D97,3},{0x11DF0,0x11DF0,3},{0x11DF1,0x11DF1,2},{0x11EF3,0x11EF4,3},
  {0x11F00,0x11F01,3},{0x11F04,0x11F10,2},{0x11F12,0x11F33,2},{0x11F36,0x11F3A,3},{0x11F40,0x11F40,3},{0x11F41,0x11F41,3},
  {0x11F42,0x11F42,1},{0x11F5A,0x11F5A,3},{0x13440,0x13440,3},{0x13447,0x13455,3},{0x1611E,0x16129,3},{0x1612D,0x1612F,3},
  {0x16AF0,0x16AF4,3},{0x16B30,0x16B36,3},{0x16F4F,0x16F4F,3},{0x16F8F,0x16F92,3},{0x16FE4,0x16FE4,3},{0x16FF0,0x16FF1,3},
  {0x1BC9D,0x1BC9E,3},{0x1CF00,0x1CF2D,3},{0x1CF30,0x1CF46,3},{0x1D127,0x1D128,3},{0x1D165,0x1D166,3},{0x1D167,0x1D169,3},
  {0x1D16D,0x1D172,3},{0x1D17B,0x1D182,3},{0x1D185,0x1D18B,3},{0x1D1AA,0x1D1AD,3},{0x1D242,0x1D244,3},{0x1D250,0x1D252,3},
  {0x1D25B,0x1D25C,3},{0x1D25F,0x1D25F,3},{0x1D280,0x1D281,3},{0x1DA00,0x1DA36,3},{0x1DA3B,0x1DA6C,3},{0x1DA75,0x1DA75,3},
  {0x1DA84,0x1DA84,3},{0x1DA9B,0x1DA9F,3},{0x1DAA1,0x1DAAF,3},{0x1E000,0x1E006,3},{0x1E008,0x1E018,3},{0x1E01B,0x1E021,3},
  {0x1E023,0x1E024,3},{0x1E026,0x1E02A,3},{0x1E08F,0x1E08F,3},{0x1E130,0x1E136,3},{0x1E2AE,0x1E2AE,3},{0x1E2EC,0x1E2EF,3},
  {0x1E4EC,0x1E4EF,3},{0x1E5EE,0x1E5EF,3},{0x1E6E3,0x1E6E3,3},{0x1E6E6,0x1E6E6,3},{0x1E6EE,0x1E6EF,3},{0x1E6F5,0x1E6F5,3},
  {0x1E8D0,0x1E8D6,3},{0x1E944,0x1E94A,3},{0x1F3FB,0x1F3FF,3},{0xE0020,0xE007F,3},{0xE0100,0xE01EF,3},
};

// Word_Break: 0 Other, 1 CR, 2 LF, 3 Newline, 4 Extend, 5 ZWJ, 6 Regional_Indicator, 7 Format, 8 Katakana, 9 Hebrew_Letter, 10 ALetter, 11 Single_Quote, 12 Double_Quote, 13 MidNumLet, 14 MidLetter, 15 MidNum, 16 Numeric, 17 ExtendNumLet, 18 WSegSpace
const Range kWordBreak[] = {
  {0xA,0xA,2},{0xB,0xC,3},{0xD,0xD,1},{0x20,0x20,18},{0x22,0x22,12},{0x27,0x27,11},{0x2C,0x2C,15},{0x2E,0x2E,13},{0x30,0x39,16},
  {0x3A,0x3A,14},{0x3B,0x3B,15},{0x41,0x5A,10},{0x5F,0x5F,17},{0x61,0x7A,10},{0x85,0x85,3},{0xAA,0xAA,10},{0xAD,0xAD,7},{0xB5,0xB5,10},
  {0xB7,0xB7,14},{0xB8,0xB8,10},{0xBA,0xBA,10},{0xC0,0xD6,10},{0xD8,0xF6,10},{0xF8,0x2D7,10},{0x2DE,0x2FF,10},{0x300,0x36F,4},
  {0x370,0x374,10},{0x376,0x377,10},{0x37A,0x37D,10},{0x37E,0x37E,15},{0x37F,0x37F,10},{0x386,0x386,10},{0x387,0x387,14},{0x388,0x38A,10},
  {0x38C,0x38C,10},{0x38E,0x3A1,10},{0x3A3,0x3F5,10},{0x3F7,0x481,10},{0x483,0x489,4},{0x48A,0x52F,10},{0x531,0x556,10},{0x558,0x55C,10},
  {0x55E,0x55E,10},{0x55F,0x55F,14},{0x560,0x588,10},{0x589,0x589,15},{0x58A,0x58C,10},{0x591,0x5BD,4},{0x5BF,0x5BF,4},{0x5C1,0x5C2,4},
  {0x5C4,0x5C5,4},{0x5C7,0x5C9,4},{0x5D0,0x5EA,9},{0x5EF,0x5F2,9},{0x5F3,0x5F3,10},{0x5F4,0x5F4,14},{0x600,0x605,16},{0x60C,0x60D,15},
  {0x610,0x61A,4},{0x61C,0x61C,7},{0x620,0x64A,10},{0x64B,0x65F,4},{0x660,0x669,16},{0x66B,0x66B,16},{0x66C,0x66C,15},{0x66E,0x66F,10},
  {0x670,0x670,4},{0x671,0x6D3,10},{0x6D5,0x6D5,10},{0x6D6,0x6DC,4},{0x6DD,0x6DD,16},{0x6DF,0x6E4,4},{0x6E5,0x6E6,10},{0x6E7,0x6E8,4},
  {0x6EA,0x6ED,4},{0x6EE,0x6EF,10},{0x6F0,0x6F9,16},{0x6FA,0x6FC,10},{0x6FF,0x6FF,10},{0x70F,0x710,10},{0x711,0x711,4},{0x712,0x72F,10},
  {0x730,0x74A,4},{0x74D,0x7A5,10},{0x7A6,0x7B0,4},{0x7B1,0x7B1,10},{0x7C0,0x7C9,16},{0x7CA,0x7EA,10},{0x7EB,0x7F3,4},{0x7F4,0x7F5,10},
  {0x7F8,0x7F8,15},{0x7FA,0x7FA,10},{0x7FD,0x7FD,4},{0x800,0x815,10},{0x816,0x819,4},{0x81A,0x81A,10},{0x81B,0x823,4},{0x824,0x824,10},
  {0x825,0x827,4},{0x828,0x828,10},{0x829,0x82D,4},{0x840,0x858,10},{0x859,0x85B,4},{0x860,0x86A,10},{0x870,0x887,10},{0x889,0x88F,10},
  {0x890,0x891,16},{0x897,0x89F,4},{0x8A0,0x8C9,10},{0x8CA,0x8E1,4},{0x8E2,0x8E2,16},{0x8E3,0x903,4},{0x904,0x939,10},{0x93A,0x93C,4},
  {0x93D,0x93D,10},{0x93E,0x94F,4},{0x950,0x950,10},{0x951,0x957,4},{0x958,0x961,10},{0x962,0x963,4},{0x966,0x96F,16},{0x971,0x980,10},
  {0x981,0x983,4},{0x985,0x98C,10},{0x98F,0x990,10},{0x993,0x9A8,10},{0x9AA,0x9B0,10},{0x9B2,0x9B2,10},{0x9B6,0x9B9,10},{0x9BC,0x9BC,4},
  {0x9BD,0x9BD,10},{0x9BE,0x9C4,4},{0x9C7,0x9C8,4},{0x9CB,0x9CD,4},{0x9CE,0x9CE,10},{0x9D7,0x9D7,4},{0x9DC,0x9DD,10},{0x9DF,0x9E1,10},
  {0x9E2,0x9E3,4},{0x9E6,0x9EF,16},{0x9F0,0x9F1,10},{0x9FC,0x9FC,10},{0x9FE,0x9FE,4},{0xA01,0xA03,4},{0xA05,0xA0A,10},{0xA0F,0xA10,10},
  {0xA13,0xA28,10},{0xA2A,0xA30,10},{0xA32,0xA33,10},{0xA35,0xA36,10},{0xA38,0xA39,10},{0xA3C,0xA3C,4},{0xA3E,0xA42,4},{0xA47,0xA48,4},
  {0xA4B,0xA4D,4},{0xA51,0xA51,4},{0xA59,0xA5C,10},{0xA5E,0xA5E,10},{0xA66,0xA6F,16},{0xA70,0xA71,4},{0xA72,0xA74,10},{0xA75,0xA75,4},
  {0xA81,0xA83,4},{0xA85,0xA8D,10},{0xA8F,0xA91,10},{0xA93,0xAA8,10},{0xAAA,0xAB0,10},{0xAB2,0xAB3,10},{0xAB5,0xAB9,10},{0xABC,0xABC,4},
  {0xABD,0xABD,10},{0xABE,0xAC5,4},{0xAC7,0xAC9,4},{0xACB,0xACD,4},{0xAD0,0xAD0,10},{0xAE0,0xAE1,10},{0xAE2,0xAE3,4},{0xAE6,0xAEF,16},
  {0xAF9,0xAF9,10},{0xAFA,0xAFF,4},{0xB01,0xB03,4},{0xB05,0xB0C,10},{0xB0F,0xB10,10},{0xB13,0xB28,10},{0xB2A,0xB30,10},{0xB32,0xB33,10},
  {0xB35,0xB39,10},{0xB3C,0xB3C,4},{0xB3D,0xB3D,10},{0xB3E,0xB44,4},{0xB47,0xB48,4},{0xB4B,0xB4D,4},{0xB53,0xB57,4},{0xB5C,0xB5D,10},
  {0xB5F,0xB61,10},{0xB62,0xB63,4},{0xB66,0xB6F,16},{0xB71,0xB71,10},{0xB82,0xB82,4},{0xB83,0xB83,10},{0xB85,0xB8A,10},{0xB8E,0xB90,10},
  {0xB92,0xB95,10},{0xB99,0xB9A,10},{0xB9C,0xB9C,10},{0xB9E,0xB9F,10},{0xBA3,0xBA4,10},{0xBA8,0xBAA,10},{0xBAE,0xBB9,10},{0xBBE,0xBC2,4},
  {0xBC6,0xBC8,4},{0xBCA,0xBCD,4},{0xBD0,0xBD0,10},{0xBD7,0xBD7,4},{0xBE6,0xBEF,16},{0xC00,0xC04,4},{0xC05,0xC0C,10},{0xC0E,0xC10,10},
  {0xC12,0xC28,10},{0xC2A,0xC39,10},{0xC3C,0xC3C,4},{0xC3D,0xC3D,10},{0xC3E,0xC44,4},{0xC46,0xC48,4},{0xC4A,0xC4D,4},{0xC55,0xC56,4},
  {0xC58,0xC5A,10},{0xC5C,0xC5D,10},{0xC60,0xC61,10},{0xC62,0xC63,4},{0xC66,0xC6F,16},{0xC80,0xC80,10},{0xC81,0xC83,4},{0xC85,0xC8C,10},
  {0xC8E,0xC90,10},{0xC92,0xCA8,10},{0xCAA,0xCB3,10},{0xCB5,0xCB9,10},{0xCBC,0xCBC,4},{0xCBD,0xCBD,10},{0xCBE,0xCC4,4},{0xCC6,0xCC8,4},
  {0xCCA,0xCCD,4},{0xCD5,0xCD6,4},{0xCDC,0xCDE,10},{0xCE0,0xCE1,10},{0xCE2,0xCE3,4},{0xCE6,0xCEF,16},{0xCF1,0xCF2,10},{0xCF3,0xCF3,4},
  {0xD00,0xD03,4},{0xD04,0xD0C,10},{0xD0E,0xD10,10},{0xD12,0xD3A,10},{0xD3B,0xD3C,4},{0xD3D,0xD3D,10},{0xD3E,0xD44,4},{0xD46,0xD48,4},
  {0xD4A,0xD4D,4},{0xD4E,0xD4E,10},{0xD54,0xD56,10},{0xD57,0xD57,4},{0xD5F,0xD61,10},{0xD62,0xD63,4},{0xD66,0xD6F,16},{0xD7A,0xD7F,10},
  {0xD81,0xD83,4},{0xD85,0xD96,10},{0xD9A,0xDB1,10},{0xDB3,0xDBB,10},{0xDBD,0xDBD,10},{0xDC0,0xDC6,10},{0xDCA,0xDCA,4},{0xDCF,0xDD4,4},
  {0xDD6,0xDD6,4},{0xDD8,0xDDF,4},{0xDE6,0xDEF,16},{0xDF2,0xDF3,4},{0xE31,0xE31,4},{0xE34,0xE3A,4},{0xE47,0xE4E,4},{0xE50,0xE59,16},
  {0xEB1,0xEB1,4},{0xEB4,0xEBC,4},{0xEC8,0xECE,4},{0xED0,0xED9,16},{0xF00,0xF00,10},{0xF18,0xF19,4},{0xF20,0xF29,16},{0xF35,0xF35,4},
  {0xF37,0xF37,4},{0xF39,0xF39,4},{0xF3E,0xF3F,4},{0xF40,0xF47,10},{0xF49,0xF6C,10},{0xF71,0xF84,4},{0xF86,0xF87,4},{0xF88,0xF8C,10},
  {0xF8D,0xF97,4},{0xF99,0xFBC,4},{0xFC6,0xFC6,4},{0x102B,0x103E,4},{0x1040,0x1049,16},{0x1056,0x1059,4},{0x105E,0x1060,4},
  {0x1062,0x1064,4},{0x1067,0x106D,4},{0x1071,0x1074,4},{0x1082,0x108D,4},{0x108F,0x108F,4},{0x1090,0x1099,16},{0x109A,0x109D,4},
  {0x10A0,0x10C5,10},{0x10C7,0x10C7,10},{0x10CD,0x10CD,10},{0x10D0,0x10FA,10},{0x10FC,0x1248,10},{0x124A,0x124D,10},{0x1250,0x1256,10},
  {0x1258,0x1258,10},{0x125A,0x125D,10},{0x1260,0x1288,10},{0x128A,0x128D,10},{0x1290,0x12B0,10},{0x12B2,0x12B5,10},{0x12B8,0x12BE,10},
  {0x12C0,0x12C0,10},{0x12C2,0x12C5,10},{0x12C8,0x12D6,10},{0x12D8,0x1310,10},{0x1312,0x1315,10},{0x1318,0x135A,10},{0x135D,0x135F,4},
  {0x1380,0x138F,10},{0x13A0,0x13F5,10},{0x13F8,0x13FD,10},{0x1401,0x166C,10},{0x166F,0x167F,10},{0x1680,0x1680,18},{0x1681,0x169A,10},
  {0x16A0,0x16EA,10},{0x16EE,0x16F8,10},{0x1700,0x1711,10},{0x1712,0x1715,4},{0x171F,0x1731,10},{0x1732,0x1734,4},{0x1740,0x1751,10},
  {0x1752,0x1753,4},{0x1760,0x176C,10},{0x176E,0x1770,10},{0x1772,0x1773,4},{0x17B4,0x17D3,4},{0x17DD,0x17DD,4},{0x17E0,0x17E9,16},
  {0x180B,0x180D,4},{0x180E,0x180E,7},{0x180F,0x180F,4},{0x1810,0x1819,16},{0x1820,0x1878,10},{0x1880,0x1884,10},{0x1885,0x1886,4},
  {0x1887,0x18A8,10},{0x18A9,0x18A9,4},{0x18AA,0x18AA,10},{0x18B0,0x18F5,10},{0x1900,0x191E,10},{0x1920,0x192B,4},{0x1930,0x193B,4},
  {0x1946,0x194F,16},{0x19D0,0x19DA,16},{0x1A00,0x1A16,10},{0x1A17,0x1A1B,4},{0x1A55,0x1A5E,4},{0x1A60,0x1A7C,4},{0x1A7F,0x1A7F,4},
  {0x1A80,0x1A89,16},{0x1A90,0x1A99,16},{0x1AB0,0x1AF0,4},{0x1B00,0x1B04,4},{0x1B05,0x1B33,10},{0x1B34,0x1B44,4},{0x1B45,0x1B4C,10},
  {0x1B50,0x1B59,16},{0x1B6B,0x1B73,4},{0x1B80,0x1B82,4},{0x1B83,0x1BA0,10},{0x1BA1,0x1BAD,4},{0x1BAE,0x1BAF,10},{0x1BB0,0x1BB9,16},
  {0x1BBA,0x1BE5,10},{0x1BE6,0x1BF3,4},{0x1C00,0x1C23,10},{0x1C24,0x1C37,4},{0x1C40,0x1C49,16},{0x1C4D,0x1C4F,10},{0x1C50,0x1C59,16},
  {0x1C5A,0x1C7D,10},{0x1C80,0x1C8A,10},{0x1C90,0x1CBA,10},{0x1CBD,0x1CBF,10},{0x1CD0,0x1CD2,4},{0x1CD4,0x1CE8,4},{0x1CE9,0x1CEC,10},
  {0x1CED,0x1CED,4},{0x1CEE,0x1CF3,10},{0x1CF4,0x1CF4,4},{0x1CF5,0x1CF6,10},{0x1CF7,0x1CF9,4},{0x1CFA,0x1CFA,10},{0x1D00,0x1DBF,10},
  {0x1DC0,0x1DFF,4},{0x1E00,0x1F15,10},{0x1F18,0x1F1D,10},{0x1F20,0x1F45,10},{0x1F48,0x1F4D,10},{0x1F50,0x1F57,10},{0x1F59,0x1F59,10},
  {0x1F5B,0x1F5B,10},{0x1F5D,0x1F5D,10},{0x1F5F,0x1F7D,10},{0x1F80,0x1FB4,10},{0x1FB6,0x1FBC,10},{0x1FBE,0x1FBE,10},{0x1FC2,0x1FC4,10},
  {0x1FC6,0x1FCC,10},{0x1FD0,0x1FD3,10},{0x1FD6,0x1FDB,10},{0x1FE0,0x1FEC,10},{0x1FF2,0x1FF4,10},{0x1FF6,0x1FFC,10},{0x2000,0x2006,18},
  {0x2008,0x200A,18},{0x200C,0x200C,4},{0x200D,0x200D,5},{0x200E,0x200F,7},{0x2018,0x2019,13},{0x2024,0x2024,13},{0x2027,0x2027,14},
  {0x2028,0x2029,3},{0x202A,0x202E,7},{0x202F,0x202F,17},{0x203F,0x2040,17},{0x2044,0x2044,15},{0x2054,0x2054,17},{0x205F,0x205F,18},
  {0x2060,0x2064,7},{0x2066,0x206F,7},{0x2071,0x2071,10},{0x207F,0x207F,10},{0x208F,0x209F,10},{0x20D0,0x20F0,4},{0x2102,0x2102,10},
  {0x2107,0x2107,10},{0x210A,0x2113,10},{0x2115,0x2115,10},{0x2119,0x211D,10},{0x2124,0x2124,10},{0x2126,0x2126,10},{0x2128,0x2128,10},
  {0x212A,0x212D,10},{0x212F,0x2139,10},{0x213C,0x213F,10},{0x2145,0x2149,10},{0x214E,0x214E,10},{0x2160,0x2188,10},{0x24B6,0x24E9,10},
  {0x2C00,0x2CE4,10},{0x2CEB,0x2CEE,10},{0x2CEF,0x2CF1,4},{0x2CF2,0x2CF3,10},{0x2D00,0x2D25,10},{0x2D27,0x2D27,10},{0x2D2D,0x2D2D,10},
  {0x2D30,0x2D67,10},{0x2D6F,0x2D6F,10},{0x2D7F,0x2D7F,4},{0x2D80,0x2D96,10},{0x2DA0,0x2DA6,10},{0x2DA8,0x2DAE,10},{0x2DB0,0x2DB6,10},
  {0x2DB8,0x2DBE,10},{0x2DC0,0x2DC6,10},{0x2DC8,0x2DCE,10},{0x2DD0,0x2DD6,10},{0x2DD8,0x2DDE,10},{0x2DE0,0x2DFF,4},{0x2E2F,0x2E2F,10},
  {0x3000,0x3000,18},{0x3005,0x3005,10},{0x302A,0x302F,4},{0x3031,0x3035,8},{0x303B,0x303C,10},{0x3099,0x309A,4},{0x309B,0x309C,8},
  {0x30A0,0x30FA,8},{0x30FC,0x30FF,8},{0x3105,0x312F,10},{0x3131,0x318E,10},{0x31A0,0x31BF,10},{0x31F0,0x31FF,8},{0x32D0,0x32FE,8},
  {0x3300,0x3357,8},{0xA000,0xA48C,10},{0xA4D0,0xA4FD,10},{0xA500,0xA60C,10},{0xA610,0xA61F,10},{0xA620,0xA629,16},{0xA62A,0xA62B,10},
  {0xA640,0xA66E,10},{0xA66F,0xA672,4},{0xA674,0xA67D,4},{0xA67F,0xA69D,10},{0xA69E,0xA69F,4},{0xA6A0,0xA6EF,10},{0xA6F0,0xA6F1,4},
  {0xA708,0xA7DD,10},{0xA7E2,0xA7E2,10},{0xA7F1,0xA801,10},{0xA802,0xA802,4},{0xA803,0xA805,10},{0xA806,0xA806,4},{0xA807,0xA80A,10},
  {0xA80B,0xA80B,4},{0xA80C,0xA822,10},{0xA823,0xA827,4},{0xA82C,0xA82C,4},{0xA840,0xA873,10},{0xA880,0xA881,4},{0xA882,0xA8B3,10},
  {0xA8B4,0xA8C5,4},{0xA8D0,0xA8D9,16},{0xA8E0,0xA8F1,4},{0xA8F2,0xA8F7,10},{0xA8FB,0xA8FB,10},{0xA8FD,0xA8FE,10},{0xA8FF,0xA8FF,4},
  {0xA900,0xA909,16},{0xA90A,0xA925,10},{0xA926,0xA92D,4},{0xA930,0xA946,10},{0xA947,0xA953,4},{0xA960,0xA97C,10},{0xA980,0xA983,4},
  {0xA984,0xA9B2,10},{0xA9B3,0xA9C0,4},{0xA9CF,0xA9CF,10},{0xA9D0,0xA9D9,16},{0xA9E5,0xA9E5,4},{0xA9F0,0xA9F9,16},{0xAA00,0xAA28,10},
  {0xAA29,0xAA36,4},{0xAA40,0xAA42,10},{0xAA43,0xAA43,4},{0xAA44,0xAA4B,10},{0xAA4C,0xAA4D,4},{0xAA50,0xAA59,16},{0xAA7B,0xAA7D,4},
  {0xAAB0,0xAAB0,4},{0xAAB2,0xAAB4,4},{0xAAB7,0xAAB8,4},{0xAABE,0xAABF,4},{0xAAC1,0xAAC1,4},{0xAAE0,0xAAEA,10},{0xAAEB,0xAAEF,4},
  {0xAAF2,0xAAF4,10},{0xAAF5,0xAAF6,4},{0xAB01,0xAB06,10},{0xAB09,0xAB0E,10},{0xAB11,0xAB16,10},{0xAB20,0xAB26,10},{0xAB28,0xAB2E,10},
  {0xAB30,0xAB69,10},{0xAB6C,0xAB6D,10},{0xAB70,0xABE2,10},{0xABE3,0xABEA,4},{0xABEC,0xABED,4},{0xABF0,0xABF9,16},{0xAC00,0xD7A3,10},
  {0xD7B0,0xD7C6,10},{0xD7CB,0xD7FB,10},{0xFB00,0xFB06,10},{0xFB13,0xFB17,10},{0xFB1D,0xFB1D,9},{0xFB1E,0xFB1E,4},{0xFB1F,0xFB28,9},
  {0xFB2A,0xFB36,9},{0xFB38,0xFB3C,9},{0xFB3E,0xFB3E,9},{0xFB40,0xFB41,9},{0xFB43,0xFB44,9},{0xFB46,0xFB4F,9},{0xFB50,0xFBB1,10},
  {0xFBD3,0xFD3D,10},{0xFD50,0xFD8F,10},{0xFD92,0xFDC7,10},{0xFDF0,0xFDFB,10},{0xFE00,0xFE0F,4},{0xFE13,0xFE13,14},{0xFE20,0xFE2F,4},
  {0xFE33,0xFE34,17},{0xFE4D,0xFE4F,17},{0xFE50,0xFE50,15},{0xFE52,0xFE52,13},{0xFE54,0xFE54,15},{0xFE55,0xFE55,14},{0xFE70,0xFE74,10},
  {0xFE76,0xFEFC,10},{0xFEFF,0xFEFF,7},{0xFF07,0xFF07,13},{0xFF0C,0xFF0C,15},{0xFF0E,0xFF0E,13},{0xFF10,0xFF19,16},{0xFF1A,0xFF1A,14},
  {0xFF1B,0xFF1B,15},{0xFF21,0xFF3A,10},{0xFF3F,0xFF3F,17},{0xFF41,0xFF5A,10},{0xFF66,0xFF9D,8},{0xFF9E,0xFF9F,4},{0xFFA0,0xFFBE,10},
  {0xFFC2,0xFFC7,10},{0xFFCA,0xFFCF,10},{0xFFD2,0xFFD7,10},{0xFFDA,0xFFDC,10},{0xFFF9,0xFFFB,7},{0x10000,0x1000B,10},{0x1000D,0x10026,10},
  {0x10028,0x1003A,10},{0x1003C,0x1003D,10},{0x1003F,0x1004D,10},{0x10050,0x1005D,10},{0x10080,0x100FA,10},{0x10140,0x10174,10},
  {0x101FD,0x101FD,4},{0x10280,0x1029C,10},{0x102A0,0x102D0,10},{0x102E0,0x102E0,4},{0x10300,0x1031F,10},{0x1032D,0x1034A,10},
  {0x10350,0x10375,10},{0x10376,0x1037A,4},{0x10380,0x1039D,10},{0x103A0,0x103C3,10},{0x103C8,0x103CF,10},{0x103D1,0x103D5,10},
  {0x10400,0x1049D,10},{0x104A0,0x104A9,16},{0x104B0,0x104D3,10},{0x104D8,0x104FB,10},{0x10500,0x10527,10},{0x10530,0x10563,10},
  {0x10570,0x1057A,10},{0x1057C,0x1058A,10},{0x1058C,0x10592,10},{0x10594,0x10595,10},{0x10597,0x105A1,10},{0x105A3,0x105B1,10},
  {0x105B3,0x105B9,10},{0x105BB,0x105BC,10},{0x105C0,0x105F3,10},{0x10600,0x10736,10},{0x10740,0x10755,10},{0x10760,0x10767,10},
  {0x10780,0x10785,10},{0x10787,0x107B0,10},{0x107B2,0x107BF,10},{0x10800,0x10805,10},{0x10808,0x10808,10},{0x1080A,0x10835,10},
  {0x10837,0x10838,10},{0x1083C,0x1083C,10},{0x1083F,0x10855,10},{0x10860,0x10876,10},{0x10880,0x1089E,10},{0x108E0,0x108F2,10},
  {0x108F4,0x108F5,10},{0x10900,0x10915,10},{0x10920,0x10939,10},{0x10940,0x10959,10},{0x10980,0x109B7,10},{0x109BE,0x109BF,10},
  {0x10A00,0x10A00,10},{0x10A01,0x10A03,4},{0x10A05,0x10A06,4},{0x10A0C,0x10A0F,4},{0x10A10,0x10A13,10},{0x10A15,0x10A17,10},
  {0x10A19,0x10A35,10},{0x10A38,0x10A3A,4},{0x10A3F,0x10A3F,4},{0x10A60,0x10A7C,10},{0x10A80,0x10A9C,10},{0x10AC0,0x10AC7,10},
  {0x10AC9,0x10AE4,10},{0x10AE5,0x10AE6,4},{0x10B00,0x10B35,10},{0x10B40,0x10B55,10},{0x10B60,0x10B72,10},{0x10B80,0x10B91,10},
  {0x10C00,0x10C48,10},{0x10C80,0x10CB2,10},{0x10CC0,0x10CF2,10},{0x10D00,0x10D23,10},{0x10D24,0x10D27,4},{0x10D30,0x10D39,16},
  {0x10D40,0x10D49,16},{0x10D4A,0x10D65,10},{0x10D69,0x10D6D,4},{0x10D6F,0x10D85,10},{0x10E80,0x10EA9,10},{0x10EAB,0x10EAC,4},
  {0x10EB0,0x10EB1,10},{0x10EC2,0x10EC7,10},{0x10ECB,0x10ECF,4},{0x10ED9,0x10EEE,10},{0x10EF0,0x10EFF,4},{0x10F00,0x10F1C,10},
  {0x10F27,0x10F27,10},{0x10F30,0x10F45,10},{0x10F46,0x10F50,4},{0x10F70,0x10F81,10},{0x10F82,0x10F85,4},{0x10FB0,0x10FC4,10},
  {0x10FE0,0x10FF6,10},{0x11000,0x11002,4},{0x11003,0x11037,10},{0x11038,0x11046,4},{0x11066,0x1106F,16},{0x11070,0x11070,4},
  {0x11071,0x11072,10},{0x11073,0x11074,4},{0x11075,0x11075,10},{0x1107F,0x11082,4},{0x11083,0x110AF,10},{0x110B0,0x110BA,4},
  {0x110BD,0x110BD,16},{0x110C2,0x110C2,4},{0x110CD,0x110CD,16},{0x110D0,0x110E8,10},{0x110F0,0x110F9,16},{0x11100,0x11102,4},
  {0x11103,0x11126,10},{0x11127,0x11134,4},{0x11136,0x1113F,16},{0x11144,0x11144,10},{0x11145,0x11146,4},{0x11147,0x11147,10},
  {0x11150,0x11172,10},{0x11173,0x11173,4},{0x11176,0x11176,10},{0x11180,0x11182,4},{0x11183,0x111B2,10},{0x111B3,0x111C0,4},
  {0x111C1,0x111C4,10},{0x111C9,0x111CC,4},{0x111CE,0x111CF,4},{0x111D0,0x111D9,16},{0x111DA,0x111DA,10},{0x111DC,0x111DC,10},
  {0x11200,0x11211,10},{0x11213,0x1122B,10},{0x1122C,0x11237,4},{0x1123E,0x1123E,4},{0x1123F,0x11240,10},{0x11241,0x11241,4},
  {0x11280,0x11286,10},{0x11288,0x11288,10},{0x1128A,0x1128D,10},{0x1128F,0x1129D,10},{0x1129F,0x112A8,10},{0x112B0,0x112DE,10},
  {0x112DF,0x112EA,4},{0x112F0,0x112F9,16},{0x11300,0x11303,4},{0x11305,0x1130C,10},{0x1130F,0x11310,10},{0x11313,0x11328,10},
  {0x1132A,0x11330,10},{0x11332,0x11333,10},{0x11335,0x11339,10},{0x1133B,0x1133C,4},{0x1133D,0x1133D,10},{0x1133E,0x11344,4},
  {0x11347,0x11348,4},{0x1134B,0x1134D,4},{0x11350,0x11350,10},{0x11357,0x11357,4},{0x1135D,0x11361,10},{0x11362,0x11363,4},
  {0x11366,0x1136C,4},{0x11370,0x11374,4},{0x11380,0x11389,10},{0x1138B,0x1138B,10},{0x1138E,0x1138E,10},{0x11390,0x113B5,10},
  {0x113B7,0x113B7,10},{0x113B8,0x113C0,4},{0x113C2,0x113C2,4},{0x113C5,0x113C5,4},{0x113C7,0x113CA,4},{0x113CC,0x113D0,4},
  {0x113D1,0x113D1,10},{0x113D2,0x113D2,4},{0x113D3,0x113D3,10},{0x113E1,0x113E2,4},{0x11400,0x11434,10},{0x11435,0x11446,4},
  {0x11447,0x1144A,10},{0x11450,0x11459,16},{0x1145E,0x1145E,4},{0x1145F,0x11461,10},{0x11480,0x114AF,10},{0x114B0,0x114C3,4},
  {0x114C4,0x114C5,10},{0x114C7,0x114C7,10},{0x114D0,0x114D9,16},{0x11580,0x115AE,10},{0x115AF,0x115B5,4},{0x115B8,0x115C0,4},
  {0x115D8,0x115DB,10},{0x115DC,0x115DD,4},{0x11600,0x1162F,10},{0x11630,0x11640,4},{0x11644,0x11644,10},{0x11650,0x11659,16},
  {0x11680,0x116AA,10},{0x116AB,0x116B7,4},{0x116B8,0x116B8,10},{0x116C0,0x116C9,16},{0x116D0,0x116E3,16},{0x1171D,0x1172B,4},
  {0x11730,0x11739,16},{0x11800,0x1182B,10},{0x1182C,0x1183A,4},{0x118A0,0x118DF,10},{0x118E0,0x118E9,16},{0x118FF,0x11906,10},
  {0x11909,0x11909,10},{0x1190C,0x11913,10},{0x11915,0x11916,10},{0x11918,0x1192F,10},{0x11930,0x11935,4},{0x11937,0x11938,4},
  {0x1193B,0x1193E,4},{0x1193F,0x1193F,10},{0x11940,0x11940,4},{0x11941,0x11941,10},{0x11942,0x11943,4},{0x11950,0x11959,16},
  {0x119A0,0x119A7,10},{0x119AA,0x119D0,10},{0x119D1,0x119D7,4},{0x119DA,0x119E0,4},{0x119E1,0x119E1,10},{0x119E3,0x119E3,10},
  {0x119E4,0x119E4,4},{0x11A00,0x11A00,10},{0x11A01,0x11A0A,4},{0x11A0B,0x11A32,10},{0x11A33,0x11A39,4},{0x11A3A,0x11A3A,10},
  {0x11A3B,0x11A3E,4},{0x11A47,0x11A47,4},{0x11A50,0x11A50,10},{0x11A51,0x11A5B,4},{0x11A5C,0x11A89,10},{0x11A8A,0x11A99,4},
  {0x11A9D,0x11A9D,10},{0x11AB0,0x11AF8,10},{0x11B0A,0x11B0A,10},{0x11B60,0x11B67,4},{0x11BC0,0x11BE0,10},{0x11BF0,0x11BF9,16},
  {0x11C00,0x11C08,10},{0x11C0A,0x11C2E,10},{0x11C2F,0x11C36,4},{0x11C38,0x11C3F,4},{0x11C40,0x11C40,10},{0x11C50,0x11C59,16},
  {0x11C72,0x11C8F,10},{0x11C92,0x11CA7,4},{0x11CA9,0x11CB6,4},{0x11D00,0x11D06,10},{0x11D08,0x11D09,10},{0x11D0B,0x11D30,10},
  {0x11D31,0x11D36,4},{0x11D3A,0x11D3A,4},{0x11D3C,0x11D3D,4},{0x11D3F,0x11D45,4},{0x11D46,0x11D46,10},{0x11D47,0x11D47,4},
  {0x11D50,0x11D59,16},{0x11D60,0x11D65,10},{0x11D67,0x11D68,10},{0x11D6A,0x11D89,10},{0x11D8A,0x11D8E,4},{0x11D90,0x11D91,4},
  {0x11D93,0x11D97,4},{0x11D98,0x11D98,10},{0x11DA0,0x11DA9,16},{0x11DB0,0x11DDB,10},{0x11DE0,0x11DE9,16},{0x11DF0,0x11DF0,4},
  {0x11DF1,0x11DF1,10},{0x11EE0,0x11EF2,10},{0x11EF3,0x11EF6,4},{0x11F00,0x11F01,4},{0x11F02,0x11F02,10},{0x11F03,0x11F03,4},
  {0x11F04,0x11F10,10},{0x11F12,0x11F33,10},{0x11F34,0x11F3A,4},{0x11F3E,0x11F42,4},{0x11F50,0x11F59,16},{0x11F5A,0x11F5A,4},
  {0x11FB0,0x11FB0,10},{0x12000,0x12399,10},{0x12400,0x1246F,10},{0x12475,0x12543,10},{0x12550,0x12686,10},{0x12F90,0x12FF0,10},
  {0x13000,0x1342F,10},{0x13430,0x1343F,7},{0x13440,0x13440,4},{0x13441,0x13446,10},{0x13447,0x13455,4},{0x13460,0x143FA,10},
  {0x14400,0x14646,10},{0x16100,0x1611D,10},{0x1611E,0x1612F,4},{0x16130,0x16139,16},{0x16800,0x16A38,10},{0x16A40,0x16A5E,10},
  {0x16A60,0x16A69,16},{0x16A70,0x16ABE,10},{0x16AC0,0x16AC9,16},{0x16AD0,0x16AED,10},{0x16AF0,0x16AF4,4},{0x16B00,0x16B2F,10},
  {0x16B30,0x16B36,4},{0x16B40,0x16B43,10},{0x16B50,0x16B59,16},{0x16B63,0x16B77,10},{0x16B7D,0x16B8F,10},{0x16D40,0x16D6C,10},
  {0x16D70,0x16D79,16},{0x16E40,0x16E7F,10},{0x16EA0,0x16EB8,10},{0x16EBB,0x16ED3,10},{0x16F00,0x16F4A,10},{0x16F4F,0x16F4F,4},
  {0x16F50,0x16F50,10},{0x16F51,0x16F87,4},{0x16F8F,0x16F92,4},{0x16F93,0x16F9F,10},{0x16FE0,0x16FE1,10},{0x16FE3,0x16FE3,10},
  {0x16FE4,0x16FE4,4},{0x16FF0,0x16FF1,4},{0x1AFF0,0x1AFF3,8},{0x1AFF5,0x1AFFB,8},{0x1AFFD,0x1AFFE,8},{0x1B000,0x1B000,8},
  {0x1B120,0x1B122,8},{0x1B124,0x1B128,8},{0x1B155,0x1B155,8},{0x1B164,0x1B168,8},{0x1BC00,0x1BC6A,10},{0x1BC70,0x1BC7C,10},
  {0x1BC80,0x1BC88,10},{0x1BC90,0x1BC99,10},{0x1BC9D,0x1BC9E,4},{0x1BCA0,0x1BCA3,7},{0x1CCF0,0x1CCF9,16},{0x1CF00,0x1CF2D,4},
  {0x1CF30,0x1CF46,4},{0x1D127,0x1D128,4},{0x1D165,0x1D169,4},{0x1D16D,0x1D172,4},{0x1D173,0x1D17A,7},{0x1D17B,0x1D182,4},
  {0x1D185,0x1D18B,4},{0x1D1AA,0x1D1AD,4},{0x1D242,0x1D244,4},{0x1D250,0x1D252,4},{0x1D25B,0x1D25C,4},{0x1D25F,0x1D25F,4},
  {0x1D280,0x1D281,4},{0x1D400,0x1D454,10},{0x1D456,0x1D49C,10},{0x1D49E,0x1D49F,10},{0x1D4A2,0x1D4A2,10},{0x1D4A5,0x1D4A6,10},
  {0x1D4A9,0x1D4AC,10},{0x1D4AE,0x1D4B9,10},{0x1D4BB,0x1D4BB,10},{0x1D4BD,0x1D4C3,10},{0x1D4C5,0x1D505,10},{0x1D507,0x1D50A,10},
  {0x1D50D,0x1D514,10},{0x1D516,0x1D51C,10},{0x1D51E,0x1D539,10},{0x1D53B,0x1D53E,10},{0x1D540,0x1D544,10},{0x1D546,0x1D546,10},
  {0x1D54A,0x1D550,10},{0x1D552,0x1D6A6,10},{0x1D6A8,0x1D6C0,10},{0x1D6C2,0x1D6DA,10},{0x1D6DC,0x1D6FA,10},{0x1D6FC,0x1D714,10},
  {0x1D716,0x1D734,10},{0x1D736,0x1D74E,10},{0x1D750,0x1D76E,10},{0x1D770,0x1D788,10},{0x1D78A,0x1D7A8,10},{0x1D7AA,0x1D7C2,10},
  {0x1D7C4,0x1D7CB,10},{0x1D7CE,0x1D7FF,16},{0x1DA00,0x1DA36,4},{0x1DA3B,0x1DA6C,4},{0x1DA75,0x1DA75,4},{0x1DA84,0x1DA84,4},
  {0x1DA9B,0x1DA9F,4},{0x1DAA1,0x1DAAF,4},{0x1DF00,0x1DF81,10},{0x1DF90,0x1DF96,10},{0x1DFCD,0x1DFFF,10},{0x1E000,0x1E006,4},
  {0x1E008,0x1E018,4},{0x1E01B,0x1E021,4},{0x1E023,0x1E024,4},{0x1E026,0x1E02A,4},{0x1E030,0x1E06D,10},{0x1E08F,0x1E08F,4},
  {0x1E100,0x1E12C,10},{0x1E130,0x1E136,4},{0x1E137,0x1E13D,10},{0x1E140,0x1E149,16},{0x1E14E,0x1E14E,10},{0x1E290,0x1E2AD,10},
  {0x1E2AE,0x1E2AE,4},{0x1E2C0,0x1E2EB,10},{0x1E2EC,0x1E2EF,4},{0x1E2F0,0x1E2F9,16},{0x1E4D0,0x1E4EB,10},{0x1E4EC,0x1E4EF,4},
  {0x1E4F0,0x1E4F9,16},{0x1E5D0,0x1E5ED,10},{0x1E5EE,0x1E5EF,4},{0x1E5F0,0x1E5F0,10},{0x1E5F1,0x1E5FA,16},{0x1E6C0,0x1E6DE,10},
  {0x1E6E0,0x1E6E2,10},{0x1E6E3,0x1E6E3,4},{0x1E6E4,0x1E6E5,10},{0x1E6E6,0x1E6E6,4},{0x1E6E7,0x1E6ED,10},{0x1E6EE,0x1E6EF,4},
  {0x1E6F0,0x1E6F4,10},{0x1E6F5,0x1E6F5,4},{0x1E6FE,0x1E6FF,10},{0x1E7E0,0x1E7E6,10},{0x1E7E8,0x1E7EB,10},{0x1E7ED,0x1E7EE,10},
  {0x1E7F0,0x1E7FE,10},{0x1E800,0x1E8C4,10},{0x1E8D0,0x1E8D6,4},{0x1E900,0x1E943,10},{0x1E944,0x1E94A,4},{0x1E94B,0x1E94B,10},
  {0x1E950,0x1E959,16},{0x1EE00,0x1EE03,10},{0x1EE05,0x1EE1F,10},{0x1EE21,0x1EE22,10},{0x1EE24,0x1EE24,10},{0x1EE27,0x1EE27,10},
  {0x1EE29,0x1EE32,10},{0x1EE34,0x1EE37,10},{0x1EE39,0x1EE39,10},{0x1EE3B,0x1EE3B,10},{0x1EE42,0x1EE42,10},{0x1EE47,0x1EE47,10},
  {0x1EE49,0x1EE49,10},{0x1EE4B,0x1EE4B,10},{0x1EE4D,0x1EE4F,10},{0x1EE51,0x1EE52,10},{0x1EE54,0x1EE54,10},{0x1EE57,0x1EE57,10},
  {0x1EE59,0x1EE59,10},{0x1EE5B,0x1EE5B,10},{0x1EE5D,0x1EE5D,10},{0x1EE5F,0x1EE5F,10},{0x1EE61,0x1EE62,10},{0x1EE64,0x1EE64,10},
  {0x1EE67,0x1EE6A,10},{0x1EE6C,0x1EE72,10},{0x1EE74,0x1EE77,10},{0x1EE79,0x1EE7C,10},{0x1EE7E,0x1EE7E,10},{0x1EE80,0x1EE89,10},
  {0x1EE8B,0x1EE9B,10},{0x1EEA1,0x1EEA3,10},{0x1EEA5,0x1EEA9,10},{0x1EEAB,0x1EEBB,10},{0x1F130,0x1F149,10},{0x1F150,0x1F169,10},
  {0x1F170,0x1F189,10},{0x1F1E6,0x1F1FF,6},{0x1F3FB,0x1F3FF,4},{0x1FBF0,0x1FBF9,16},{0xE0001,0xE0001,7},{0xE0020,0xE007F,4},
  {0xE0100,0xE01EF,4},
};

// Bidi_Class: 0 L, 1 R, 2 AL, 3 EN, 4 ES, 5 ET, 6 AN, 7 CS, 8 NSM, 9 BN, 10 B, 11 S, 12 WS, 13 ON, 14 LRE, 15 LRO, 16 RLE, 17 RLO, 18 PDF, 19 LRI, 20 RLI, 21 FSI, 22 PDI
const Range kBidiClass[] = {
  {0x0,0x8,9},{0x9,0x9,11},{0xA,0xA,10},{0xB,0xB,11},{0xC,0xC,12},{0xD,0xD,10},{0xE,0x1B,9},{0x1C,0x1E,10},{0x1F,0x1F,11},{0x20,0x20,12},
  {0x21,0x22,13},{0x23,0x25,5},{0x26,0x2A,13},{0x2B,0x2B,4},{0x2C,0x2C,7},{0x2D,0x2D,4},{0x2E,0x2F,7},{0x30,0x39,3},{0x3A,0x3A,7},
  {0x3B,0x40,13},{0x5B,0x60,13},{0x7B,0x7E,13},{0x7F,0x84,9},{0x85,0x85,10},{0x86,0x9F,9},{0xA0,0xA0,7},{0xA1,0xA1,13},{0xA2,0xA5,5},
  {0xA6,0xA9,13},{0xAB,0xAC,13},{0xAD,0xAD,9},{0xAE,0xAF,13},{0xB0,0xB1,5},{0xB2,0xB3,3},{0xB4,0xB4,13},{0xB6,0xB8,13},{0xB9,0xB9,3},
  {0xBB,0xBF,13},{0xD7,0xD7,13},{0xF7,0xF7,13},{0x2B9,0x2BA,13},{0x2C2,0x2CF,13},{0x2D2,0x2DF,13},{0x2E5,0x2ED,13},{0x2EF,0x2FF,13},
  {0x300,0x36F,8},{0x374,0x375,13},{0x37E,0x37E,13},{0x384,0x385,13},{0x387,0x387,13},{0x3F6,0x3F6,13},{0x483,0x489,8},{0x58A,0x58A,13},
  {0x58D,0x58E,13},{0x58F,0x58F,5},{0x590,0x590,1},{0x591,0x5BD,8},{0x5BE,0x5BE,1},{0x5BF,0x5BF,8},{0x5C0,0x5C0,1},{0x5C1,0x5C2,8},
  {0x5C3,0x5C3,1},{0x5C4,0x5C5,8},{0x5C6,0x5C6,1},{0x5C7,0x5C9,8},{0x5CA,0x5FF,1},{0x600,0x605,6},{0x606,0x607,13},{0x608,0x608,2},
  {0x609,0x60A,5},{0x60B,0x60B,2},{0x60C,0x60C,7},{0x60D,0x60D,2},{0x60E,0x60F,13},{0x610,0x61A,8},{0x61B,0x64A,2},{0x64B,0x65F,8},
  {0x660,0x669,6},{0x66A,0x66A,5},{0x66B,0x66C,6},{0x66D,0x66F,2},{0x670,0x670,8},{0x671,0x6D5,2},{0x6D6,0x6DC,8},{0x6DD,0x6DD,6},
  {0x6DE,0x6DE,13},{0x6DF,0x6E4,8},{0x6E5,0x6E6,2},{0x6E7,0x6E8,8},{0x6E9,0x6E9,13},{0x6EA,0x6ED,8},{0x6EE,0x6EF,2},{0x6F0,0x6F9,3},
  {0x6FA,0x710,2},{0x711,0x711,8},{0x712,0x72F,2},{0x730,0x74A,8},{0x74B,0x7A5,2},{0x7A6,0x7B0,8},{0x7B1,0x7BF,2},{0x7C0,0x7EA,1},
  {0x7EB,0x7F3,8},{0x7F4,0x7F5,1},{0x7F6,0x7F9,13},{0x7FA,0x7FC,1},{0x7FD,0x7FD,8},{0x7FE,0x815,1},{0x816,0x819,8},{0x81A,0x81A,1},
  {0x81B,0x823,8},{0x824,0x824,1},{0x825,0x827,8},{0x828,0x828,1},{0x829,0x82D,8},{0x82E,0x858,1},{0x859,0x85B,8},{0x85C,0x85F,1},
  {0x860,0x88F,2},{0x890,0x891,6},{0x892,0x896,2},{0x897,0x89F,8},{0x8A0,0x8C9,2},{0x8CA,0x8E1,8},{0x8E2,0x8E2,6},{0x8E3,0x902,8},
  {0x93A,0x93A,8},{0x93C,0x93C,8},{0x941,0x948,8},{0x94D,0x94D,8},{0x951,0x957,8},{0x962,0x963,8},{0x981,0x981,8},{0x9BC,0x9BC,8},
  {0x9C1,0x9C4,8},{0x9CD,0x9CD,8},{0x9E2,0x9E3,8},{0x9F2,0x9F3,5},{0x9FB,0x9FB,5},{0x9FE,0x9FE,8},{0xA01,0xA02,8},{0xA3C,0xA3C,8},
  {0xA41,0xA42,8},{0xA47,0xA48,8},{0xA4B,0xA4D,8},{0xA51,0xA51,8},{0xA70,0xA71,8},{0xA75,0xA75,8},{0xA81,0xA82,8},{0xABC,0xABC,8},
  {0xAC1,0xAC5,8},{0xAC7,0xAC8,8},{0xACD,0xACD,8},{0xAE2,0xAE3,8},{0xAF1,0xAF1,5},{0xAFA,0xAFF,8},{0xB01,0xB01,8},{0xB3C,0xB3C,8},
  {0xB3F,0xB3F,8},{0xB41,0xB44,8},{0xB4D,0xB4D,8},{0xB53,0xB56,8},{0xB62,0xB63,8},{0xB82,0xB82,8},{0xBC0,0xBC0,8},{0xBCD,0xBCD,8},
  {0xBF3,0xBF8,13},{0xBF9,0xBF9,5},{0xBFA,0xBFA,13},{0xC00,0xC00,8},{0xC04,0xC04,8},{0xC3C,0xC3C,8},{0xC3E,0xC40,8},{0xC46,0xC48,8},
  {0xC4A,0xC4D,8},{0xC55,0xC56,8},{0xC62,0xC63,8},{0xC78,0xC7E,13},{0xC81,0xC81,8},{0xCBC,0xCBC,8},{0xCCC,0xCCD,8},{0xCE2,0xCE3,8},
  {0xD00,0xD01,8},{0xD3B,0xD3C,8},{0xD41,0xD44,8},{0xD4D,0xD4D,8},{0xD62,0xD63,8},{0xD81,0xD81,8},{0xDCA,0xDCA,8},{0xDD2,0xDD4,8},
  {0xDD6,0xDD6,8},{0xE31,0xE31,8},{0xE34,0xE3A,8},{0xE3F,0xE3F,5},{0xE47,0xE4E,8},{0xEB1,0xEB1,8},{0xEB4,0xEBC,8},{0xEC8,0xECE,8},
  {0xF18,0xF19,8},{0xF35,0xF35,8},{0xF37,0xF37,8},{0xF39,0xF39,8},{0xF3A,0xF3D,13},{0xF71,0xF7E,8},{0xF80,0xF84,8},{0xF86,0xF87,8},
  {0xF8D,0xF97,8},{0xF99,0xFBC,8},{0xFC6,0xFC6,8},{0x102D,0x1030,8},{0x1032,0x1037,8},{0x1039,0x103A,8},{0x103D,0x103E,8},{0x1058,0x1059,8},
  {0x105E,0x1060,8},{0x1071,0x1074,8},{0x1082,0x1082,8},{0x1085,0x1086,8},{0x108D,0x108D,8},{0x109D,0x109D,8},{0x135D,0x135F,8},
  {0x1390,0x1399,13},{0x1400,0x1400,13},{0x1680,0x1680,12},{0x169B,0x169C,13},{0x1712,0x1714,8},{0x1732,0x1733,8},{0x1752,0x1753,8},
  {0x1772,0x1773,8},{0x17B4,0x17B5,8},{0x17B7,0x17BD,8},{0x17C6,0x17C6,8},{0x17C9,0x17D3,8},{0x17DB,0x17DB,5},{0x17DD,0x17DD,8},
  {0x17F0,0x17F9,13},{0x1800,0x180A,13},{0x180B,0x180D,8},{0x180E,0x180E,9},{0x180F,0x180F,8},{0x1885,0x1886,8},{0x18A9,0x18A9,8},
  {0x1920,0x1922,8},{0x1927,0x1928,8},{0x1932,0x1932,8},{0x1939,0x193B,8},{0x1940,0x1940,13},{0x1944,0x1945,13},{0x19DE,0x19FF,13},
  {0x1A17,0x1A18,8},{0x1A1B,0x1A1B,8},{0x1A56,0x1A56,8},{0x1A58,0x1A5E,8},{0x1A60,0x1A60,8},{0x1A62,0x1A62,8},{0x1A65,0x1A6C,8},
  {0x1A73,0x1A7C,8},{0x1A7F,0x1A7F,8},{0x1AB0,0x1AF0,8},{0x1B00,0x1B03,8},{0x1B34,0x1B34,8},{0x1B36,0x1B39,8},{0x1B6B,0x1B73,8},
  {0x1B80,0x1B81,8},{0x1BA2,0x1BA5,8},{0x1BA8,0x1BA9,8},{0x1BAB,0x1BAD,8},{0x1BE6,0x1BE6,8},{0x1BE8,0x1BE9,8},{0x1BED,0x1BED,8},
  {0x1BEF,0x1BF1,8},{0x1C2C,0x1C33,8},{0x1C36,0x1C37,8},{0x1CD0,0x1CD2,8},{0x1CD4,0x1CE0,8},{0x1CE2,0x1CE8,8},{0x1CED,0x1CED,8},
  {0x1CF4,0x1CF4,8},{0x1CF8,0x1CF9,8},{0x1DC0,0x1DFF,8},{0x1FBD,0x1FBD,13},{0x1FBF,0x1FC1,13},{0x1FCD,0x1FCF,13},{0x1FDD,0x1FDF,13},
  {0x1FED,0x1FEF,13},{0x1FFD,0x1FFE,13},{0x2000,0x200A,12},{0x200B,0x200D,9},{0x200F,0x200F,1},{0x2010,0x2027,13},{0x2028,0x2028,12},
  {0x2029,0x2029,10},{0x202A,0x202A,14},{0x202B,0x202B,16},{0x202C,0x202C,18},{0x202D,0x202D,15},{0x202E,0x202E,17},{0x202F,0x202F,7},
  {0x2030,0x2034,5},{0x2035,0x2043,13},{0x2044,0x2044,7},{0x2045,0x205E,13},{0x205F,0x205F,12},{0x2060,0x2065,9},{0x2066,0x2066,19},
  {0x2067,0x2067,20},{0x2068,0x2068,21},{0x2069,0x2069,22},{0x206A,0x206F,9},{0x2070,0x2070,3},{0x2074,0x2079,3},{0x207A,0x207B,4},
  {0x207C,0x207E,13},{0x2080,0x2089,3},{0x208A,0x208B,4},{0x208C,0x208F,13},{0x20A0,0x20CF,5},{0x20D0,0x20F0,8},{0x2100,0x2101,13},
  {0x2103,0x2106,13},{0x2108,0x2109,13},{0x2114,0x2114,13},{0x2116,0x2118,13},{0x211E,0x2123,13},{0x2125,0x2125,13},{0x2127,0x2127,13},
  {0x2129,0x2129,13},{0x212E,0x212E,5},{0x213A,0x213B,13},{0x2140,0x2144,13},{0x214A,0x214D,13},{0x2150,0x215F,13},{0x2189,0x218B,13},
  {0x2190,0x2211,13},{0x2212,0x2212,4},{0x2213,0x2213,5},{0x2214,0x2335,13},{0x237B,0x2394,13},{0x2396,0x2429,13},{0x2440,0x244A,13},
  {0x2460,0x2487,13},{0x2488,0x249B,3},{0x24EA,0x26AB,13},{0x26AD,0x27FF,13},{0x2900,0x2B73,13},{0x2B76,0x2BFF,13},{0x2CE5,0x2CEA,13},
  {0x2CEF,0x2CF1,8},{0x2CF9,0x2CFF,13},{0x2D7F,0x2D7F,8},{0x2DE0,0x2DFF,8},{0x2E00,0x2E5D,13},{0x2E60,0x2E63,13},{0x2E80,0x2E99,13},
  {0x2E9B,0x2EF3,13},{0x2F00,0x2FD5,13},{0x2FF0,0x2FFF,13},{0x3000,0x3000,12},{0x3001,0x3004,13},{0x3008,0x3020,13},{0x302A,0x302D,8},
  {0x3030,0x3030,13},{0x3036,0x3037,13},{0x303D,0x303F,13},{0x3099,0x309A,8},{0x309B,0x309C,13},{0x30A0,0x30A0,13},{0x30FB,0x30FB,13},
  {0x31C0,0x31E5,13},{0x31EF,0x31EF,13},{0x321D,0x321E,13},{0x3250,0x325F,13},{0x327C,0x327E,13},{0x32B1,0x32BF,13},{0x32CC,0x32CF,13},
  {0x3377,0x337A,13},{0x33DE,0x33DF,13},{0x33FF,0x33FF,13},{0x4DC0,0x4DFF,13},{0xA490,0xA4C6,13},{0xA60D,0xA60F,13},{0xA66F,0xA672,8},
  {0xA673,0xA673,13},{0xA674,0xA67D,8},{0xA67E,0xA67F,13},{0xA69E,0xA69F,8},{0xA6F0,0xA6F1,8},{0xA700,0xA721,13},{0xA788,0xA788,13},
  {0xA802,0xA802,8},{0xA806,0xA806,8},{0xA80B,0xA80B,8},{0xA825,0xA826,8},{0xA828,0xA82B,13},{0xA82C,0xA82C,8},{0xA838,0xA839,5},
  {0xA874,0xA877,13},{0xA8C4,0xA8C5,8},{0xA8E0,0xA8F1,8},{0xA8FF,0xA8FF,8},{0xA926,0xA92D,8},{0xA947,0xA951,8},{0xA980,0xA982,8},
  {0xA9B3,0xA9B3,8},{0xA9B6,0xA9B9,8},{0xA9BC,0xA9BD,8},{0xA9E5,0xA9E5,8},{0xAA29,0xAA2E,8},{0xAA31,0xAA32,8},{0xAA35,0xAA36,8},
  {0xAA43,0xAA43,8},{0xAA4C,0xAA4C,8},{0xAA7C,0xAA7C,8},{0xAAB0,0xAAB0,8},{0xAAB2,0xAAB4,8},{0xAAB7,0xAAB8,8},{0xAABE,0xAABF,8},
  {0xAAC1,0xAAC1,8},{0xAAEC,0xAAED,8},{0xAAF6,0xAAF6,8},{0xAB6A,0xAB6B,13},{0xABE5,0xABE5,8},{0xABE8,0xABE8,8},{0xABED,0xABED,8},
  {0xFB1D,0xFB1D,1},{0xFB1E,0xFB1E,8},{0xFB1F,0xFB28,1},{0xFB29,0xFB29,4},{0xFB2A,0xFB4F,1},{0xFB50,0xFBC2,2},{0xFBC3,0xFBD2,13},
  {0xFBD3,0xFD3D,2},{0xFD3E,0xFD4F,13},{0xFD50,0xFD8F,2},{0xFD90,0xFD91,13},{0xFD92,0xFDC7,2},{0xFDC8,0xFDCF,13},{0xFDD0,0xFDEF,9},
  {0xFDF0,0xFDFC,2},{0xFDFD,0xFDFF,13},{0xFE00,0xFE0F,8},{0xFE10,0xFE19,13},{0xFE20,0xFE2F,8},{0xFE30,0xFE4F,13},{0xFE50,0xFE50,7},
  {0xFE51,0xFE51,13},{0xFE52,0xFE52,7},{0xFE54,0xFE54,13},{0xFE55,0xFE55,7},{0xFE56,0xFE5E,13},{0xFE5F,0xFE5F,5},{0xFE60,0xFE61,13},
  {0xFE62,0xFE63,4},{0xFE64,0xFE66,13},{0xFE68,0xFE68,13},{0xFE69,0xFE6A,5},{0xFE6B,0xFE6B,13},{0xFE70,0xFEFE,2},{0xFEFF,0xFEFF,9},
  {0xFF01,0xFF02,13},{0xFF03,0xFF05,5},{0xFF06,0xFF0A,13},{0xFF0B,0xFF0B,4},{0xFF0C,0xFF0C,7},{0xFF0D,0xFF0D,4},{0xFF0E,0xFF0F,7},
  {0xFF10,0xFF19,3},{0xFF1A,0xFF1A,7},{0xFF1B,0xFF20,13},{0xFF3B,0xFF40,13},{0xFF5B,0xFF65,13},{0xFFE0,0xFFE1,5},{0xFFE2,0xFFE4,13},
  {0xFFE5,0xFFE6,5},{0xFFE8,0xFFEE,13},{0xFFF0,0xFFF8,9},{0xFFF9,0xFFFD,13},{0xFFFE,0xFFFF,9},{0x10101,0x10101,13},{0x10140,0x1018C,13},
  {0x10190,0x1019C,13},{0x101A0,0x101A0,13},{0x101FD,0x101FD,8},{0x102E0,0x102E0,8},{0x102E1,0x102FB,3},{0x10376,0x1037A,8},
  {0x10800,0x1091E,1},{0x1091F,0x1091F,13},{0x10920,0x10A00,1},{0x10A01,0x10A03,8},{0x10A04,0x10A04,1},{0x10A05,0x10A06,8},
  {0x10A07,0x10A0B,1},{0x10A0C,0x10A0F,8},{0x10A10,0x10A37,1},{0x10A38,0x10A3A,8},{0x10A3B,0x10A3E,1},{0x10A3F,0x10A3F,8},
  {0x10A40,0x10AE4,1},{0x10AE5,0x10AE6,8},{0x10AE7,0x10B38,1},{0x10B39,0x10B3F,13},{0x10B40,0x10CFF,1},{0x10D00,0x10D23,2},
  {0x10D24,0x10D27,8},{0x10D28,0x10D2F,2},{0x10D30,0x10D39,6},{0x10D3A,0x10D3F,2},{0x10D40,0x10D49,6},{0x10D4A,0x10D68,1},
  {0x10D69,0x10D6D,8},{0x10D6E,0x10D6E,13},{0x10D6F,0x10E5F,1},{0x10E60,0x10E7E,6},{0x10E7F,0x10EAA,1},{0x10EAB,0x10EAC,8},
  {0x10EAD,0x10EBF,1},{0x10EC0,0x10ECA,2},{0x10ECB,0x10ECF,8},{0x10ED0,0x10ED8,13},{0x10ED9,0x10EEF,2},{0x10EF0,0x10EFF,8},
  {0x10F00,0x10F2F,1},{0x10F30,0x10F45,2},{0x10F46,0x10F50,8},{0x10F51,0x10F6F,2},{0x10F70,0x10F81,1},{0x10F82,0x10F85,8},
  {0x10F86,0x10FFF,1},{0x11001,0x11001,8},{0x11038,0x11046,8},{0x11052,0x11065,13},{0x11070,0x11070,8},{0x11073,0x11074,8},
  {0x1107F,0x11081,8},{0x110B3,0x110B6,8},{0x110B9,0x110BA,8},{0x110C2,0x110C2,8},{0x11100,0x11102,8},{0x11127,0x1112B,8},
  {0x1112D,0x11134,8},{0x11173,0x11173,8},{0x11180,0x11181,8},{0x111B6,0x111BE,8},{0x111C9,0x111CC,8},{0x111CF,0x111CF,8},
  {0x1122F,0x11231,8},{0x11234,0x11234,8},{0x11236,0x11237,8},{0x1123E,0x1123E,8},{0x11241,0x11241,8},{0x112DF,0x112DF,8},
  {0x112E3,0x112EA,8},{0x11300,0x11301,8},{0x1133B,0x1133C,8},{0x11340,0x11340,8},{0x11366,0x1136C,8},{0x11370,0x11374,8},
  {0x113BB,0x113C0,8},{0x113CE,0x113CE,8},{0x113D0,0x113D0,8},{0x113D2,0x113D2,8},{0x113E1,0x113E2,8},{0x11438,0x1143F,8},
  {0x11442,0x11444,8},{0x11446,0x11446,8},{0x1145E,0x1145E,8},{0x114B3,0x114B8,8},{0x114BA,0x114BA,8},{0x114BF,0x114C0,8},
  {0x114C2,0x114C3,8},{0x115B2,0x115B5,8},{0x115BC,0x115BD,8},{0x115BF,0x115C0,8},{0x115DC,0x115DD,8},{0x11633,0x1163A,8},
  {0x1163D,0x1163D,8},{0x1163F,0x11640,8},{0x11660,0x1166C,13},{0x116AB,0x116AB,8},{0x116AD,0x116AD,8},{0x116B0,0x116B5,8},
  {0x116B7,0x116B7,8},{0x1171D,0x1171D,8},{0x1171F,0x1171F,8},{0x11722,0x11725,8},{0x11727,0x1172B,8},{0x1182F,0x11837,8},
  {0x11839,0x1183A,8},{0x1193B,0x1193C,8},{0x1193E,0x1193E,8},{0x11943,0x11943,8},{0x119D4,0x119D7,8},{0x119DA,0x119DB,8},
  {0x119E0,0x119E0,8},{0x11A01,0x11A06,8},{0x11A09,0x11A0A,8},{0x11A33,0x11A38,8},{0x11A3B,0x11A3E,8},{0x11A47,0x11A47,8},
  {0x11A51,0x11A56,8},{0x11A59,0x11A5B,8},{0x11A8A,0x11A96,8},{0x11A98,0x11A99,8},{0x11B60,0x11B60,8},{0x11B62,0x11B64,8},
  {0x11B66,0x11B66,8},{0x11C30,0x11C36,8},{0x11C38,0x11C3D,8},{0x11C92,0x11CA7,8},{0x11CAA,0x11CB0,8},{0x11CB2,0x11CB3,8},
  {0x11CB5,0x11CB6,8},{0x11D31,0x11D36,8},{0x11D3A,0x11D3A,8},{0x11D3C,0x11D3D,8},{0x11D3F,0x11D45,8},{0x11D47,0x11D47,8},
  {0x11D90,0x11D91,8},{0x11D95,0x11D95,8},{0x11D97,0x11D97,8},{0x11DF0,0x11DF0,8},{0x11EF3,0x11EF4,8},{0x11F00,0x11F01,8},
  {0x11F36,0x11F3A,8},{0x11F40,0x11F40,8},{0x11F42,0x11F42,8},{0x11F5A,0x11F5A,8},{0x11FD5,0x11FDC,13},{0x11FDD,0x11FE0,5},
  {0x11FE1,0x11FF1,13},{0x13440,0x13440,8},{0x13447,0x13455,8},{0x1611E,0x16129,8},{0x1612D,0x1612F,8},{0x16AF0,0x16AF4,8},
  {0x16B30,0x16B36,8},{0x16F4F,0x16F4F,8},{0x16F8F,0x16F92,8},{0x16FE2,0x16FE2,13},{0x16FE4,0x16FE4,8},{0x1BC9D,0x1BC9E,8},
  {0x1BCA0,0x1BCA3,9},{0x1CC00,0x1CCD5,13},{0x1CCF0,0x1CCF9,3},{0x1CCFA,0x1CCFC,13},{0x1CD00,0x1CEB3,13},{0x1CEBA,0x1CED0,13},
  {0x1CED2,0x1CED4,13},{0x1CEDD,0x1CEFD,13},{0x1CF00,0x1CF2D,8},{0x1CF30,0x1CF46,8},{0x1D127,0x1D128,8},{0x1D167,0x1D169,8},
  {0x1D173,0x1D17A,9},{0x1D17B,0x1D182,8},{0x1D185,0x1D18B,8},{0x1D1AA,0x1D1AD,8},{0x1D1E9,0x1D1EA,13},{0x1D200,0x1D241,13},
  {0x1D242,0x1D244,8},{0x1D245,0x1D245,13},{0x1D25B,0x1D25C,8},{0x1D300,0x1D356,13},{0x1D6C1,0x1D6C1,13},{0x1D6DB,0x1D6DB,13},
  {0x1D6FB,0x1D6FB,13},{0x1D715,0x1D715,13},{0x1D735,0x1D735,13},{0x1D74F,0x1D74F,13},{0x1D76F,0x1D76F,13},{0x1D789,0x1D789,13},
  {0x1D7A9,0x1D7A9,13},{0x1D7C3,0x1D7C3,13},{0x1D7CE,0x1D7FF,3},{0x1DA00,0x1DA36,8},{0x1DA3B,0x1DA6C,8},{0x1DA75,0x1DA75,8},
  {0x1DA84,0x1DA84,8},{0x1DA9B,0x1DA9F,8},{0x1DAA1,0x1DAAF,8},{0x1DB00,0x1DB1C,13},{0x1E000,0x1E006,8},{0x1E008,0x1E018,8},
  {0x1E01B,0x1E021,8},{0x1E023,0x1E024,8},{0x1E026,0x1E02A,8},{0x1E08F,0x1E08F,8},{0x1E130,0x1E136,8},{0x1E2AE,0x1E2AE,8},
  {0x1E2EC,0x1E2EF,8},{0x1E2FF,0x1E2FF,5},{0x1E4EC,0x1E4EF,8},{0x1E5EE,0x1E5EF,8},{0x1E6E3,0x1E6E3,8},{0x1E6E6,0x1E6E6,8},
  {0x1E6EE,0x1E6EF,8},{0x1E6F5,0x1E6F5,8},{0x1E800,0x1E8CF,1},{0x1E8D0,0x1E8D6,8},{0x1E8D7,0x1E943,1},{0x1E944,0x1E94A,8},
  {0x1E94B,0x1EC6F,1},{0x1EC70,0x1ECBF,2},{0x1ECC0,0x1ECFF,1},{0x1ED00,0x1ED4F,2},{0x1ED50,0x1EDFF,1},{0x1EE00,0x1EEEF,2},
  {0x1EEF0,0x1EEF1,13},{0x1EEF2,0x1EEFF,2},{0x1EF00,0x1EFFF,1},{0x1F000,0x1F02B,13},{0x1F030,0x1F093,13},{0x1F0A0,0x1F0AE,13},
  {0x1F0B1,0x1F0BF,13},{0x1F0C1,0x1F0CF,13},{0x1F0D1,0x1F0F5,13},{0x1F100,0x1F10A,3},{0x1F10B,0x1F10F,13},{0x1F12F,0x1F12F,13},
  {0x1F16A,0x1F16F,13},{0x1F1AD,0x1F1AD,13},{0x1F260,0x1F265,13},{0x1F300,0x1F6D9,13},{0x1F6DC,0x1F6EC,13},{0x1F6F0,0x1F6FC,13},
  {0x1F700,0x1F7D9,13},{0x1F7DB,0x1F7DB,13},{0x1F7E0,0x1F7EB,13},{0x1F7F0,0x1F80B,13},{0x1F810,0x1F847,13},{0x1F850,0x1F859,13},
  {0x1F860,0x1F887,13},{0x1F890,0x1F8AD,13},{0x1F8B0,0x1F8BB,13},{0x1F8C0,0x1F8C1,13},{0x1F8D0,0x1F8D8,13},{0x1F900,0x1FA57,13},
  {0x1FA60,0x1FA6D,13},{0x1FA70,0x1FA7C,13},{0x1FA80,0x1FAC6,13},{0x1FAC8,0x1FAC8,13},{0x1FACC,0x1FADD,13},{0x1FADF,0x1FAEB,13},
  {0x1FAEF,0x1FAFA,13},{0x1FB00,0x1FB92,13},{0x1FB94,0x1FBEF,13},{0x1FBF0,0x1FBF9,3},{0x1FBFA,0x1FBFA,13},{0x1FFFE,0x1FFFF,9},
  {0x2FFFE,0x2FFFF,9},{0x3FFFE,0x3FFFF,9},{0x4FFFE,0x4FFFF,9},{0x5FFFE,0x5FFFF,9},{0x6FFFE,0x6FFFF,9},{0x7FFFE,0x7FFFF,9},
  {0x8FFFE,0x8FFFF,9},{0x9FFFE,0x9FFFF,9},{0xAFFFE,0xAFFFF,9},{0xBFFFE,0xBFFFF,9},{0xCFFFE,0xCFFFF,9},{0xDFFFE,0xE00FF,9},
  {0xE0100,0xE01EF,8},{0xE01F0,0xE0FFF,9},{0xEFFFE,0xEFFFF,9},{0xFFFFE,0xFFFFF,9},{0x10FFFE,0x10FFFF,9},
};

const Bracket kBrackets[] = {
  {0x28,0x29,1},
  {0x29,0x28,2},
  {0x5B,0x5D,1},
  {0x5D,0x5B,2},
  {0x7B,0x7D,1},
  {0x7D,0x7B,2},
  {0xF3A,0xF3B,1},
  {0xF3B,0xF3A,2},
  {0xF3C,0xF3D,1},
  {0xF3D,0xF3C,2},
  {0x169B,0x169C,1},
  {0x169C,0x169B,2},
  {0x2045,0x2046,1},
  {0x2046,0x2045,2},
  {0x207D,0x207E,1},
  {0x207E,0x207D,2},
  {0x208D,0x208E,1},
  {0x208E,0x208D,2},
  {0x2308,0x2309,1},
  {0x2309,0x2308,2},
  {0x230A,0x230B,1},
  {0x230B,0x230A,2},
  {0x2329,0x232A,1},
  {0x232A,0x2329,2},
  {0x2768,0x2769,1},
  {0x2769,0x2768,2},
  {0x276A,0x276B,1},
  {0x276B,0x276A,2},
  {0x276C,0x276D,1},
  {0x276D,0x276C,2},
  {0x276E,0x276F,1},
  {0x276F,0x276E,2},
  {0x2770,0x2771,1},
  {0x2771,0x2770,2},
  {0x2772,0x2773,1},
  {0x2773,0x2772,2},
  {0x2774,0x2775,1},
  {0x2775,0x2774,2},
  {0x27C5,0x27C6,1},
  {0x27C6,0x27C5,2},
  {0x27E6,0x27E7,1},
  {0x27E7,0x27E6,2},
  {0x27E8,0x27E9,1},
  {0x27E9,0x27E8,2},
  {0x27EA,0x27EB,1},
  {0x27EB,0x27EA,2},
  {0x27EC,0x27ED,1},
  {0x27ED,0x27EC,2},
  {0x27EE,0x27EF,1},
  {0x27EF,0x27EE,2},
  {0x2983,0x2984,1},
  {0x2984,0x2983,2},
  {0x2985,0x2986,1},
  {0x2986,0x2985,2},
  {0x2987,0x2988,1},
  {0x2988,0x2987,2},
  {0x2989,0x298A,1},
  {0x298A,0x2989,2},
  {0x298B,0x298C,1},
  {0x298C,0x298B,2},
  {0x298D,0x2990,1},
  {0x298E,0x298F,2},
  {0x298F,0x298E,1},
  {0x2990,0x298D,2},
  {0x2991,0x2992,1},
  {0x2992,0x2991,2},
  {0x2993,0x2994,1},
  {0x2994,0x2993,2},
  {0x2995,0x2996,1},
  {0x2996,0x2995,2},
  {0x2997,0x2998,1},
  {0x2998,0x2997,2},
  {0x29D8,0x29D9,1},
  {0x29D9,0x29D8,2},
  {0x29DA,0x29DB,1},
  {0x29DB,0x29DA,2},
  {0x29FC,0x29FD,1},
  {0x29FD,0x29FC,2},
  {0x2E22,0x2E23,1},
  {0x2E23,0x2E22,2},
  {0x2E24,0x2E25,1},
  {0x2E25,0x2E24,2},
  {0x2E26,0x2E27,1},
  {0x2E27,0x2E26,2},
  {0x2E28,0x2E29,1},
  {0x2E29,0x2E28,2},
  {0x2E55,0x2E56,1},
  {0x2E56,0x2E55,2},
  {0x2E57,0x2E58,1},
  {0x2E58,0x2E57,2},
  {0x2E59,0x2E5A,1},
  {0x2E5A,0x2E59,2},
  {0x2E5B,0x2E5C,1},
  {0x2E5C,0x2E5B,2},
  {0x2E62,0x2E63,1},
  {0x2E63,0x2E62,2},
  {0x3008,0x3009,1},
  {0x3009,0x3008,2},
  {0x300A,0x300B,1},
  {0x300B,0x300A,2},
  {0x300C,0x300D,1},
  {0x300D,0x300C,2},
  {0x300E,0x300F,1},
  {0x300F,0x300E,2},
  {0x3010,0x3011,1},
  {0x3011,0x3010,2},
  {0x3014,0x3015,1},
  {0x3015,0x3014,2},
  {0x3016,0x3017,1},
  {0x3017,0x3016,2},
  {0x3018,0x3019,1},
  {0x3019,0x3018,2},
  {0x301A,0x301B,1},
  {0x301B,0x301A,2},
  {0xFE59,0xFE5A,1},
  {0xFE5A,0xFE59,2},
  {0xFE5B,0xFE5C,1},
  {0xFE5C,0xFE5B,2},
  {0xFE5D,0xFE5E,1},
  {0xFE5E,0xFE5D,2},
  {0xFF08,0xFF09,1},
  {0xFF09,0xFF08,2},
  {0xFF3B,0xFF3D,1},
  {0xFF3D,0xFF3B,2},
  {0xFF5B,0xFF5D,1},
  {0xFF5D,0xFF5B,2},
  {0xFF5F,0xFF60,1},
  {0xFF60,0xFF5F,2},
  {0xFF62,0xFF63,1},
  {0xFF63,0xFF62,2},
};

const Mapping kMirror[] = {
  {0x28,0x29},
  {0x29,0x28},
  {0x3C,0x3E},
  {0x3E,0x3C},
  {0x5B,0x5D},
  {0x5D,0x5B},
  {0x7B,0x7D},
  {0x7D,0x7B},
  {0xAB,0xBB},
  {0xBB,0xAB},
  {0xF3A,0xF3B},
  {0xF3B,0xF3A},
  {0xF3C,0xF3D},
  {0xF3D,0xF3C},
  {0x169B,0x169C},
  {0x169C,0x169B},
  {0x2039,0x203A},
  {0x203A,0x2039},
  {0x2045,0x2046},
  {0x2046,0x2045},
  {0x207D,0x207E},
  {0x207E,0x207D},
  {0x208D,0x208E},
  {0x208E,0x208D},
  {0x2208,0x220B},
  {0x2209,0x220C},
  {0x220A,0x220D},
  {0x220B,0x2208},
  {0x220C,0x2209},
  {0x220D,0x220A},
  {0x2215,0x29F5},
  {0x221D,0x1DB10},
  {0x221F,0x2BFE},
  {0x2220,0x29A3},
  {0x2221,0x299B},
  {0x2222,0x29A0},
  {0x2224,0x2AEE},
  {0x223C,0x223D},
  {0x223D,0x223C},
  {0x2243,0x22CD},
  {0x2245,0x224C},
  {0x224C,0x2245},
  {0x2252,0x2253},
  {0x2253,0x2252},
  {0x2254,0x2255},
  {0x2255,0x2254},
  {0x2264,0x2265},
  {0x2265,0x2264},
  {0x2266,0x2267},
  {0x2267,0x2266},
  {0x2268,0x2269},
  {0x2269,0x2268},
  {0x226A,0x226B},
  {0x226B,0x226A},
  {0x226E,0x226F},
  {0x226F,0x226E},
  {0x2270,0x2271},
  {0x2271,0x2270},
  {0x2272,0x2273},
  {0x2273,0x2272},
  {0x2274,0x2275},
  {0x2275,0x2274},
  {0x2276,0x2277},
  {0x2277,0x2276},
  {0x2278,0x2279},
  {0x2279,0x2278},
  {0x227A,0x227B},
  {0x227B,0x227A},
  {0x227C,0x227D},
  {0x227D,0x227C},
  {0x227E,0x227F},
  {0x227F,0x227E},
  {0x2280,0x2281},
  {0x2281,0x2280},
  {0x2282,0x2283},
  {0x2283,0x2282},
  {0x2284,0x2285},
  {0x2285,0x2284},
  {0x2286,0x2287},
  {0x2287,0x2286},
  {0x2288,0x2289},
  {0x2289,0x2288},
  {0x228A,0x228B},
  {0x228B,0x228A},
  {0x228F,0x2290},
  {0x2290,0x228F},
  {0x2291,0x2292},
  {0x2292,0x2291},
  {0x2298,0x29B8},
  {0x22A2,0x22A3},
  {0x22A3,0x22A2},
  {0x22A6,0x2ADE},
  {0x22A8,0x2AE4},
  {0x22A9,0x2AE3},
  {0x22AB,0x2AE5},
  {0x22B0,0x22B1},
  {0x22B1,0x22B0},
  {0x22B2,0x22B3},
  {0x22B3,0x22B2},
  {0x22B4,0x22B5},
  {0x22B5,0x22B4},
  {0x22B6,0x22B7},
  {0x22B7,0x22B6},
  {0x22B8,0x27DC},
  {0x22C9,0x22CA},
  {0x22CA,0x22C9},
  {0x22CB,0x22CC},
  {0x22CC,0x22CB},
  {0x22CD,0x2243},
  {0x22D0,0x22D1},
  {0x22D1,0x22D0},
  {0x22D6,0x22D7},
  {0x22D7,0x22D6},
  {0x22D8,0x22D9},
  {0x22D9,0x22D8},
  {0x22DA,0x22DB},
  {0x22DB,0x22DA},
  {0x22DC,0x22DD},
  {0x22DD,0x22DC},
  {0x22DE,0x22DF},
  {0x22DF,0x22DE},
  {0x22E0,0x22E1},
  {0x22E1,0x22E0},
  {0x22E2,0x22E3},
  {0x22E3,0x22E2},
  {0x22E4,0x22E5},
  {0x22E5,0x22E4},
  {0x22E6,0x22E7},
  {0x22E7,0x22E6},
  {0x22E8,0x22E9},
  {0x22E9,0x22E8},
  {0x22EA,0x22EB},
  {0x22EB,0x22EA},
  {0x22EC,0x22ED},
  {0x22ED,0x22EC},
  {0x22F0,0x22F1},
  {0x22F1,0x22F0},
  {0x22F2,0x22FA},
  {0x22F3,0x22FB},
  {0x22F4,0x22FC},
  {0x22F6,0x22FD},
  {0x22F7,0x22FE},
  {0x22FA,0x22F2},
  {0x22FB,0x22F3},
  {0x22FC,0x22F4},
  {0x22FD,0x22F6},
  {0x22FE,0x22F7},
  {0x2308,0x2309},
  {0x2309,0x2308},
  {0x230A,0x230B},
  {0x230B,0x230A},
  {0x2329,0x232A},
  {0x232A,0x2329},
  {0x2768,0x2769},
  {0x2769,0x2768},
  {0x276A,0x276B},
  {0x276B,0x276A},
  {0x276C,0x276D},
  {0x276D,0x276C},
  {0x276E,0x276F},
  {0x276F,0x276E},
  {0x2770,0x2771},
  {0x2771,0x2770},
  {0x2772,0x2773},
  {0x2773,0x2772},
  {0x2774,0x2775},
  {0x2775,0x2774},
  {0x27C3,0x27C4},
  {0x27C4,0x27C3},
  {0x27C5,0x27C6},
  {0x27C6,0x27C5},
  {0x27C8,0x27C9},
  {0x27C9,0x27C8},
  {0x27CB,0x27CD},
  {0x27CD,0x27CB},
  {0x27D5,0x27D6},
  {0x27D6,0x27D5},
  {0x27DC,0x22B8},
  {0x27DD,0x27DE},
  {0x27DE,0x27DD},
  {0x27E2,0x27E3},
  {0x27E3,0x27E2},
  {0x27E4,0x27E5},
  {0x27E5,0x27E4},
  {0x27E6,0x27E7},
  {0x27E7,0x27E6},
  {0x27E8,0x27E9},
  {0x27E9,0x27E8},
  {0x27EA,0x27EB},
  {0x27EB,0x27EA},
  {0x27EC,0x27ED},
  {0x27ED,0x27EC},
  {0x27EE,0x27EF},
  {0x27EF,0x27EE},
  {0x2983,0x2984},
  {0x2984,0x2983},
  {0x2985,0x2986},
  {0x2986,0x2985},
  {0x2987,0x2988},
  {0x2988,0x2987},
  {0x2989,0x298A},
  {0x298A,0x2989},
  {0x298B,0x298C},
  {0x298C,0x298B},
  {0x298D,0x2990},
  {0x298E,0x298F},
  {0x298F,0x298E},
  {0x2990,0x298D},
  {0x2991,0x2992},
  {0x2992,0x2991},
  {0x2993,0x2994},
  {0x2994,0x2993},
  {0x2995,0x2996},
  {0x2996,0x2995},
  {0x2997,0x2998},
  {0x2998,0x2997},
  {0x299B,0x2221},
  {0x29A0,0x2222},
  {0x29A3,0x2220},
  {0x29A4,0x29A5},
  {0x29A5,0x29A4},
  {0x29A8,0x29A9},
  {0x29A9,0x29A8},
  {0x29AA,0x29AB},
  {0x29AB,0x29AA},
  {0x29AC,0x29AD},
  {0x29AD,0x29AC},
  {0x29AE,0x29AF},
  {0x29AF,0x29AE},
  {0x29B8,0x2298},
  {0x29C0,0x29C1},
  {0x29C1,0x29C0},
  {0x29C4,0x29C5},
  {0x29C5,0x29C4},
  {0x29CF,0x29D0},
  {0x29D0,0x29CF},
  {0x29D1,0x29D2},
  {0x29D2,0x29D1},
  {0x29D4,0x29D5},
  {0x29D5,0x29D4},
  {0x29D8,0x29D9},
  {0x29D9,0x29D8},
  {0x29DA,0x29DB},
  {0x29DB,0x29DA},
  {0x29E8,0x29E9},
  {0x29E9,0x29E8},
  {0x29F5,0x2215},
  {0x29F8,0x29F9},
  {0x29F9,0x29F8},
  {0x29FC,0x29FD},
  {0x29FD,0x29FC},
  {0x2A2B,0x2A2C},
  {0x2A2C,0x2A2B},
  {0x2A2D,0x2A2E},
  {0x2A2E,0x2A2D},
  {0x2A34,0x2A35},
  {0x2A35,0x2A34},
  {0x2A3C,0x2A3D},
  {0x2A3D,0x2A3C},
  {0x2A64,0x2A65},
  {0x2A65,0x2A64},
  {0x2A79,0x2A7A},
  {0x2A7A,0x2A79},
  {0x2A7B,0x2A7C},
  {0x2A7C,0x2A7B},
  {0x2A7D,0x2A7E},
  {0x2A7E,0x2A7D},
  {0x2A7F,0x2A80},
  {0x2A80,0x2A7F},
  {0x2A81,0x2A82},
  {0x2A82,0x2A81},
  {0x2A83,0x2A84},
  {0x2A84,0x2A83},
  {0x2A85,0x2A86},
  {0x2A86,0x2A85},
  {0x2A87,0x2A88},
  {0x2A88,0x2A87},
  {0x2A89,0x2A8A},
  {0x2A8A,0x2A89},
  {0x2A8B,0x2A8C},
  {0x2A8C,0x2A8B},
  {0x2A8D,0x2A8E},
  {0x2A8E,0x2A8D},
  {0x2A8F,0x2A90},
  {0x2A90,0x2A8F},
  {0x2A91,0x2A92},
  {0x2A92,0x2A91},
  {0x2A93,0x2A94},
  {0x2A94,0x2A93},
  {0x2A95,0x2A96},
  {0x2A96,0x2A95},
  {0x2A97,0x2A98},
  {0x2A98,0x2A97},
  {0x2A99,0x2A9A},
  {0x2A9A,0x2A99},
  {0x2A9B,0x2A9C},
  {0x2A9C,0x2A9B},
  {0x2A9D,0x2A9E},
  {0x2A9E,0x2A9D},
  {0x2A9F,0x2AA0},
  {0x2AA0,0x2A9F},
  {0x2AA1,0x2AA2},
  {0x2AA2,0x2AA1},
  {0x2AA6,0x2AA7},
  {0x2AA7,0x2AA6},
  {0x2AA8,0x2AA9},
  {0x2AA9,0x2AA8},
  {0x2AAA,0x2AAB},
  {0x2AAB,0x2AAA},
  {0x2AAC,0x2AAD},
  {0x2AAD,0x2AAC},
  {0x2AAF,0x2AB0},
  {0x2AB0,0x2AAF},
  {0x2AB1,0x2AB2},
  {0x2AB2,0x2AB1},
  {0x2AB3,0x2AB4},
  {0x2AB4,0x2AB3},
  {0x2AB5,0x2AB6},
  {0x2AB6,0x2AB5},
  {0x2AB7,0x2AB8},
  {0x2AB8,0x2AB7},
  {0x2AB9,0x2ABA},
  {0x2ABA,0x2AB9},
  {0x2ABB,0x2ABC},
  {0x2ABC,0x2ABB},
  {0x2ABD,0x2ABE},
  {0x2ABE,0x2ABD},
  {0x2ABF,0x2AC0},
  {0x2AC0,0x2ABF},
  {0x2AC1,0x2AC2},
  {0x2AC2,0x2AC1},
  {0x2AC3,0x2AC4},
  {0x2AC4,0x2AC3},
  {0x2AC5,0x2AC6},
  {0x2AC6,0x2AC5},
  {0x2AC7,0x2AC8},
  {0x2AC8,0x2AC7},
  {0x2AC9,0x2ACA},
  {0x2ACA,0x2AC9},
  {0x2ACB,0x2ACC},
  {0x2ACC,0x2ACB},
  {0x2ACD,0x2ACE},
  {0x2ACE,0x2ACD},
  {0x2ACF,0x2AD0},
  {0x2AD0,0x2ACF},
  {0x2AD1,0x2AD2},
  {0x2AD2,0x2AD1},
  {0x2AD3,0x2AD4},
  {0x2AD4,0x2AD3},
  {0x2AD5,0x2AD6},
  {0x2AD6,0x2AD5},
  {0x2ADE,0x22A6},
  {0x2AE3,0x22A9},
  {0x2AE4,0x22A8},
  {0x2AE5,0x22AB},
  {0x2AEC,0x2AED},
  {0x2AED,0x2AEC},
  {0x2AEE,0x2224},
  {0x2AF7,0x2AF8},
  {0x2AF8,0x2AF7},
  {0x2AF9,0x2AFA},
  {0x2AFA,0x2AF9},
  {0x2BFE,0x221F},
  {0x2E02,0x2E03},
  {0x2E03,0x2E02},
  {0x2E04,0x2E05},
  {0x2E05,0x2E04},
  {0x2E09,0x2E0A},
  {0x2E0A,0x2E09},
  {0x2E0C,0x2E0D},
  {0x2E0D,0x2E0C},
  {0x2E1C,0x2E1D},
  {0x2E1D,0x2E1C},
  {0x2E20,0x2E21},
  {0x2E21,0x2E20},
  {0x2E22,0x2E23},
  {0x2E23,0x2E22},
  {0x2E24,0x2E25},
  {0x2E25,0x2E24},
  {0x2E26,0x2E27},
  {0x2E27,0x2E26},
  {0x2E28,0x2E29},
  {0x2E29,0x2E28},
  {0x2E55,0x2E56},
  {0x2E56,0x2E55},
  {0x2E57,0x2E58},
  {0x2E58,0x2E57},
  {0x2E59,0x2E5A},
  {0x2E5A,0x2E59},
  {0x2E5B,0x2E5C},
  {0x2E5C,0x2E5B},
  {0x2E62,0x2E63},
  {0x2E63,0x2E62},
  {0x3008,0x3009},
  {0x3009,0x3008},
  {0x300A,0x300B},
  {0x300B,0x300A},
  {0x300C,0x300D},
  {0x300D,0x300C},
  {0x300E,0x300F},
  {0x300F,0x300E},
  {0x3010,0x3011},
  {0x3011,0x3010},
  {0x3014,0x3015},
  {0x3015,0x3014},
  {0x3016,0x3017},
  {0x3017,0x3016},
  {0x3018,0x3019},
  {0x3019,0x3018},
  {0x301A,0x301B},
  {0x301B,0x301A},
  {0xFE59,0xFE5A},
  {0xFE5A,0xFE59},
  {0xFE5B,0xFE5C},
  {0xFE5C,0xFE5B},
  {0xFE5D,0xFE5E},
  {0xFE5E,0xFE5D},
  {0xFE64,0xFE65},
  {0xFE65,0xFE64},
  {0xFF08,0xFF09},
  {0xFF09,0xFF08},
  {0xFF1C,0xFF1E},
  {0xFF1E,0xFF1C},
  {0xFF3B,0xFF3D},
  {0xFF3D,0xFF3B},
  {0xFF5B,0xFF5D},
  {0xFF5D,0xFF5B},
  {0xFF5F,0xFF60},
  {0xFF60,0xFF5F},
  {0xFF62,0xFF63},
  {0xFF63,0xFF62},
  {0x1DB03,0x1DB04},
  {0x1DB04,0x1DB03},
  {0x1DB05,0x1DB06},
  {0x1DB06,0x1DB05},
  {0x1DB08,0x1DB09},
  {0x1DB09,0x1DB08},
  {0x1DB10,0x221D},
};

// General_Category: 0 Cn, 1 Lu, 2 Ll, 3 Lt, 4 Lm, 5 Lo, 6 Mn, 7 Mc, 8 Me, 9 Nd, 10 Nl, 11 No, 12 Pc, 13 Pd, 14 Ps, 15 Pe, 16 Pi, 17 Pf, 18 Po, 19 Sm, 20 Sc, 21 Sk, 22 So, 23 Zs, 24 Zl, 25 Zp, 26 Cc, 27 Cf, 28 Cs, 29 Co
const Range kGeneralCategory[] = {
  {0x0,0x1F,26},{0x20,0x20,23},{0x21,0x23,18},{0x24,0x24,20},{0x25,0x27,18},{0x28,0x28,14},{0x29,0x29,15},{0x2A,0x2A,18},{0x2B,0x2B,19},
  {0x2C,0x2C,18},{0x2D,0x2D,13},{0x2E,0x2F,18},{0x30,0x39,9},{0x3A,0x3B,18},{0x3C,0x3E,19},{0x3F,0x40,18},{0x41,0x5A,1},{0x5B,0x5B,14},
  {0x5C,0x5C,18},{0x5D,0x5D,15},{0x5E,0x5E,21},{0x5F,0x5F,12},{0x60,0x60,21},{0x61,0x7A,2},{0x7B,0x7B,14},{0x7C,0x7C,19},{0x7D,0x7D,15},
  {0x7E,0x7E,19},{0x7F,0x9F,26},{0xA0,0xA0,23},{0xA1,0xA1,18},{0xA2,0xA5,20},{0xA6,0xA6,22},{0xA7,0xA7,18},{0xA8,0xA8,21},{0xA9,0xA9,22},
  {0xAA,0xAA,5},{0xAB,0xAB,16},{0xAC,0xAC,19},{0xAD,0xAD,27},{0xAE,0xAE,22},{0xAF,0xAF,21},{0xB0,0xB0,22},{0xB1,0xB1,19},{0xB2,0xB3,11},
  {0xB4,0xB4,21},{0xB5,0xB5,2},{0xB6,0xB7,18},{0xB8,0xB8,21},{0xB9,0xB9,11},{0xBA,0xBA,5},{0xBB,0xBB,17},{0xBC,0xBE,11},{0xBF,0xBF,18},
  {0xC0,0xD6,1},{0xD7,0xD7,19},{0xD8,0xDE,1},{0xDF,0xF6,2},{0xF7,0xF7,19},{0xF8,0xFF,2},{0x100,0x100,1},{0x101,0x101,2},{0x102,0x102,1},
  {0x103,0x103,2},{0x104,0x104,1},{0x105,0x105,2},{0x106,0x106,1},{0x107,0x107,2},{0x108,0x108,1},{0x109,0x109,2},{0x10A,0x10A,1},
  {0x10B,0x10B,2},{0x10C,0x10C,1},{0x10D,0x10D,2},{0x10E,0x10E,1},{0x10F,0x10F,2},{0x110,0x110,1},{0x111,0x111,2},{0x112,0x112,1},
  {0x113,0x113,2},{0x114,0x114,1},{0x115,0x115,2},{0x116,0x116,1},{0x117,0x117,2},{0x118,0x118,1},{0x119,0x119,2},{0x11A,0x11A,1},
  {0x11B,0x11B,2},{0x11C,0x11C,1},{0x11D,0x11D,2},{0x11E,0x11E,1},{0x11F,0x11F,2},{0x120,0x120,1},{0x121,0x121,2},{0x122,0x122,1},
  {0x123,0x123,2},{0x124,0x124,1},{0x125,0x125,2},{0x126,0x126,1},{0x127,0x127,2},{0x128,0x128,1},{0x129,0x129,2},{0x12A,0x12A,1},
  {0x12B,0x12B,2},{0x12C,0x12C,1},{0x12D,0x12D,2},{0x12E,0x12E,1},{0x12F,0x12F,2},{0x130,0x130,1},{0x131,0x131,2},{0x132,0x132,1},
  {0x133,0x133,2},{0x134,0x134,1},{0x135,0x135,2},{0x136,0x136,1},{0x137,0x138,2},{0x139,0x139,1},{0x13A,0x13A,2},{0x13B,0x13B,1},
  {0x13C,0x13C,2},{0x13D,0x13D,1},{0x13E,0x13E,2},{0x13F,0x13F,1},{0x140,0x140,2},{0x141,0x141,1},{0x142,0x142,2},{0x143,0x143,1},
  {0x144,0x144,2},{0x145,0x145,1},{0x146,0x146,2},{0x147,0x147,1},{0x148,0x149,2},{0x14A,0x14A,1},{0x14B,0x14B,2},{0x14C,0x14C,1},
  {0x14D,0x14D,2},{0x14E,0x14E,1},{0x14F,0x14F,2},{0x150,0x150,1},{0x151,0x151,2},{0x152,0x152,1},{0x153,0x153,2},{0x154,0x154,1},
  {0x155,0x155,2},{0x156,0x156,1},{0x157,0x157,2},{0x158,0x158,1},{0x159,0x159,2},{0x15A,0x15A,1},{0x15B,0x15B,2},{0x15C,0x15C,1},
  {0x15D,0x15D,2},{0x15E,0x15E,1},{0x15F,0x15F,2},{0x160,0x160,1},{0x161,0x161,2},{0x162,0x162,1},{0x163,0x163,2},{0x164,0x164,1},
  {0x165,0x165,2},{0x166,0x166,1},{0x167,0x167,2},{0x168,0x168,1},{0x169,0x169,2},{0x16A,0x16A,1},{0x16B,0x16B,2},{0x16C,0x16C,1},
  {0x16D,0x16D,2},{0x16E,0x16E,1},{0x16F,0x16F,2},{0x170,0x170,1},{0x171,0x171,2},{0x172,0x172,1},{0x173,0x173,2},{0x174,0x174,1},
  {0x175,0x175,2},{0x176,0x176,1},{0x177,0x177,2},{0x178,0x179,1},{0x17A,0x17A,2},{0x17B,0x17B,1},{0x17C,0x17C,2},{0x17D,0x17D,1},
  {0x17E,0x180,2},{0x181,0x182,1},{0x183,0x183,2},{0x184,0x184,1},{0x185,0x185,2},{0x186,0x187,1},{0x188,0x188,2},{0x189,0x18B,1},
  {0x18C,0x18D,2},{0x18E,0x191,1},{0x192,0x192,2},{0x193,0x194,1},{0x195,0x195,2},{0x196,0x198,1},{0x199,0x19B,2},{0x19C,0x19D,1},
  {0x19E,0x19E,2},{0x19F,0x1A0,1},{0x1A1,0x1A1,2},{0x1A2,0x1A2,1},{0x1A3,0x1A3,2},{0x1A4,0x1A4,1},{0x1A5,0x1A5,2},{0x1A6,0x1A7,1},
  {0x1A8,0x1A8,2},{0x1A9,0x1A9,1},{0x1AA,0x1AB,2},{0x1AC,0x1AC,1},{0x1AD,0x1AD,2},{0x1AE,0x1AF,1},{0x1B0,0x1B0,2},{0x1B1,0x1B3,1},
  {0x1B4,0x1B4,2},{0x1B5,0x1B5,1},{0x1B6,0x1B6,2},{0x1B7,0x1B8,1},{0x1B9,0x1BA,2},{0x1BB,0x1BB,5},{0x1BC,0x1BC,1},{0x1BD,0x1BF,2},
  {0x1C0,0x1C3,5},{0x1C4,0x1C4,1},{0x1C5,0x1C5,3},{0x1C6,0x1C6,2},{0x1C7,0x1C7,1},{0x1C8,0x1C8,3},{0x1C9,0x1C9,2},{0x1CA,0x1CA,1},
  {0x1CB,0x1CB,3},{0x1CC,0x1CC,2},{0x1CD,0x1CD,1},{0x1CE,0x1CE,2},{0x1CF,0x1CF,1},{0x1D0,0x1D0,2},{0x1D1,0x1D1,1},{0x1D2,0x1D2,2},
  {0x1D3,0x1D3,1},{0x1D4,0x1D4,2},{0x1D5,0x1D5,1},{0x1D6,0x1D6,2},{0x1D7,0x1D7,1},{0x1D8,0x1D8,2},{0x1D9,0x1D9,1},{0x1DA,0x1DA,2},
  {0x1DB,0x1DB,1},{0x1DC,0x1DD,2},{0x1DE,0x1DE,1},{0x1DF,0x1DF,2},{0x1E0,0x1E0,1},{0x1E1,0x1E1,2},{0x1E2,0x1E2,1},{0x1E3,0x1E3,2},
  {0x1E4,0x1E4,1},{0x1E5,0x1E5,2},{0x1E6,0x1E6,1},{0x1E7,0x1E7,2},{0x1E8,0x1E8,1},{0x1E9,0x1E9,2},{0x1EA,0x1EA,1},{0x1EB,0x1EB,2},
  {0x1EC,0x1EC,1},{0x1ED,0x1ED,2},{0x1EE,0x1EE,1},{0x1EF,0x1F0,2},{0x1F1,0x1F1,1},{0x1F2,0x1F2,3},{0x1F3,0x1F3,2},{0x1F4,0x1F4,1},
  {0x1F5,0x1F5,2},{0x1F6,0x1F8,1},{0x1F9,0x1F9,2},{0x1FA,0x1FA,1},{0x1FB,0x1FB,2},{0x1FC,0x1FC,1},{0x1FD,0x1FD,2},{0x1FE,0x1FE,1},
  {0x1FF,0x1FF,2},{0x200,0x200,1},{0x201,0x201,2},{0x202,0x202,1},{0x203,0x203,2},{0x204,0x204,1},{0x205,0x205,2},{0x206,0x206,1},
  {0x207,0x207,2},{0x208,0x208,1},{0x209,0x209,2},{0x20A,0x20A,1},{0x20B,0x20B,2},{0x20C,0x20C,1},{0x20D,0x20D,2},{0x20E,0x20E,1},
  {0x20F,0x20F,2},{0x210,0x210,1},{0x211,0x211,2},{0x212,0x212,1},{0x213,0x213,2},{0x214,0x214,1},{0x215,0x215,2},{0x216,0x216,1},
  {0x217,0x217,2},{0x218,0x218,1},{0x219,0x219,2},{0x21A,0x21A,1},{0x21B,0x21B,2},{0x21C,0x21C,1},{0x21D,0x21D,2},{0x21E,0x21E,1},
  {0x21F,0x21F,2},{0x220,0x220,1},{0x221,0x221,2},{0x222,0x222,1},{0x223,0x223,2},{0x224,0x224,1},{0x225,0x225,2},{0x226,0x226,1},
  {0x227,0x227,2},{0x228,0x228,1},{0x229,0x229,2},{0x22A,0x22A,1},{0x22B,0x22B,2},{0x22C,0x22C,1},{0x22D,0x22D,2},{0x22E,0x22E,1},
  {0x22F,0x22F,2},{0x230,0x230,1},{0x231,0x231,2},{0x232,0x232,1},{0x233,0x239,2},{0x23A,0x23B,1},{0x23C,0x23C,2},{0x23D,0x23E,1},
  {0x23F,0x240,2},{0x241,0x241,1},{0x242,0x242,2},{0x243,0x246,1},{0x247,0x247,2},{0x248,0x248,1},{0x249,0x249,2},{0x24A,0x24A,1},
  {0x24B,0x24B,2},{0x24C,0x24C,1},{0x24D,0x24D,2},{0x24E,0x24E,1},{0x24F,0x293,2},{0x294,0x295,5},{0x296,0x2AF,2},{0x2B0,0x2C1,4},
  {0x2C2,0x2C5,21},{0x2C6,0x2D1,4},{0x2D2,0x2DF,21},{0x2E0,0x2E4,4},{0x2E5,0x2EB,21},{0x2EC,0x2EC,4},{0x2ED,0x2ED,21},{0x2EE,0x2EE,4},
  {0x2EF,0x2FF,21},{0x300,0x36F,6},{0x370,0x370,1},{0x371,0x371,2},{0x372,0x372,1},{0x373,0x373,2},{0x374,0x374,4},{0x375,0x375,21},
  {0x376,0x376,1},{0x377,0x377,2},{0x37A,0x37A,4},{0x37B,0x37D,2},{0x37E,0x37E,18},{0x37F,0x37F,1},{0x384,0x385,21},{0x386,0x386,1},
  {0x387,0x387,18},{0x388,0x38A,1},{0x38C,0x38C,1},{0x38E,0x38F,1},{0x390,0x390,2},{0x391,0x3A1,1},{0x3A3,0x3AB,1},{0x3AC,0x3CE,2},
  {0x3CF,0x3CF,1},{0x3D0,0x3D1,2},{0x3D2,0x3D4,1},{0x3D5,0x3D7,2},{0x3D8,0x3D8,1},{0x3D9,0x3D9,2},{0x3DA,0x3DA,1},{0x3DB,0x3DB,2},
  {0x3DC,0x3DC,1},{0x3DD,0x3DD,2},{0x3DE,0x3DE,1},{0x3DF,0x3DF,2},{0x3E0,0x3E0,1},{0x3E1,0x3E1,2},{0x3E2,0x3E2,1},{0x3E3,0x3E3,2},
  {0x3E4,0x3E4,1},{0x3E5,0x3E5,2},{0x3E6,0x3E6,1},{0x3E7,0x3E7,2},{0x3E8,0x3E8,1},{0x3E9,0x3E9,2},{0x3EA,0x3EA,1},{0x3EB,0x3EB,2},
  {0x3EC,0x3EC,1},{0x3ED,0x3ED,2},{0x3EE,0x3EE,1},{0x3EF,0x3F3,2},{0x3F4,0x3F4,1},{0x3F5,0x3F5,2},{0x3F6,0x3F6,19},{0x3F7,0x3F7,1},
  {0x3F8,0x3F8,2},{0x3F9,0x3FA,1},{0x3FB,0x3FC,2},{0x3FD,0x42F,1},{0x430,0x45F,2},{0x460,0x460,1},{0x461,0x461,2},{0x462,0x462,1},
  {0x463,0x463,2},{0x464,0x464,1},{0x465,0x465,2},{0x466,0x466,1},{0x467,0x467,2},{0x468,0x468,1},{0x469,0x469,2},{0x46A,0x46A,1},
  {0x46B,0x46B,2},{0x46C,0x46C,1},{0x46D,0x46D,2},{0x46E,0x46E,1},{0x46F,0x46F,2},{0x470,0x470,1},{0x471,0x471,2},{0x472,0x472,1},
  {0x473,0x473,2},{0x474,0x474,1},{0x475,0x475,2},{0x476,0x476,1},{0x477,0x477,2},{0x478,0x478,1},{0x479,0x479,2},{0x47A,0x47A,1},
  {0x47B,0x47B,2},{0x47C,0x47C,1},{0x47D,0x47D,2},{0x47E,0x47E,1},{0x47F,0x47F,2},{0x480,0x480,1},{0x481,0x481,2},{0x482,0x482,22},
  {0x483,0x487,6},{0x488,0x489,8},{0x48A,0x48A,1},{0x48B,0x48B,2},{0x48C,0x48C,1},{0x48D,0x48D,2},{0x48E,0x48E,1},{0x48F,0x48F,2},
  {0x490,0x490,1},{0x491,0x491,2},{0x492,0x492,1},{0x493,0x493,2},{0x494,0x494,1},{0x495,0x495,2},{0x496,0x496,1},{0x497,0x497,2},
  {0x498,0x498,1},{0x499,0x499,2},{0x49A,0x49A,1},{0x49B,0x49B,2},{0x49C,0x49C,1},{0x49D,0x49D,2},{0x49E,0x49E,1},{0x49F,0x49F,2},
  {0x4A0,0x4A0,1},{0x4A1,0x4A1,2},{0x4A2,0x4A2,1},{0x4A3,0x4A3,2},{0x4A4,0x4A4,1},{0x4A5,0x4A5,2},{0x4A6,0x4A6,1},{0x4A7,0x4A7,2},
  {0x4A8,0x4A8,1},{0x4A9,0x4A9,2},{0x4AA,0x4AA,1},{0x4AB,0x4AB,2},{0x4AC,0x4AC,1},{0x4AD,0x4AD,2},{0x4AE,0x4AE,1},{0x4AF,0x4AF,2},
  {0x4B0,0x4B0,1},{0x4B1,0x4B1,2},{0x4B2,0x4B2,1},{0x4B3,0x4B3,2},{0x4B4,0x4B4,1},{0x4B5,0x4B5,2},{0x4B6,0x4B6,1},{0x4B7,0x4B7,2},
  {0x4B8,0x4B8,1},{0x4B9,0x4B9,2},{0x4BA,0x4BA,1},{0x4BB,0x4BB,2},{0x4BC,0x4BC,1},{0x4BD,0x4BD,2},{0x4BE,0x4BE,1},{0x4BF,0x4BF,2},
  {0x4C0,0x4C1,1},{0x4C2,0x4C2,2},{0x4C3,0x4C3,1},{0x4C4,0x4C4,2},{0x4C5,0x4C5,1},{0x4C6,0x4C6,2},{0x4C7,0x4C7,1},{0x4C8,0x4C8,2},
  {0x4C9,0x4C9,1},{0x4CA,0x4CA,2},{0x4CB,0x4CB,1},{0x4CC,0x4CC,2},{0x4CD,0x4CD,1},{0x4CE,0x4CF,2},{0x4D0,0x4D0,1},{0x4D1,0x4D1,2},
  {0x4D2,0x4D2,1},{0x4D3,0x4D3,2},{0x4D4,0x4D4,1},{0x4D5,0x4D5,2},{0x4D6,0x4D6,1},{0x4D7,0x4D7,2},{0x4D8,0x4D8,1},{0x4D9,0x4D9,2},
  {0x4DA,0x4DA,1},{0x4DB,0x4DB,2},{0x4DC,0x4DC,1},{0x4DD,0x4DD,2},{0x4DE,0x4DE,1},{0x4DF,0x4DF,2},{0x4E0,0x4E0,1},{0x4E1,0x4E1,2},
  {0x4E2,0x4E2,1},{0x4E3,0x4E3,2},{0x4E4,0x4E4,1},{0x4E5,0x4E5,2},{0x4E6,0x4E6,1},{0x4E7,0x4E7,2},{0x4E8,0x4E8,1},{0x4E9,0x4E9,2},
  {0x4EA,0x4EA,1},{0x4EB,0x4EB,2},{0x4EC,0x4EC,1},{0x4ED,0x4ED,2},{0x4EE,0x4EE,1},{0x4EF,0x4EF,2},{0x4F0,0x4F0,1},{0x4F1,0x4F1,2},
  {0x4F2,0x4F2,1},{0x4F3,0x4F3,2},{0x4F4,0x4F4,1},{0x4F5,0x4F5,2},{0x4F6,0x4F6,1},{0x4F7,0x4F7,2},{0x4F8,0x4F8,1},{0x4F9,0x4F9,2},
  {0x4FA,0x4FA,1},{0x4FB,0x4FB,2},{0x4FC,0x4FC,1},{0x4FD,0x4FD,2},{0x4FE,0x4FE,1},{0x4FF,0x4FF,2},{0x500,0x500,1},{0x501,0x501,2},
  {0x502,0x502,1},{0x503,0x503,2},{0x504,0x504,1},{0x505,0x505,2},{0x506,0x506,1},{0x507,0x507,2},{0x508,0x508,1},{0x509,0x509,2},
  {0x50A,0x50A,1},{0x50B,0x50B,2},{0x50C,0x50C,1},{0x50D,0x50D,2},{0x50E,0x50E,1},{0x50F,0x50F,2},{0x510,0x510,1},{0x511,0x511,2},
  {0x512,0x512,1},{0x513,0x513,2},{0x514,0x514,1},{0x515,0x515,2},{0x516,0x516,1},{0x517,0x517,2},{0x518,0x518,1},{0x519,0x519,2},
  {0x51A,0x51A,1},{0x51B,0x51B,2},{0x51C,0x51C,1},{0x51D,0x51D,2},{0x51E,0x51E,1},{0x51F,0x51F,2},{0x520,0x520,1},{0x521,0x521,2},
  {0x522,0x522,1},{0x523,0x523,2},{0x524,0x524,1},{0x525,0x525,2},{0x526,0x526,1},{0x527,0x527,2},{0x528,0x528,1},{0x529,0x529,2},
  {0x52A,0x52A,1},{0x52B,0x52B,2},{0x52C,0x52C,1},{0x52D,0x52D,2},{0x52E,0x52E,1},{0x52F,0x52F,2},{0x531,0x556,1},{0x558,0x559,4},
  {0x55A,0x55F,18},{0x560,0x588,2},{0x589,0x589,18},{0x58A,0x58A,13},{0x58B,0x58C,4},{0x58D,0x58E,22},{0x58F,0x58F,20},{0x591,0x5BD,6},
  {0x5BE,0x5BE,13},{0x5BF,0x5BF,6},{0x5C0,0x5C0,18},{0x5C1,0x5C2,6},{0x5C3,0x5C3,18},{0x5C4,0x5C5,6},{0x5C6,0x5C6,18},{0x5C7,0x5C9,6},
  {0x5D0,0x5EA,5},{0x5EF,0x5F2,5},{0x5F3,0x5F4,18},{0x600,0x605,27},{0x606,0x608,19},{0x609,0x60A,18},{0x60B,0x60B,20},{0x60C,0x60D,18},
  {0x60E,0x60F,22},{0x610,0x61A,6},{0x61B,0x61B,18},{0x61C,0x61C,27},{0x61D,0x61F,18},{0x620,0x63F,5},{0x640,0x640,4},{0x641,0x64A,5},
  {0x64B,0x65F,6},{0x660,0x669,9},{0x66A,0x66D,18},{0x66E,0x66F,5},{0x670,0x670,6},{0x671,0x6D3,5},{0x6D4,0x6D4,18},{0x6D5,0x6D5,5},
  {0x6D6,0x6DC,6},{0x6DD,0x6DD,27},{0x6DE,0x6DE,22},{0x6DF,0x6E4,6},{0x6E5,0x6E6,4},{0x6E7,0x6E8,6},{0x6E9,0x6E9,22},{0x6EA,0x6ED,6},
  {0x6EE,0x6EF,5},{0x6F0,0x6F9,9},{0x6FA,0x6FC,5},{0x6FD,0x6FE,22},{0x6FF,0x6FF,5},{0x700,0x70D,18},{0x70F,0x70F,27},{0x710,0x710,5},
  {0x711,0x711,6},{0x712,0x72F,5},{0x730,0x74A,6},{0x74D,0x7A5,5},{0x7A6,0x7B0,6},{0x7B1,0x7B1,5},{0x7C0,0x7C9,9},{0x7CA,0x7EA,5},
  {0x7EB,0x7F3,6},{0x7F4,0x7F5,4},{0x7F6,0x7F6,22},{0x7F7,0x7F9,18},{0x7FA,0x7FA,4},{0x7FD,0x7FD,6},{0x7FE,0x7FF,20},{0x800,0x815,5},
  {0x816,0x819,6},{0x81A,0x81A,4},{0x81B,0x823,6},{0x824,0x824,4},{0x825,0x827,6},{0x828,0x828,4},{0x829,0x82D,6},{0x830,0x83E,18},
  {0x840,0x858,5},{0x859,0x85B,6},{0x85E,0x85E,18},{0x860,0x86A,5},{0x870,0x887,5},{0x888,0x888,21},{0x889,0x88F,5},{0x890,0x891,27},
  {0x897,0x89F,6},{0x8A0,0x8C8,5},{0x8C9,0x8C9,4},{0x8CA,0x8E1,6},{0x8E2,0x8E2,27},{0x8E3,0x902,6},{0x903,0x903,7},{0x904,0x939,5},
  {0x93A,0x93A,6},{0x93B,0x93B,7},{0x93C,0x93C,6},{0x93D,0x93D,5},{0x93E,0x940,7},{0x941,0x948,6},{0x949,0x94C,7},{0x94D,0x94D,6},
  {0x94E,0x94F,7},{0x950,0x950,5},{0x951,0x957,6},{0x958,0x961,5},{0x962,0x963,6},{0x964,0x965,18},{0x966,0x96F,9},{0x970,0x970,18},
  {0x971,0x971,4},{0x972,0x980,5},{0x981,0x981,6},{0x982,0x983,7},{0x985,0x98C,5},{0x98F,0x990,5},{0x993,0x9A8,5},{0x9AA,0x9B0,5},
  {0x9B2,0x9B2,5},{0x9B6,0x9B9,5},{0x9BC,0x9BC,6},{0x9BD,0x9BD,5},{0x9BE,0x9C0,7},{0x9C1,0x9C4,6},{0x9C7,0x9C8,7},{0x9CB,0x9CC,7},
  {0x9CD,0x9CD,6},{0x9CE,0x9CE,5},{0x9D7,0x9D7,7},{0x9DC,0x9DD,5},{0x9DF,0x9E1,5},{0x9E2,0x9E3,6},{0x9E6,0x9EF,9},{0x9F0,0x9F1,5},
  {0x9F2,0x9F3,20},{0x9F4,0x9F9,11},{0x9FA,0x9FA,22},{0x9FB,0x9FB,20},{0x9FC,0x9FC,5},{0x9FD,0x9FD,18},{0x9FE,0x9FE,6},{0xA01,0xA02,6},
  {0xA03,0xA03,7},{0xA05,0xA0A,5},{0xA0F,0xA10,5},{0xA13,0xA28,5},{0xA2A,0xA30,5},{0xA32,0xA33,5},{0xA35,0xA36,5},{0xA38,0xA39,5},
  {0xA3C,0xA3C,6},{0xA3E,0xA40,7},{0xA41,0xA42,6},{0xA47,0xA48,6},{0xA4B,0xA4D,6},{0xA51,0xA51,6},{0xA59,0xA5C,5},{0xA5E,0xA5E,5},
  {0xA66,0xA6F,9},{0xA70,0xA71,6},{0xA72,0xA74,5},{0xA75,0xA75,6},{0xA76,0xA76,18},{0xA81,0xA82,6},{0xA83,0xA83,7},{0xA85,0xA8D,5},
  {0xA8F,0xA91,5},{0xA93,0xAA8,5},{0xAAA,0xAB0,5},{0xAB2,0xAB3,5},{0xAB5,0xAB9,5},{0xABC,0xABC,6},{0xABD,0xABD,5},{0xABE,0xAC0,7},
  {0xAC1,0xAC5,6},{0xAC7,0xAC8,6},{0xAC9,0xAC9,7},{0xACB,0xACC,7},{0xACD,0xACD,6},{0xAD0,0xAD0,5},{0xAE0,0xAE1,5},{0xAE2,0xAE3,6},
  {0xAE6,0xAEF,9},{0xAF0,0xAF0,18},{0xAF1,0xAF1,20},{0xAF9,0xAF9,5},{0xAFA,0xAFF,6},{0xB01,0xB01,6},{0xB02,0xB03,7},{0xB05,0xB0C,5},
  {0xB0F,0xB10,5},{0xB13,0xB28,5},{0xB2A,0xB30,5},{0xB32,0xB33,5},{0xB35,0xB39,5},{0xB3C,0xB3C,6},{0xB3D,0xB3D,5},{0xB3E,0xB3E,7},
  {0xB3F,0xB3F,6},{0xB40,0xB40,7},{0xB41,0xB44,6},{0xB47,0xB48,7},{0xB4B,0xB4C,7},{0xB4D,0xB4D,6},{0xB53,0xB56,6},{0xB57,0xB57,7},
  {0xB5C,0xB5D,5},{0xB5F,0xB61,5},{0xB62,0xB63,6},{0xB66,0xB6F,9},{0xB70,0xB70,22},{0xB71,0xB71,5},{0xB72,0xB77,11},{0xB82,0xB82,6},
  {0xB83,0xB83,5},{0xB85,0xB8A,5},{0xB8E,0xB90,5},{0xB92,0xB95,5},{0xB99,0xB9A,5},{0xB9C,0xB9C,5},{0xB9E,0xB9F,5},{0xBA3,0xBA4,5},
  {0xBA8,0xBAA,5},{0xBAE,0xBB9,5},{0xBBE,0xBBF,7},{0xBC0,0xBC0,6},{0xBC1,0xBC2,7},{0xBC6,0xBC8,7},{0xBCA,0xBCC,7},{0xBCD,0xBCD,6},
  {0xBD0,0xBD0,5},{0xBD7,0xBD7,7},{0xBE6,0xBEF,9},{0xBF0,0xBF2,11},{0xBF3,0xBF8,22},{0xBF9,0xBF9,20},{0xBFA,0xBFA,22},{0xC00,0xC00,6},
  {0xC01,0xC03,7},{0xC04,0xC04,6},{0xC05,0xC0C,5},{0xC0E,0xC10,5},{0xC12,0xC28,5},{0xC2A,0xC39,5},{0xC3C,0xC3C,6},{0xC3D,0xC3D,5},
  {0xC3E,0xC40,6},{0xC41,0xC44,7},{0xC46,0xC48,6},{0xC4A,0xC4D,6},{0xC55,0xC56,6},{0xC58,0xC5A,5},{0xC5C,0xC5D,5},{0xC60,0xC61,5},
  {0xC62,0xC63,6},{0xC66,0xC6F,9},{0xC77,0xC77,18},{0xC78,0xC7E,11},{0xC7F,0xC7F,22},{0xC80,0xC80,5},{0xC81,0xC81,6},{0xC82,0xC83,7},
  {0xC84,0xC84,18},{0xC85,0xC8C,5},{0xC8E,0xC90,5},{0xC92,0xCA8,5},{0xCAA,0xCB3,5},{0xCB5,0xCB9,5},{0xCBC,0xCBC,6},{0xCBD,0xCBD,5},
  {0xCBE,0xCBE,7},{0xCBF,0xCBF,6},{0xCC0,0xCC4,7},{0xCC6,0xCC6,6},{0xCC7,0xCC8,7},{0xCCA,0xCCB,7},{0xCCC,0xCCD,6},{0xCD5,0xCD6,7},
  {0xCDC,0xCDE,5},{0xCE0,0xCE1,5},{0xCE2,0xCE3,6},{0xCE6,0xCEF,9},{0xCF1,0xCF2,5},{0xCF3,0xCF3,7},{0xD00,0xD01,6},{0xD02,0xD03,7},
  {0xD04,0xD0C,5},{0xD0E,0xD10,5},{0xD12,0xD3A,5},{0xD3B,0xD3C,6},{0xD3D,0xD3D,5},{0xD3E,0xD40,7},{0xD41,0xD44,6},{0xD46,0xD48,7},
  {0xD4A,0xD4C,7},{0xD4D,0xD4D,6},{0xD4E,0xD4E,5},{0xD4F,0xD4F,22},{0xD54,0xD56,5},{0xD57,0xD57,7},{0xD58,0xD5E,11},{0xD5F,0xD61,5},
  {0xD62,0xD63,6},{0xD66,0xD6F,9},{0xD70,0xD78,11},{0xD79,0xD79,22},{0xD7A,0xD7F,5},{0xD81,0xD81,6},{0xD82,0xD83,7},{0xD85,0xD96,5},
  {0xD9A,0xDB1,5},{0xDB3,0xDBB,5},{0xDBD,0xDBD,5},{0xDC0,0xDC6,5},{0xDCA,0xDCA,6},{0xDCF,0xDD1,7},{0xDD2,0xDD4,6},{0xDD6,0xDD6,6},
  {0xDD8,0xDDF,7},{0xDE6,0xDEF,9},{0xDF2,0xDF3,7},{0xDF4,0xDF4,18},{0xE01,0xE30,5},{0xE31,0xE31,6},{0xE32,0xE33,5},{0xE34,0xE3A,6},
  {0xE3F,0xE3F,20},{0xE40,0xE45,5},{0xE46,0xE46,4},{0xE47,0xE4E,6},{0xE4F,0xE4F,18},{0xE50,0xE59,9},{0xE5A,0xE5B,18},{0xE81,0xE82,5},
  {0xE84,0xE84,5},{0xE86,0xE8A,5},{0xE8C,0xEA3,5},{0xEA5,0xEA5,5},{0xEA7,0xEB0,5},{0xEB1,0xEB1,6},{0xEB2,0xEB3,5},{0xEB4,0xEBC,6},
  {0xEBD,0xEBD,5},{0xEC0,0xEC4,5},{0xEC6,0xEC6,4},{0xEC8,0xECE,6},{0xED0,0xED9,9},{0xEDC,0xEDF,5},{0xF00,0xF00,5},{0xF01,0xF03,22},
  {0xF04,0xF12,18},{0xF13,0xF13,22},{0xF14,0xF14,18},{0xF15,0xF17,22},{0xF18,0xF19,6},{0xF1A,0xF1F,22},{0xF20,0xF29,9},{0xF2A,0xF33,11},
  {0xF34,0xF34,22},{0xF35,0xF35,6},{0xF36,0xF36,22},{0xF37,0xF37,6},{0xF38,0xF38,22},{0xF39,0xF39,6},{0xF3A,0xF3A,14},{0xF3B,0xF3B,15},
  {0xF3C,0xF3C,14},{0xF3D,0xF3D,15},{0xF3E,0xF3F,7},{0xF40,0xF47,5},{0xF49,0xF6C,5},{0xF71,0xF7E,6},{0xF7F,0xF7F,7},{0xF80,0xF84,6},
  {0xF85,0xF85,18},{0xF86,0xF87,6},{0xF88,0xF8C,5},{0xF8D,0xF97,6},{0xF99,0xFBC,6},{0xFBE,0xFC5,22},{0xFC6,0xFC6,6},{0xFC7,0xFCC,22},
  {0xFCE,0xFCF,22},{0xFD0,0xFD4,18},{0xFD5,0xFD8,22},{0xFD9,0xFDA,18},{0x1000,0x102A,5},{0x102B,0x102C,7},{0x102D,0x1030,6},
  {0x1031,0x1031,7},{0x1032,0x1037,6},{0x1038,0x1038,7},{0x1039,0x103A,6},{0x103B,0x103C,7},{0x103D,0x103E,6},{0x103F,0x103F,5},
  {0x1040,0x1049,9},{0x104A,0x104F,18},{0x1050,0x1055,5},{0x1056,0x1057,7},{0x1058,0x1059,6},{0x105A,0x105D,5},{0x105E,0x1060,6},
  {0x1061,0x1061,5},{0x1062,0x1064,7},{0x1065,0x1066,5},{0x1067,0x106D,7},{0x106E,0x1070,5},{0x1071,0x1074,6},{0x1075,0x1081,5},
  {0x1082,0x1082,6},{0x1083,0x1084,7},{0x1085,0x1086,6},{0x1087,0x108C,7},{0x108D,0x108D,6},{0x108E,0x108E,5},{0x108F,0x108F,7},
  {0x1090,0x1099,9},{0x109A,0x109C,7},{0x109D,0x109D,6},{0x109E,0x109F,22},{0x10A0,0x10C5,1},{0x10C7,0x10C7,1},{0x10CD,0x10CD,1},
  {0x10D0,0x10FA,2},{0x10FB,0x10FB,18},{0x10FC,0x10FC,4},{0x10FD,0x10FF,2},{0x1100,0x1248,5},{0x124A,0x124D,5},{0x1250,0x1256,5},
  {0x1258,0x1258,5},{0x125A,0x125D,5},{0x1260,0x1288,5},{0x128A,0x128D,5},{0x1290,0x12B0,5},{0x12B2,0x12B5,5},{0x12B8,0x12BE,5},
  {0x12C0,0x12C0,5},{0x12C2,0x12C5,5},{0x12C8,0x12D6,5},{0x12D8,0x1310,5},{0x1312,0x1315,5},{0x1318,0x135A,5},{0x135D,0x135F,6},
  {0x1360,0x1368,18},{0x1369,0x137C,11},{0x1380,0x138F,5},{0x1390,0x1399,22},{0x13A0,0x13F5,1},{0x13F8,0x13FD,2},{0x1400,0x1400,13},
  {0x1401,0x166C,5},{0x166D,0x166D,22},{0x166E,0x166E,18},{0x166F,0x167F,5},{0x1680,0x1680,23},{0x1681,0x169A,5},{0x169B,0x169B,14},
  {0x169C,0x169C,15},{0x16A0,0x16EA,5},{0x16EB,0x16ED,18},{0x16EE,0x16F0,10},{0x16F1,0x16F8,5},{0x1700,0x1711,5},{0x1712,0x1714,6},
  {0x1715,0x1715,7},{0x171F,0x1731,5},{0x1732,0x1733,6},{0x1734,0x1734,7},{0x1735,0x1736,18},{0x1740,0x1751,5},{0x1752,0x1753,6},
  {0x1760,0x176C,5},{0x176E,0x1770,5},{0x1772,0x1773,6},{0x1780,0x17B3,5},{0x17B4,0x17B5,6},{0x17B6,0x17B6,7},{0x17B7,0x17BD,6},
  {0x17BE,0x17C5,7},{0x17C6,0x17C6,6},{0x17C7,0x17C8,7},{0x17C9,0x17D3,6},{0x17D4,0x17D6,18},{0x17D7,0x17D7,4},{0x17D8,0x17DA,18},
  {0x17DB,0x17DB,20},{0x17DC,0x17DC,5},{0x17DD,0x17DD,6},{0x17E0,0x17E9,9},{0x17F0,0x17F9,11},{0x1800,0x1805,18},{0x1806,0x1806,13},
  {0x1807,0x180A,18},{0x180B,0x180D,6},{0x180E,0x180E,27},{0x180F,0x180F,6},{0x1810,0x1819,9},{0x1820,0x1842,5},{0x1843,0x1843,4},
  {0x1844,0x1878,5},{0x1880,0x1884,5},{0x1885,0x1886,6},{0x1887,0x18A8,5},{0x18A9,0x18A9,6},{0x18AA,0x18AA,5},{0x18B0,0x18F5,5},
  {0x1900,0x191E,5},{0x1920,0x1922,6},{0x1923,0x1926,7},{0x1927,0x1928,6},{0x1929,0x192B,7},{0x1930,0x1931,7},{0x1932,0x1932,6},
  {0x1933,0x1938,7},{0x1939,0x193B,6},{0x1940,0x1940,22},{0x1944,0x1945,18},{0x1946,0x194F,9},{0x1950,0x196D,5},{0x1970,0x1974,5},
  {0x1980,0x19AB,5},{0x19B0,0x19C9,5},{0x19D0,0x19D9,9},{0x19DA,0x19DA,11},{0x19DE,0x19FF,22},{0x1A00,0x1A16,5},{0x1A17,0x1A18,6},
  {0x1A19,0x1A1A,7},{0x1A1B,0x1A1B,6},{0x1A1E,0x1A1F,18},{0x1A20,0x1A54,5},{0x1A55,0x1A55,7},{0x1A56,0x1A56,6},{0x1A57,0x1A57,7},
  {0x1A58,0x1A5E,6},{0x1A60,0x1A60,6},{0x1A61,0x1A61,7},{0x1A62,0x1A62,6},{0x1A63,0x1A64,7},{0x1A65,0x1A6C,6},{0x1A6D,0x1A72,7},
  {0x1A73,0x1A7C,6},{0x1A7F,0x1A7F,6},{0x1A80,0x1A89,9},{0x1A90,0x1A99,9},{0x1AA0,0x1AA6,18},{0x1AA7,0x1AA7,4},{0x1AA8,0x1AAD,18},
  {0x1AB0,0x1ABD,6},{0x1ABE,0x1ABE,8},{0x1ABF,0x1AF0,6},{0x1B00,0x1B03,6},{0x1B04,0x1B04,7},{0x1B05,0x1B33,5},{0x1B34,0x1B34,6},
  {0x1B35,0x1B35,7},{0x1B36,0x1B3A,6},{0x1B3B,0x1B3B,7},{0x1B3C,0x1B3C,6},{0x1B3D,0x1B41,7},{0x1B42,0x1B42,6},{0x1B43,0x1B44,7},
  {0x1B45,0x1B4C,5},{0x1B4E,0x1B4F,18},{0x1B50,0x1B59,9},{0x1B5A,0x1B60,18},{0x1B61,0x1B6A,22},{0x1B6B,0x1B73,6},{0x1B74,0x1B7C,22},
  {0x1B7D,0x1B7F,18},{0x1B80,0x1B81,6},{0x1B82,0x1B82,7},{0x1B83,0x1BA0,5},{0x1BA1,0x1BA1,7},{0x1BA2,0x1BA5,6},{0x1BA6,0x1BA7,7},
  {0x1BA8,0x1BA9,6},{0x1BAA,0x1BAA,7},{0x1BAB,0x1BAD,6},{0x1BAE,0x1BAF,5},{0x1BB0,0x1BB9,9},{0x1BBA,0x1BE5,5},{0x1BE6,0x1BE6,6},
  {0x1BE7,0x1BE7,7},{0x1BE8,0x1BE9,6},{0x1BEA,0x1BEC,7},{0x1BED,0x1BED,6},{0x1BEE,0x1BEE,7},{0x1BEF,0x1BF1,6},{0x1BF2,0x1BF3,7},
  {0x1BFC,0x1BFF,18},{0x1C00,0x1C23,5},{0x1C24,0x1C2B,7},{0x1C2C,0x1C33,6},{0x1C34,0x1C35,7},{0x1C36,0x1C37,6},{0x1C3B,0x1C3F,18},
  {0x1C40,0x1C49,9},{0x1C4D,0x1C4F,5},{0x1C50,0x1C59,9},{0x1C5A,0x1C77,5},{0x1C78,0x1C7D,4},{0x1C7E,0x1C7F,18},{0x1C80,0x1C88,2},
  {0x1C89,0x1C89,1},{0x1C8A,0x1C8A,2},{0x1C90,0x1CBA,1},{0x1CBD,0x1CBF,1},{0x1CC0,0x1CC7,18},{0x1CD0,0x1CD2,6},{0x1CD3,0x1CD3,18},
  {0x1CD4,0x1CE0,6},{0x1CE1,0x1CE1,7},{0x1CE2,0x1CE8,6},{0x1CE9,0x1CEC,5},{0x1CED,0x1CED,6},{0x1CEE,0x1CF3,5},{0x1CF4,0x1CF4,6},
  {0x1CF5,0x1CF6,5},{0x1CF7,0x1CF7,7},{0x1CF8,0x1CF9,6},{0x1CFA,0x1CFA,5},{0x1D00,0x1D2B,2},{0x1D2C,0x1D6A,4},{0x1D6B,0x1D77,2},
  {0x1D78,0x1D78,4},{0x1D79,0x1D9A,2},{0x1D9B,0x1DBF,4},{0x1DC0,0x1DFF,6},{0x1E00,0x1E00,1},{0x1E01,0x1E01,2},{0x1E02,0x1E02,1},
  {0x1E03,0x1E03,2},{0x1E04,0x1E04,1},{0x1E05,0x1E05,2},{0x1E06,0x1E06,1},{0x1E07,0x1E07,2},{0x1E08,0x1E08,1},{0x1E09,0x1E09,2},
  {0x1E0A,0x1E0A,1},{0x1E0B,0x1E0B,2},{0x1E0C,0x1E0C,1},{0x1E0D,0x1E0D,2},{0x1E0E,0x1E0E,1},{0x1E0F,0x1E0F,2},{0x1E10,0x1E10,1},
  {0x1E11,0x1E11,2},{0x1E12,0x1E12,1},{0x1E13,0x1E13,2},{0x1E14,0x1E14,1},{0x1E15,0x1E15,2},{0x1E16,0x1E16,1},{0x1E17,0x1E17,2},
  {0x1E18,0x1E18,1},{0x1E19,0x1E19,2},{0x1E1A,0x1E1A,1},{0x1E1B,0x1E1B,2},{0x1E1C,0x1E1C,1},{0x1E1D,0x1E1D,2},{0x1E1E,0x1E1E,1},
  {0x1E1F,0x1E1F,2},{0x1E20,0x1E20,1},{0x1E21,0x1E21,2},{0x1E22,0x1E22,1},{0x1E23,0x1E23,2},{0x1E24,0x1E24,1},{0x1E25,0x1E25,2},
  {0x1E26,0x1E26,1},{0x1E27,0x1E27,2},{0x1E28,0x1E28,1},{0x1E29,0x1E29,2},{0x1E2A,0x1E2A,1},{0x1E2B,0x1E2B,2},{0x1E2C,0x1E2C,1},
  {0x1E2D,0x1E2D,2},{0x1E2E,0x1E2E,1},{0x1E2F,0x1E2F,2},{0x1E30,0x1E30,1},{0x1E31,0x1E31,2},{0x1E32,0x1E32,1},{0x1E33,0x1E33,2},
  {0x1E34,0x1E34,1},{0x1E35,0x1E35,2},{0x1E36,0x1E36,1},{0x1E37,0x1E37,2},{0x1E38,0x1E38,1},{0x1E39,0x1E39,2},{0x1E3A,0x1E3A,1},
  {0x1E3B,0x1E3B,2},{0x1E3C,0x1E3C,1},{0x1E3D,0x1E3D,2},{0x1E3E,0x1E3E,1},{0x1E3F,0x1E3F,2},{0x1E40,0x1E40,1},{0x1E41,0x1E41,2},
  {0x1E42,0x1E42,1},{0x1E43,0x1E43,2},{0x1E44,0x1E44,1},{0x1E45,0x1E45,2},{0x1E46,0x1E46,1},{0x1E47,0x1E47,2},{0x1E48,0x1E48,1},
  {0x1E49,0x1E49,2},{0x1E4A,0x1E4A,1},{0x1E4B,0x1E4B,2},{0x1E4C,0x1E4C,1},{0x1E4D,0x1E4D,2},{0x1E4E,0x1E4E,1},{0x1E4F,0x1E4F,2},
  {0x1E50,0x1E50,1},{0x1E51,0x1E51,2},{0x1E52,0x1E52,1},{0x1E53,0x1E53,2},{0x1E54,0x1E54,1},{0x1E55,0x1E55,2},{0x1E56,0x1E56,1},
  {0x1E57,0x1E57,2},{0x1E58,0x1E58,1},{0x1E59,0x1E59,2},{0x1E5A,0x1E5A,1},{0x1E5B,0x1E5B,2},{0x1E5C,0x1E5C,1},{0x1E5D,0x1E5D,2},
  {0x1E5E,0x1E5E,1},{0x1E5F,0x1E5F,2},{0x1E60,0x1E60,1},{0x1E61,0x1E61,2},{0x1E62,0x1E62,1},{0x1E63,0x1E63,2},{0x1E64,0x1E64,1},
  {0x1E65,0x1E65,2},{0x1E66,0x1E66,1},{0x1E67,0x1E67,2},{0x1E68,0x1E68,1},{0x1E69,0x1E69,2},{0x1E6A,0x1E6A,1},{0x1E6B,0x1E6B,2},
  {0x1E6C,0x1E6C,1},{0x1E6D,0x1E6D,2},{0x1E6E,0x1E6E,1},{0x1E6F,0x1E6F,2},{0x1E70,0x1E70,1},{0x1E71,0x1E71,2},{0x1E72,0x1E72,1},
  {0x1E73,0x1E73,2},{0x1E74,0x1E74,1},{0x1E75,0x1E75,2},{0x1E76,0x1E76,1},{0x1E77,0x1E77,2},{0x1E78,0x1E78,1},{0x1E79,0x1E79,2},
  {0x1E7A,0x1E7A,1},{0x1E7B,0x1E7B,2},{0x1E7C,0x1E7C,1},{0x1E7D,0x1E7D,2},{0x1E7E,0x1E7E,1},{0x1E7F,0x1E7F,2},{0x1E80,0x1E80,1},
  {0x1E81,0x1E81,2},{0x1E82,0x1E82,1},{0x1E83,0x1E83,2},{0x1E84,0x1E84,1},{0x1E85,0x1E85,2},{0x1E86,0x1E86,1},{0x1E87,0x1E87,2},
  {0x1E88,0x1E88,1},{0x1E89,0x1E89,2},{0x1E8A,0x1E8A,1},{0x1E8B,0x1E8B,2},{0x1E8C,0x1E8C,1},{0x1E8D,0x1E8D,2},{0x1E8E,0x1E8E,1},
  {0x1E8F,0x1E8F,2},{0x1E90,0x1E90,1},{0x1E91,0x1E91,2},{0x1E92,0x1E92,1},{0x1E93,0x1E93,2},{0x1E94,0x1E94,1},{0x1E95,0x1E9D,2},
  {0x1E9E,0x1E9E,1},{0x1E9F,0x1E9F,2},{0x1EA0,0x1EA0,1},{0x1EA1,0x1EA1,2},{0x1EA2,0x1EA2,1},{0x1EA3,0x1EA3,2},{0x1EA4,0x1EA4,1},
  {0x1EA5,0x1EA5,2},{0x1EA6,0x1EA6,1},{0x1EA7,0x1EA7,2},{0x1EA8,0x1EA8,1},{0x1EA9,0x1EA9,2},{0x1EAA,0x1EAA,1},{0x1EAB,0x1EAB,2},
  {0x1EAC,0x1EAC,1},{0x1EAD,0x1EAD,2},{0x1EAE,0x1EAE,1},{0x1EAF,0x1EAF,2},{0x1EB0,0x1EB0,1},{0x1EB1,0x1EB1,2},{0x1EB2,0x1EB2,1},
  {0x1EB3,0x1EB3,2},{0x1EB4,0x1EB4,1},{0x1EB5,0x1EB5,2},{0x1EB6,0x1EB6,1},{0x1EB7,0x1EB7,2},{0x1EB8,0x1EB8,1},{0x1EB9,0x1EB9,2},
  {0x1EBA,0x1EBA,1},{0x1EBB,0x1EBB,2},{0x1EBC,0x1EBC,1},{0x1EBD,0x1EBD,2},{0x1EBE,0x1EBE,1},{0x1EBF,0x1EBF,2},{0x1EC0,0x1EC0,1},
  {0x1EC1,0x1EC1,2},{0x1EC2,0x1EC2,1},{0x1EC3,0x1EC3,2},{0x1EC4,0x1EC4,1},{0x1EC5,0x1EC5,2},{0x1EC6,0x1EC6,1},{0x1EC7,0x1EC7,2},
  {0x1EC8,0x1EC8,1},{0x1EC9,0x1EC9,2},{0x1ECA,0x1ECA,1},{0x1ECB,0x1ECB,2},{0x1ECC,0x1ECC,1},{0x1ECD,0x1ECD,2},{0x1ECE,0x1ECE,1},
  {0x1ECF,0x1ECF,2},{0x1ED0,0x1ED0,1},{0x1ED1,0x1ED1,2},{0x1ED2,0x1ED2,1},{0x1ED3,0x1ED3,2},{0x1ED4,0x1ED4,1},{0x1ED5,0x1ED5,2},
  {0x1ED6,0x1ED6,1},{0x1ED7,0x1ED7,2},{0x1ED8,0x1ED8,1},{0x1ED9,0x1ED9,2},{0x1EDA,0x1EDA,1},{0x1EDB,0x1EDB,2},{0x1EDC,0x1EDC,1},
  {0x1EDD,0x1EDD,2},{0x1EDE,0x1EDE,1},{0x1EDF,0x1EDF,2},{0x1EE0,0x1EE0,1},{0x1EE1,0x1EE1,2},{0x1EE2,0x1EE2,1},{0x1EE3,0x1EE3,2},
  {0x1EE4,0x1EE4,1},{0x1EE5,0x1EE5,2},{0x1EE6,0x1EE6,1},{0x1EE7,0x1EE7,2},{0x1EE8,0x1EE8,1},{0x1EE9,0x1EE9,2},{0x1EEA,0x1EEA,1},
  {0x1EEB,0x1EEB,2},{0x1EEC,0x1EEC,1},{0x1EED,0x1EED,2},{0x1EEE,0x1EEE,1},{0x1EEF,0x1EEF,2},{0x1EF0,0x1EF0,1},{0x1EF1,0x1EF1,2},
  {0x1EF2,0x1EF2,1},{0x1EF3,0x1EF3,2},{0x1EF4,0x1EF4,1},{0x1EF5,0x1EF5,2},{0x1EF6,0x1EF6,1},{0x1EF7,0x1EF7,2},{0x1EF8,0x1EF8,1},
  {0x1EF9,0x1EF9,2},{0x1EFA,0x1EFA,1},{0x1EFB,0x1EFB,2},{0x1EFC,0x1EFC,1},{0x1EFD,0x1EFD,2},{0x1EFE,0x1EFE,1},{0x1EFF,0x1F07,2},
  {0x1F08,0x1F0F,1},{0x1F10,0x1F15,2},{0x1F18,0x1F1D,1},{0x1F20,0x1F27,2},{0x1F28,0x1F2F,1},{0x1F30,0x1F37,2},{0x1F38,0x1F3F,1},
  {0x1F40,0x1F45,2},{0x1F48,0x1F4D,1},{0x1F50,0x1F57,2},{0x1F59,0x1F59,1},{0x1F5B,0x1F5B,1},{0x1F5D,0x1F5D,1},{0x1F5F,0x1F5F,1},
  {0x1F60,0x1F67,2},{0x1F68,0x1F6F,1},{0x1F70,0x1F7D,2},{0x1F80,0x1F87,2},{0x1F88,0x1F8F,3},{0x1F90,0x1F97,2},{0x1F98,0x1F9F,3},
  {0x1FA0,0x1FA7,2},{0x1FA8,0x1FAF,3},{0x1FB0,0x1FB4,2},{0x1FB6,0x1FB7,2},{0x1FB8,0x1FBB,1},{0x1FBC,0x1FBC,3},{0x1FBD,0x1FBD,21},
  {0x1FBE,0x1FBE,2},{0x1FBF,0x1FC1,21},{0x1FC2,0x1FC4,2},{0x1FC6,0x1FC7,2},{0x1FC8,0x1FCB,1},{0x1FCC,0x1FCC,3},{0x1FCD,0x1FCF,21},
  {0x1FD0,0x1FD3,2},{0x1FD6,0x1FD7,2},{0x1FD8,0x1FDB,1},{0x1FDD,0x1FDF,21},{0x1FE0,0x1FE7,2},{0x1FE8,0x1FEC,1},{0x1FED,0x1FEF,21},
  {0x1FF2,0x1FF4,2},{0x1FF6,0x1FF7,2},{0x1FF8,0x1FFB,1},{0x1FFC,0x1FFC,3},{0x1FFD,0x1FFE,21},{0x2000,0x200A,23},{0x200B,0x200F,27},
  {0x2010,0x2015,13},{0x2016,0x2017,18},{0x2018,0x2018,16},{0x2019,0x2019,17},{0x201A,0x201A,14},{0x201B,0x201C,16},{0x201D,0x201D,17},
  {0x201E,0x201E,14},{0x201F,0x201F,16},{0x2020,0x2027,18},{0x2028,0x2028,24},{0x2029,0x2029,25},{0x202A,0x202E,27},{0x202F,0x202F,23},
  {0x2030,0x2038,18},{0x2039,0x2039,16},{0x203A,0x203A,17},{0x203B,0x203E,18},{0x203F,0x2040,12},{0x2041,0x2043,18},{0x2044,0x2044,19},
  {0x2045,0x2045,14},{0x2046,0x2046,15},{0x2047,0x2051,18},{0x2052,0x2052,19},{0x2053,0x2053,18},{0x2054,0x2054,12},{0x2055,0x205E,18},
  {0x205F,0x205F,23},{0x2060,0x2064,27},{0x2066,0x206F,27},{0x2070,0x2070,11},{0x2071,0x2071,4},{0x2074,0x2079,11},{0x207A,0x207C,19},
  {0x207D,0x207D,14},{0x207E,0x207E,15},{0x207F,0x207F,4},{0x2080,0x2089,11},{0x208A,0x208C,19},{0x208D,0x208D,14},{0x208E,0x208E,15},
  {0x208F,0x209F,4},{0x20A0,0x20C4,20},{0x20D0,0x20DC,6},{0x20DD,0x20E0,8},{0x20E1,0x20E1,6},{0x20E2,0x20E4,8},{0x20E5,0x20F0,6},
  {0x2100,0x2101,22},{0x2102,0x2102,1},{0x2103,0x2106,22},{0x2107,0x2107,1},{0x2108,0x2109,22},{0x210A,0x210A,2},{0x210B,0x210D,1},
  {0x210E,0x210F,2},{0x2110,0x2112,1},{0x2113,0x2113,2},{0x2114,0x2114,22},{0x2115,0x2115,1},{0x2116,0x2117,22},{0x2118,0x2118,19},
  {0x2119,0x211D,1},{0x211E,0x2123,22},{0x2124,0x2124,1},{0x2125,0x2125,22},{0x2126,0x2126,1},{0x2127,0x2127,22},{0x2128,0x2128,1},
  {0x2129,0x2129,22},{0x212A,0x212D,1},{0x212E,0x212E,22},{0x212F,0x212F,2},{0x2130,0x2133,1},{0x2134,0x2134,2},{0x2135,0x2138,5},
  {0x2139,0x2139,2},{0x213A,0x213B,22},{0x213C,0x213D,2},{0x213E,0x213F,1},{0x2140,0x2144,19},{0x2145,0x2145,1},{0x2146,0x2149,2},
  {0x214A,0x214A,22},{0x214B,0x214B,19},{0x214C,0x214D,22},{0x214E,0x214E,2},{0x214F,0x214F,22},{0x2150,0x215F,11},{0x2160,0x2182,10},
  {0x2183,0x2183,1},{0x2184,0x2184,2},{0x2185,0x2188,10},{0x2189,0x2189,11},{0x218A,0x218B,22},{0x2190,0x2194,19},{0x2195,0x2199,22},
  {0x219A,0x219B,19},{0x219C,0x219F,22},{0x21A0,0x21A0,19},{0x21A1,0x21A2,22},{0x21A3,0x21A3,19},{0x21A4,0x21A5,22},{0x21A6,0x21A6,19},
  {0x21A7,0x21AD,22},{0x21AE,0x21AE,19},{0x21AF,0x21CD,22},{0x21CE,0x21CF,19},{0x21D0,0x21D1,22},{0x21D2,0x21D2,19},{0x21D3,0x21D3,22},
  {0x21D4,0x21D4,19},{0x21D5,0x21F3,22},{0x21F4,0x22FF,19},{0x2300,0x2307,22},{0x2308,0x2308,14},{0x2309,0x2309,15},{0x230A,0x230A,14},
  {0x230B,0x230B,15},{0x230C,0x231F,22},{0x2320,0x2321,19},{0x2322,0x2328,22},{0x2329,0x2329,14},{0x232A,0x232A,15},{0x232B,0x237B,22},
  {0x237C,0x237C,19},{0x237D,0x239A,22},{0x239B,0x23B3,19},{0x23B4,0x23DB,22},{0x23DC,0x23E1,19},{0x23E2,0x2429,22},{0x2440,0x244A,22},
  {0x2460,0x249B,11},{0x249C,0x24E9,22},{0x24EA,0x24FF,11},{0x2500,0x25B6,22},{0x25B7,0x25B7,19},{0x25B8,0x25C0,22},{0x25C1,0x25C1,19},
  {0x25C2,0x25F7,22},{0x25F8,0x25FF,19},{0x2600,0x266E,22},{0x266F,0x266F,19},{0x2670,0x2767,22},{0x2768,0x2768,14},{0x2769,0x2769,15},
  {0x276A,0x276A,14},{0x276B,0x276B,15},{0x276C,0x276C,14},{0x276D,0x276D,15},{0x276E,0x276E,14},{0x276F,0x276F,15},{0x2770,0x2770,14},
  {0x2771,0x2771,15},{0x2772,0x2772,14},{0x2773,0x2773,15},{0x2774,0x2774,14},{0x2775,0x2775,15},{0x2776,0x2793,11},{0x2794,0x27BF,22},
  {0x27C0,0x27C4,19},{0x27C5,0x27C5,14},{0x27C6,0x27C6,15},{0x27C7,0x27E5,19},{0x27E6,0x27E6,14},{0x27E7,0x27E7,15},{0x27E8,0x27E8,14},
  {0x27E9,0x27E9,15},{0x27EA,0x27EA,14},{0x27EB,0x27EB,15},{0x27EC,0x27EC,14},{0x27ED,0x27ED,15},{0x27EE,0x27EE,14},{0x27EF,0x27EF,15},
  {0x27F0,0x27FF,19},{0x2800,0x28FF,22},{0x2900,0x2982,19},{0x2983,0x2983,14},{0x2984,0x2984,15},{0x2985,0x2985,14},{0x2986,0x2986,15},
  {0x2987,0x2987,14},{0x2988,0x2988,15},{0x2989,0x2989,14},{0x298A,0x298A,15},{0x298B,0x298B,14},{0x298C,0x298C,15},{0x298D,0x298D,14},
  {0x298E,0x298E,15},{0x298F,0x298F,14},{0x2990,0x2990,15},{0x2991,0x2991,14},{0x2992,0x2992,15},{0x2993,0x2993,14},{0x2994,0x2994,15},
  {0x2995,0x2995,14},{0x2996,0x2996,15},{0x2997,0x2997,14},{0x2998,0x2998,15},{0x2999,0x29D7,19},{0x29D8,0x29D8,14},{0x29D9,0x29D9,15},
  {0x29DA,0x29DA,14},{0x29DB,0x29DB,15},{0x29DC,0x29FB,19},{0x29FC,0x29FC,14},{0x29FD,0x29FD,15},{0x29FE,0x2AFF,19},{0x2B00,0x2B2F,22},
  {0x2B30,0x2B44,19},{0x2B45,0x2B46,22},{0x2B47,0x2B4C,19},{0x2B4D,0x2B73,22},{0x2B76,0x2BFF,22},{0x2C00,0x2C2F,1},{0x2C30,0x2C5F,2},
  {0x2C60,0x2C60,1},{0x2C61,0x2C61,2},{0x2C62,0x2C64,1},{0x2C65,0x2C66,2},{0x2C67,0x2C67,1},{0x2C68,0x2C68,2},{0x2C69,0x2C69,1},
  {0x2C6A,0x2C6A,2},{0x2C6B,0x2C6B,1},{0x2C6C,0x2C6C,2},{0x2C6D,0x2C70,1},{0x2C71,0x2C71,2},{0x2C72,0x2C72,1},{0x2C73,0x2C74,2},
  {0x2C75,0x2C75,1},{0x2C76,0x2C7B,2},{0x2C7C,0x2C7D,4},{0x2C7E,0x2C80,1},{0x2C81,0x2C81,2},{0x2C82,0x2C82,1},{0x2C83,0x2C83,2},
  {0x2C84,0x2C84,1},{0x2C85,0x2C85,2},{0x2C86,0x2C86,1},{0x2C87,0x2C87,2},{0x2C88,0x2C88,1},{0x2C89,0x2C89,2},{0x2C8A,0x2C8A,1},
  {0x2C8B,0x2C8B,2},{0x2C8C,0x2C8C,1},{0x2C8D,0x2C8D,2},{0x2C8E,0x2C8E,1},{0x2C8F,0x2C8F,2},{0x2C90,0x2C90,1},{0x2C91,0x2C91,2},
  {0x2C92,0x2C92,1},{0x2C93,0x2C93,2},{0x2C94,0x2C94,1},{0x2C95,0x2C95,2},{0x2C96,0x2C96,1},{0x2C97,0x2C97,2},{0x2C98,0x2C98,1},
  {0x2C99,0x2C99,2},{0x2C9A,0x2C9A,1},{0x2C9B,0x2C9B,2},{0x2C9C,0x2C9C,1},{0x2C9D,0x2C9D,2},{0x2C9E,0x2C9E,1},{0x2C9F,0x2C9F,2},
  {0x2CA0,0x2CA0,1},{0x2CA1,0x2CA1,2},{0x2CA2,0x2CA2,1},{0x2CA3,0x2CA3,2},{0x2CA4,0x2CA4,1},{0x2CA5,0x2CA5,2},{0x2CA6,0x2CA6,1},
  {0x2CA7,0x2CA7,2},{0x2CA8,0x2CA8,1},{0x2CA9,0x2CA9,2},{0x2CAA,0x2CAA,1},{0x2CAB,0x2CAB,2},{0x2CAC,0x2CAC,1},{0x2CAD,0x2CAD,2},
  {0x2CAE,0x2CAE,1},{0x2CAF,0x2CAF,2},{0x2CB0,0x2CB0,1},{0x2CB1,0x2CB1,2},{0x2CB2,0x2CB2,1},{0x2CB3,0x2CB3,2},{0x2CB4,0x2CB4,1},
  {0x2CB5,0x2CB5,2},{0x2CB6,0x2CB6,1},{0x2CB7,0x2CB7,2},{0x2CB8,0x2CB8,1},{0x2CB9,0x2CB9,2},{0x2CBA,0x2CBA,1},{0x2CBB,0x2CBB,2},
  {0x2CBC,0x2CBC,1},{0x2CBD,0x2CBD,2},{0x2CBE,0x2CBE,1},{0x2CBF,0x2CBF,2},{0x2CC0,0x2CC0,1},{0x2CC1,0x2CC1,2},{0x2CC2,0x2CC2,1},
  {0x2CC3,0x2CC3,2},{0x2CC4,0x2CC4,1},{0x2CC5,0x2CC5,2},{0x2CC6,0x2CC6,1},{0x2CC7,0x2CC7,2},{0x2CC8,0x2CC8,1},{0x2CC9,0x2CC9,2},
  {0x2CCA,0x2CCA,1},{0x2CCB,0x2CCB,2},{0x2CCC,0x2CCC,1},{0x2CCD,0x2CCD,2},{0x2CCE,0x2CCE,1},{0x2CCF,0x2CCF,2},{0x2CD0,0x2CD0,1},
  {0x2CD1,0x2CD1,2},{0x2CD2,0x2CD2,1},{0x2CD3,0x2CD3,2},{0x2CD4,0x2CD4,1},{0x2CD5,0x2CD5,2},{0x2CD6,0x2CD6,1},{0x2CD7,0x2CD7,2},
  {0x2CD8,0x2CD8,1},{0x2CD9,0x2CD9,2},{0x2CDA,0x2CDA,1},{0x2CDB,0x2CDB,2},{0x2CDC,0x2CDC,1},{0x2CDD,0x2CDD,2},{0x2CDE,0x2CDE,1},
  {0x2CDF,0x2CDF,2},{0x2CE0,0x2CE0,1},{0x2CE1,0x2CE1,2},{0x2CE2,0x2CE2,1},{0x2CE3,0x2CE4,2},{0x2CE5,0x2CEA,22},{0x2CEB,0x2CEB,1},
  {0x2CEC,0x2CEC,2},{0x2CED,0x2CED,1},{0x2CEE,0x2CEE,2},{0x2CEF,0x2CF1,6},{0x2CF2,0x2CF2,1},{0x2CF3,0x2CF3,2},{0x2CF9,0x2CFC,18},
  {0x2CFD,0x2CFD,11},{0x2CFE,0x2CFF,18},{0x2D00,0x2D25,2},{0x2D27,0x2D27,2},{0x2D2D,0x2D2D,2},{0x2D30,0x2D67,5},{0x2D6F,0x2D6F,4},
  {0x2D70,0x2D70,18},{0x2D7F,0x2D7F,6},{0x2D80,0x2D96,5},{0x2DA0,0x2DA6,5},{0x2DA8,0x2DAE,5},{0x2DB0,0x2DB6,5},{0x2DB8,0x2DBE,5},
  {0x2DC0,0x2DC6,5},{0x2DC8,0x2DCE,5},{0x2DD0,0x2DD6,5},{0x2DD8,0x2DDE,5},{0x2DE0,0x2DFF,6},{0x2E00,0x2E01,18},{0x2E02,0x2E02,16},
  {0x2E03,0x2E03,17},{0x2E04,0x2E04,16},{0x2E05,0x2E05,17},{0x2E06,0x2E08,18},{0x2E09,0x2E09,16},{0x2E0A,0x2E0A,17},{0x2E0B,0x2E0B,18},
  {0x2E0C,0x2E0C,16},{0x2E0D,0x2E0D,17},{0x2E0E,0x2E16,18},{0x2E17,0x2E17,13},{0x2E18,0x2E19,18},{0x2E1A,0x2E1A,13},{0x2E1B,0x2E1B,18},
  {0x2E1C,0x2E1C,16},{0x2E1D,0x2E1D,17},{0x2E1E,0x2E1F,18},{0x2E20,0x2E20,16},{0x2E21,0x2E21,17},{0x2E22,0x2E22,14},{0x2E23,0x2E23,15},
  {0x2E24,0x2E24,14},{0x2E25,0x2E25,15},{0x2E26,0x2E26,14},{0x2E27,0x2E27,15},{0x2E28,0x2E28,14},{0x2E29,0x2E29,15},{0x2E2A,0x2E2E,18},
  {0x2E2F,0x2E2F,4},{0x2E30,0x2E39,18},{0x2E3A,0x2E3B,13},{0x2E3C,0x2E3F,18},{0x2E40,0x2E40,13},{0x2E41,0x2E41,18},{0x2E42,0x2E42,14},
  {0x2E43,0x2E4F,18},{0x2E50,0x2E51,22},{0x2E52,0x2E54,18},{0x2E55,0x2E55,14},{0x2E56,0x2E56,15},{0x2E57,0x2E57,14},{0x2E58,0x2E58,15},
  {0x2E59,0x2E59,14},{0x2E5A,0x2E5A,15},{0x2E5B,0x2E5B,14},{0x2E5C,0x2E5C,15},{0x2E5D,0x2E5D,13},{0x2E60,0x2E61,18},{0x2E62,0x2E62,14},
  {0x2E63,0x2E63,15},{0x2E80,0x2E99,22},{0x2E9B,0x2EF3,22},{0x2F00,0x2FD5,22},{0x2FF0,0x2FFF,22},{0x3000,0x3000,23},{0x3001,0x3003,18},
  {0x3004,0x3004,22},{0x3005,0x3005,4},{0x3006,0x3006,5},{0x3007,0x3007,10},{0x3008,0x3008,14},{0x3009,0x3009,15},{0x300A,0x300A,14},
  {0x300B,0x300B,15},{0x300C,0x300C,14},{0x300D,0x300D,15},{0x300E,0x300E,14},{0x300F,0x300F,15},{0x3010,0x3010,14},{0x3011,0x3011,15},
  {0x3012,0x3013,22},{0x3014,0x3014,14},{0x3015,0x3015,15},{0x3016,0x3016,14},{0x3017,0x3017,15},{0x3018,0x3018,14},{0x3019,0x3019,15},
  {0x301A,0x301A,14},{0x301B,0x301B,15},{0x301C,0x301C,13},{0x301D,0x301D,14},{0x301E,0x301F,15},{0x3020,0x3020,22},{0x3021,0x3029,10},
  {0x302A,0x302D,6},{0x302E,0x302F,7},{0x3030,0x3030,13},{0x3031,0x3035,4},{0x3036,0x3037,22},{0x3038,0x303A,10},{0x303B,0x303B,4},
  {0x303C,0x303C,5},{0x303D,0x303D,18},{0x303E,0x303F,22},{0x3041,0x3096,5},{0x3099,0x309A,6},{0x309B,0x309C,21},{0x309D,0x309E,4},
  {0x309F,0x309F,5},{0x30A0,0x30A0,13},{0x30A1,0x30FA,5},{0x30FB,0x30FB,18},{0x30FC,0x30FE,4},{0x30FF,0x30FF,5},{0x3105,0x312F,5},
  {0x3131,0x318E,5},{0x3190,0x3191,22},{0x3192,0x3195,11},{0x3196,0x319F,22},{0x31A0,0x31BF,5},{0x31C0,0x31E5,22},{0x31EF,0x31EF,22},
  {0x31F0,0x31FF,5},{0x3200,0x321E,22},{0x3220,0x3229,11},{0x322A,0x3247,22},{0x3248,0x324F,11},{0x3250,0x3250,22},{0x3251,0x325F,11},
  {0x3260,0x327F,22},{0x3280,0x3289,11},{0x328A,0x32B0,22},{0x32B1,0x32BF,11},{0x32C0,0x33FF,22},{0x3400,0x4DBF,5},{0x4DC0,0x4DFF,22},
  {0x4E00,0xA014,5},{0xA015,0xA015,4},{0xA016,0xA48C,5},{0xA490,0xA4C6,22},{0xA4D0,0xA4F7,5},{0xA4F8,0xA4FD,4},{0xA4FE,0xA4FF,18},
  {0xA500,0xA60B,5},{0xA60C,0xA60C,4},{0xA60D,0xA60F,18},{0xA610,0xA61F,5},{0xA620,0xA629,9},{0xA62A,0xA62B,5},{0xA640,0xA640,1},
  {0xA641,0xA641,2},{0xA642,0xA642,1},{0xA643,0xA643,2},{0xA644,0xA644,1},{0xA645,0xA645,2},{0xA646,0xA646,1},{0xA647,0xA647,2},
  {0xA648,0xA648,1},{0xA649,0xA649,2},{0xA64A,0xA64A,1},{0xA64B,0xA64B,2},{0xA64C,0xA64C,1},{0xA64D,0xA64D,2},{0xA64E,0xA64E,1},
  {0xA64F,0xA64F,2},{0xA650,0xA650,1},{0xA651,0xA651,2},{0xA652,0xA652,1},{0xA653,0xA653,2},{0xA654,0xA654,1},{0xA655,0xA655,2},
  {0xA656,0xA656,1},{0xA657,0xA657,2},{0xA658,0xA658,1},{0xA659,0xA659,2},{0xA65A,0xA65A,1},{0xA65B,0xA65B,2},{0xA65C,0xA65C,1},
  {0xA65D,0xA65D,2},{0xA65E,0xA65E,1},{0xA65F,0xA65F,2},{0xA660,0xA660,1},{0xA661,0xA661,2},{0xA662,0xA662,1},{0xA663,0xA663,2},
  {0xA664,0xA664,1},{0xA665,0xA665,2},{0xA666,0xA666,1},{0xA667,0xA667,2},{0xA668,0xA668,1},{0xA669,0xA669,2},{0xA66A,0xA66A,1},
  {0xA66B,0xA66B,2},{0xA66C,0xA66C,1},{0xA66D,0xA66D,2},{0xA66E,0xA66E,5},{0xA66F,0xA66F,6},{0xA670,0xA672,8},{0xA673,0xA673,18},
  {0xA674,0xA67D,6},{0xA67E,0xA67E,18},{0xA67F,0xA67F,4},{0xA680,0xA680,1},{0xA681,0xA681,2},{0xA682,0xA682,1},{0xA683,0xA683,2},
  {0xA684,0xA684,1},{0xA685,0xA685,2},{0xA686,0xA686,1},{0xA687,0xA687,2},{0xA688,0xA688,1},{0xA689,0xA689,2},{0xA68A,0xA68A,1},
  {0xA68B,0xA68B,2},{0xA68C,0xA68C,1},{0xA68D,0xA68D,2},{0xA68E,0xA68E,1},{0xA68F,0xA68F,2},{0xA690,0xA690,1},{0xA691,0xA691,2},
  {0xA692,0xA692,1},{0xA693,0xA693,2},{0xA694,0xA694,1},{0xA695,0xA695,2},{0xA696,0xA696,1},{0xA697,0xA697,2},{0xA698,0xA698,1},
  {0xA699,0xA699,2},{0xA69A,0xA69A,1},{0xA69B,0xA69B,2},{0xA69C,0xA69D,4},{0xA69E,0xA69F,6},{0xA6A0,0xA6E5,5},{0xA6E6,0xA6EF,10},
  {0xA6F0,0xA6F1,6},{0xA6F2,0xA6F7,18},{0xA700,0xA716,21},{0xA717,0xA71F,4},{0xA720,0xA721,21},{0xA722,0xA722,1},{0xA723,0xA723,2},
  {0xA724,0xA724,1},{0xA725,0xA725,2},{0xA726,0xA726,1},{0xA727,0xA727,2},{0xA728,0xA728,1},{0xA729,0xA729,2},{0xA72A,0xA72A,1},
  {0xA72B,0xA72B,2},{0xA72C,0xA72C,1},{0xA72D,0xA72D,2},{0xA72E,0xA72E,1},{0xA72F,0xA731,2},{0xA732,0xA732,1},{0xA733,0xA733,2},
  {0xA734,0xA734,1},{0xA735,0xA735,2},{0xA736,0xA736,1},{0xA737,0xA737,2},{0xA738,0xA738,1},{0xA739,0xA739,2},{0xA73A,0xA73A,1},
  {0xA73B,0xA73B,2},{0xA73C,0xA73C,1},{0xA73D,0xA73D,2},{0xA73E,0xA73E,1},{0xA73F,0xA73F,2},{0xA740,0xA740,1},{0xA741,0xA741,2},
  {0xA742,0xA742,1},{0xA743,0xA743,2},{0xA744,0xA744,1},{0xA745,0xA745,2},{0xA746,0xA746,1},{0xA747,0xA747,2},{0xA748,0xA748,1},
  {0xA749,0xA749,2},{0xA74A,0xA74A,1},{0xA74B,0xA74B,2},{0xA74C,0xA74C,1},{0xA74D,0xA74D,2},{0xA74E,0xA74E,1},{0xA74F,0xA74F,2},
  {0xA750,0xA750,1},{0xA751,0xA751,2},{0xA752,0xA752,1},{0xA753,0xA753,2},{0xA754,0xA754,1},{0xA755,0xA755,2},{0xA756,0xA756,1},
  {0xA757,0xA757,2},{0xA758,0xA758,1},{0xA759,0xA759,2},{0xA75A,0xA75A,1},{0xA75B,0xA75B,2},{0xA75C,0xA75C,1},{0xA75D,0xA75D,2},
  {0xA75E,0xA75E,1},{0xA75F,0xA75F,2},{0xA760,0xA760,1},{0xA761,0xA761,2},{0xA762,0xA762,1},{0xA763,0xA763,2},{0xA764,0xA764,1},
  {0xA765,0xA765,2},{0xA766,0xA766,1},{0xA767,0xA767,2},{0xA768,0xA768,1},{0xA769,0xA769,2},{0xA76A,0xA76A,1},{0xA76B,0xA76B,2},
  {0xA76C,0xA76C,1},{0xA76D,0xA76D,2},{0xA76E,0xA76E,1},{0xA76F,0xA76F,2},{0xA770,0xA770,4},{0xA771,0xA778,2},{0xA779,0xA779,1},
  {0xA77A,0xA77A,2},{0xA77B,0xA77B,1},{0xA77C,0xA77C,2},{0xA77D,0xA77E,1},{0xA77F,0xA77F,2},{0xA780,0xA780,1},{0xA781,0xA781,2},
  {0xA782,0xA782,1},{0xA783,0xA783,2},{0xA784,0xA784,1},{0xA785,0xA785,2},{0xA786,0xA786,1},{0xA787,0xA787,2},{0xA788,0xA788,4},
  {0xA789,0xA78A,21},{0xA78B,0xA78B,1},{0xA78C,0xA78C,2},{0xA78D,0xA78D,1},{0xA78E,0xA78E,2},{0xA78F,0xA78F,5},{0xA790,0xA790,1},
  {0xA791,0xA791,2},{0xA792,0xA792,1},{0xA793,0xA795,2},{0xA796,0xA796,1},{0xA797,0xA797,2},{0xA798,0xA798,1},{0xA799,0xA799,2},
  {0xA79A,0xA79A,1},{0xA79B,0xA79B,2},{0xA79C,0xA79C,1},{0xA79D,0xA79D,2},{0xA79E,0xA79E,1},{0xA79F,0xA79F,2},{0xA7A0,0xA7A0,1},
  {0xA7A1,0xA7A1,2},{0xA7A2,0xA7A2,1},{0xA7A3,0xA7A3,2},{0xA7A4,0xA7A4,1},{0xA7A5,0xA7A5,2},{0xA7A6,0xA7A6,1},{0xA7A7,0xA7A7,2},
  {0xA7A8,0xA7A8,1},{0xA7A9,0xA7A9,2},{0xA7AA,0xA7AE,1},{0xA7AF,0xA7AF,2},{0xA7B0,0xA7B4,1},{0xA7B5,0xA7B5,2},{0xA7B6,0xA7B6,1},
  {0xA7B7,0xA7B7,2},{0xA7B8,0xA7B8,1},{0xA7B9,0xA7B9,2},{0xA7BA,0xA7BA,1},{0xA7BB,0xA7BB,2},{0xA7BC,0xA7BC,1},{0xA7BD,0xA7BD,2},
  {0xA7BE,0xA7BE,1},{0xA7BF,0xA7BF,2},{0xA7C0,0xA7C0,1},{0xA7C1,0xA7C1,2},{0xA7C2,0xA7C2,1},{0xA7C3,0xA7C3,2},{0xA7C4,0xA7C7,1},
  {0xA7C8,0xA7C8,2},{0xA7C9,0xA7C9,1},{0xA7CA,0xA7CA,2},{0xA7CB,0xA7CC,1},{0xA7CD,0xA7CD,2},{0xA7CE,0xA7CE,1},{0xA7CF,0xA7CF,2},
  {0xA7D0,0xA7D0,1},{0xA7D1,0xA7D1,2},{0xA7D2,0xA7D2,1},{0xA7D3,0xA7D3,2},{0xA7D4,0xA7D4,1},{0xA7D5,0xA7D5,2},{0xA7D6,0xA7D6,1},
  {0xA7D7,0xA7D7,2},{0xA7D8,0xA7D8,1},{0xA7D9,0xA7D9,2},{0xA7DA,0xA7DA,1},{0xA7DB,0xA7DB,2},{0xA7DC,0xA7DD,1},{0xA7E2,0xA7E2,1},
  {0xA7F1,0xA7F4,4},{0xA7F5,0xA7F5,1},{0xA7F6,0xA7F6,2},{0xA7F7,0xA7F7,5},{0xA7F8,0xA7F9,4},{0xA7FA,0xA7FA,2},{0xA7FB,0xA801,5},
  {0xA802,0xA802,6},{0xA803,0xA805,5},{0xA806,0xA806,6},{0xA807,0xA80A,5},{0xA80B,0xA80B,6},{0xA80C,0xA822,5},{0xA823,0xA824,7},
  {0xA825,0xA826,6},{0xA827,0xA827,7},{0xA828,0xA82B,22},{0xA82C,0xA82C,6},{0xA830,0xA835,11},{0xA836,0xA837,22},{0xA838,0xA838,20},
  {0xA839,0xA839,22},{0xA840,0xA873,5},{0xA874,0xA877,18},{0xA880,0xA881,7},{0xA882,0xA8B3,5},{0xA8B4,0xA8C3,7},{0xA8C4,0xA8C5,6},
  {0xA8CE,0xA8CF,18},{0xA8D0,0xA8D9,9},{0xA8E0,0xA8F1,6},{0xA8F2,0xA8F7,5},{0xA8F8,0xA8FA,18},{0xA8FB,0xA8FB,5},{0xA8FC,0xA8FC,18},
  {0xA8FD,0xA8FE,5},{0xA8FF,0xA8FF,6},{0xA900,0xA909,9},{0xA90A,0xA925,5},{0xA926,0xA92D,6},{0xA92E,0xA92F,18},{0xA930,0xA946,5},
  {0xA947,0xA951,6},{0xA952,0xA953,7},{0xA95F,0xA95F,18},{0xA960,0xA97C,5},{0xA980,0xA982,6},{0xA983,0xA983,7},{0xA984,0xA9B2,5},
  {0xA9B3,0xA9B3,6},{0xA9B4,0xA9B5,7},{0xA9B6,0xA9B9,6},{0xA9BA,0xA9BB,7},{0xA9BC,0xA9BD,6},{0xA9BE,0xA9C0,7},{0xA9C1,0xA9CD,18},
  {0xA9CF,0xA9CF,4},{0xA9D0,0xA9D9,9},{0xA9DE,0xA9DF,18},{0xA9E0,0xA9E4,5},{0xA9E5,0xA9E5,6},{0xA9E6,0xA9E6,4},{0xA9E7,0xA9EF,5},
  {0xA9F0,0xA9F9,9},{0xA9FA,0xA9FE,5},{0xAA00,0xAA28,5},{0xAA29,0xAA2E,6},{0xAA2F,0xAA30,7},{0xAA31,0xAA32,6},{0xAA33,0xAA34,7},
  {0xAA35,0xAA36,6},{0xAA40,0xAA42,5},{0xAA43,0xAA43,6},{0xAA44,0xAA4B,5},{0xAA4C,0xAA4C,6},{0xAA4D,0xAA4D,7},{0xAA50,0xAA59,9},
  {0xAA5C,0xAA5F,18},{0xAA60,0xAA6F,5},{0xAA70,0xAA70,4},{0xAA71,0xAA76,5},{0xAA77,0xAA79,22},{0xAA7A,0xAA7A,5},{0xAA7B,0xAA7B,7},
  {0xAA7C,0xAA7C,6},{0xAA7D,0xAA7D,7},{0xAA7E,0xAAAF,5},{0xAAB0,0xAAB0,6},{0xAAB1,0xAAB1,5},{0xAAB2,0xAAB4,6},{0xAAB5,0xAAB6,5},
  {0xAAB7,0xAAB8,6},{0xAAB9,0xAABD,5},{0xAABE,0xAABF,6},{0xAAC0,0xAAC0,5},{0xAAC1,0xAAC1,6},{0xAAC2,0xAAC2,5},{0xAADB,0xAADC,5},
  {0xAADD,0xAADD,4},{0xAADE,0xAADF,18},{0xAAE0,0xAAEA,5},{0xAAEB,0xAAEB,7},{0xAAEC,0xAAED,6},{0xAAEE,0xAAEF,7},{0xAAF0,0xAAF1,18},
  {0xAAF2,0xAAF2,5},{0xAAF3,0xAAF4,4},{0xAAF5,0xAAF5,7},{0xAAF6,0xAAF6,6},{0xAB01,0xAB06,5},{0xAB09,0xAB0E,5},{0xAB11,0xAB16,5},
  {0xAB20,0xAB26,5},{0xAB28,0xAB2E,5},{0xAB30,0xAB5A,2},{0xAB5B,0xAB5B,21},{0xAB5C,0xAB5F,4},{0xAB60,0xAB68,2},{0xAB69,0xAB69,4},
  {0xAB6A,0xAB6B,21},{0xAB6C,0xAB6D,1},{0xAB70,0xABBF,2},{0xABC0,0xABE2,5},{0xABE3,0xABE4,7},{0xABE5,0xABE5,6},{0xABE6,0xABE7,7},
  {0xABE8,0xABE8,6},{0xABE9,0xABEA,7},{0xABEB,0xABEB,18},{0xABEC,0xABEC,7},{0xABED,0xABED,6},{0xABF0,0xABF9,9},{0xAC00,0xD7A3,5},
  {0xD7B0,0xD7C6,5},{0xD7CB,0xD7FB,5},{0xD800,0xDFFF,28},{0xE000,0xF8FF,29},{0xF900,0xFA6D,5},{0xFA70,0xFAD9,5},{0xFB00,0xFB06,2},
  {0xFB13,0xFB17,2},{0xFB1D,0xFB1D,5},{0xFB1E,0xFB1E,6},{0xFB1F,0xFB28,5},{0xFB29,0xFB29,19},{0xFB2A,0xFB36,5},{0xFB38,0xFB3C,5},
  {0xFB3E,0xFB3E,5},{0xFB40,0xFB41,5},{0xFB43,0xFB44,5},{0xFB46,0xFBB1,5},{0xFBB2,0xFBC2,21},{0xFBC3,0xFBD2,22},{0xFBD3,0xFD3D,5},
  {0xFD3E,0xFD3E,15},{0xFD3F,0xFD3F,14},{0xFD40,0xFD4F,22},{0xFD50,0xFD8F,5},{0xFD90,0xFD91,22},{0xFD92,0xFDC7,5},{0xFDC8,0xFDCF,22},
  {0xFDF0,0xFDFB,5},{0xFDFC,0xFDFC,20},{0xFDFD,0xFDFF,22},{0xFE00,0xFE0F,6},{0xFE10,0xFE16,18},{0xFE17,0xFE17,14},{0xFE18,0xFE18,15},
  {0xFE19,0xFE19,18},{0xFE20,0xFE2F,6},{0xFE30,0xFE30,18},{0xFE31,0xFE32,13},{0xFE33,0xFE34,12},{0xFE35,0xFE35,14},{0xFE36,0xFE36,15},
  {0xFE37,0xFE37,14},{0xFE38,0xFE38,15},{0xFE39,0xFE39,14},{0xFE3A,0xFE3A,15},{0xFE3B,0xFE3B,14},{0xFE3C,0xFE3C,15},{0xFE3D,0xFE3D,14},
  {0xFE3E,0xFE3E,15},{0xFE3F,0xFE3F,14},{0xFE40,0xFE40,15},{0xFE41,0xFE41,14},{0xFE42,0xFE42,15},{0xFE43,0xFE43,14},{0xFE44,0xFE44,15},
  {0xFE45,0xFE46,18},{0xFE47,0xFE47,14},{0xFE48,0xFE48,15},{0xFE49,0xFE4C,18},{0xFE4D,0xFE4F,12},{0xFE50,0xFE52,18},{0xFE54,0xFE57,18},
  {0xFE58,0xFE58,13},{0xFE59,0xFE59,14},{0xFE5A,0xFE5A,15},{0xFE5B,0xFE5B,14},{0xFE5C,0xFE5C,15},{0xFE5D,0xFE5D,14},{0xFE5E,0xFE5E,15},
  {0xFE5F,0xFE61,18},{0xFE62,0xFE62,19},{0xFE63,0xFE63,13},{0xFE64,0xFE66,19},{0xFE68,0xFE68,18},{0xFE69,0xFE69,20},{0xFE6A,0xFE6B,18},
  {0xFE70,0xFE74,5},{0xFE76,0xFEFC,5},{0xFEFF,0xFEFF,27},{0xFF01,0xFF03,18},{0xFF04,0xFF04,20},{0xFF05,0xFF07,18},{0xFF08,0xFF08,14},
  {0xFF09,0xFF09,15},{0xFF0A,0xFF0A,18},{0xFF0B,0xFF0B,19},{0xFF0C,0xFF0C,18},{0xFF0D,0xFF0D,13},{0xFF0E,0xFF0F,18},{0xFF10,0xFF19,9},
  {0xFF1A,0xFF1B,18},{0xFF1C,0xFF1E,19},{0xFF1F,0xFF20,18},{0xFF21,0xFF3A,1},{0xFF3B,0xFF3B,14},{0xFF3C,0xFF3C,18},{0xFF3D,0xFF3D,15},
  {0xFF3E,0xFF3E,21},{0xFF3F,0xFF3F,12},{0xFF40,0xFF40,21},{0xFF41,0xFF5A,2},{0xFF5B,0xFF5B,14},{0xFF5C,0xFF5C,19},{0xFF5D,0xFF5D,15},
  {0xFF5E,0xFF5E,19},{0xFF5F,0xFF5F,14},{0xFF60,0xFF60,15},{0xFF61,0xFF61,18},{0xFF62,0xFF62,14},{0xFF63,0xFF63,15},{0xFF64,0xFF65,18},
  {0xFF66,0xFF6F,5},{0xFF70,0xFF70,4},{0xFF71,0xFF9D,5},{0xFF9E,0xFF9F,4},{0xFFA0,0xFFBE,5},{0xFFC2,0xFFC7,5},{0xFFCA,0xFFCF,5},
  {0xFFD2,0xFFD7,5},{0xFFDA,0xFFDC,5},{0xFFE0,0xFFE1,20},{0xFFE2,0xFFE2,19},{0xFFE3,0xFFE3,21},{0xFFE4,0xFFE4,22},{0xFFE5,0xFFE6,20},
  {0xFFE8,0xFFE8,22},{0xFFE9,0xFFEC,19},{0xFFED,0xFFEE,22},{0xFFF9,0xFFFB,27},{0xFFFC,0xFFFD,22},{0x10000,0x1000B,5},{0x1000D,0x10026,5},
  {0x10028,0x1003A,5},{0x1003C,0x1003D,5},{0x1003F,0x1004D,5},{0x10050,0x1005D,5},{0x10080,0x100FA,5},{0x10100,0x10102,18},
  {0x10107,0x10133,11},{0x10137,0x1013F,22},{0x10140,0x10174,10},{0x10175,0x10178,11},{0x10179,0x10189,22},{0x1018A,0x1018B,11},
  {0x1018C,0x1018E,22},{0x10190,0x1019C,22},{0x101A0,0x101A0,22},{0x101D0,0x101FC,22},{0x101FD,0x101FD,6},{0x10280,0x1029C,5},
  {0x102A0,0x102D0,5},{0x102E0,0x102E0,6},{0x102E1,0x102FB,11},{0x10300,0x1031F,5},{0x10320,0x10323,11},{0x1032D,0x10340,5},
  {0x10341,0x10341,10},{0x10342,0x10349,5},{0x1034A,0x1034A,10},{0x10350,0x10375,5},{0x10376,0x1037A,6},{0x10380,0x1039D,5},
  {0x1039F,0x1039F,18},{0x103A0,0x103C3,5},{0x103C8,0x103CF,5},{0x103D0,0x103D0,18},{0x103D1,0x103D5,10},{0x10400,0x10427,1},
  {0x10428,0x1044F,2},{0x10450,0x1049D,5},{0x104A0,0x104A9,9},{0x104B0,0x104D3,1},{0x104D8,0x104FB,2},{0x10500,0x10527,5},
  {0x10530,0x10563,5},{0x1056F,0x1056F,18},{0x10570,0x1057A,1},{0x1057C,0x1058A,1},{0x1058C,0x10592,1},{0x10594,0x10595,1},
  {0x10597,0x105A1,2},{0x105A3,0x105B1,2},{0x105B3,0x105B9,2},{0x105BB,0x105BC,2},{0x105C0,0x105F3,5},{0x10600,0x10736,5},
  {0x10740,0x10755,5},{0x10760,0x10767,5},{0x10780,0x10785,4},{0x10787,0x107B0,4},{0x107B2,0x107BF,4},{0x10800,0x10805,5},
  {0x10808,0x10808,5},{0x1080A,0x10835,5},{0x10837,0x10838,5},{0x1083C,0x1083C,5},{0x1083F,0x10855,5},{0x10857,0x10857,18},
  {0x10858,0x1085F,11},{0x10860,0x10876,5},{0x10877,0x10878,22},{0x10879,0x1087F,11},{0x10880,0x1089E,5},{0x108A7,0x108AF,11},
  {0x108E0,0x108F2,5},{0x108F4,0x108F5,5},{0x108FB,0x108FF,11},{0x10900,0x10915,5},{0x10916,0x1091B,11},{0x1091F,0x1091F,18},
  {0x10920,0x10939,5},{0x1093F,0x1093F,18},{0x10940,0x10959,5},{0x10980,0x109B7,5},{0x109BC,0x109BD,11},{0x109BE,0x109BF,5},
  {0x109C0,0x109CF,11},{0x109D2,0x109FF,11},{0x10A00,0x10A00,5},{0x10A01,0x10A03,6},{0x10A05,0x10A06,6},{0x10A0C,0x10A0F,6},
  {0x10A10,0x10A13,5},{0x10A15,0x10A17,5},{0x10A19,0x10A35,5},{0x10A38,0x10A3A,6},{0x10A3F,0x10A3F,6},{0x10A40,0x10A48,11},
  {0x10A50,0x10A58,18},{0x10A60,0x10A7C,5},{0x10A7D,0x10A7E,11},{0x10A7F,0x10A7F,18},{0x10A80,0x10A9C,5},{0x10A9D,0x10A9F,11},
  {0x10AC0,0x10AC7,5},{0x10AC8,0x10AC8,22},{0x10AC9,0x10AE4,5},{0x10AE5,0x10AE6,6},{0x10AEB,0x10AEF,11},{0x10AF0,0x10AF6,18},
  {0x10B00,0x10B35,5},{0x10B39,0x10B3F,18},{0x10B40,0x10B55,5},{0x10B58,0x10B5F,11},{0x10B60,0x10B72,5},{0x10B78,0x10B7F,11},
  {0x10B80,0x10B91,5},{0x10B99,0x10B9C,18},{0x10BA9,0x10BAF,11},{0x10C00,0x10C48,5},{0x10C80,0x10CB2,1},{0x10CC0,0x10CF2,2},
  {0x10CFA,0x10CFF,11},{0x10D00,0x10D23,5},{0x10D24,0x10D27,6},{0x10D30,0x10D39,9},{0x10D40,0x10D49,9},{0x10D4A,0x10D4D,5},
  {0x10D4E,0x10D4E,4},{0x10D4F,0x10D4F,5},{0x10D50,0x10D65,1},{0x10D69,0x10D6D,6},{0x10D6E,0x10D6E,13},{0x10D6F,0x10D6F,4},
  {0x10D70,0x10D85,2},{0x10D8E,0x10D8F,19},{0x10E60,0x10E7E,11},{0x10E80,0x10EA9,5},{0x10EAB,0x10EAC,6},{0x10EAD,0x10EAD,13},
  {0x10EB0,0x10EB1,5},{0x10EC2,0x10EC4,5},{0x10EC5,0x10EC5,4},{0x10EC6,0x10EC7,5},{0x10EC9,0x10ECA,21},{0x10ECB,0x10ECF,6},
  {0x10ED0,0x10ED0,18},{0x10ED1,0x10ED8,22},{0x10ED9,0x10EEE,5},{0x10EF0,0x10EFF,6},{0x10F00,0x10F1C,5},{0x10F1D,0x10F26,11},
  {0x10F27,0x10F27,5},{0x10F30,0x10F45,5},{0x10F46,0x10F50,6},{0x10F51,0x10F54,11},{0x10F55,0x10F59,18},{0x10F70,0x10F81,5},
  {0x10F82,0x10F85,6},{0x10F86,0x10F89,18},{0x10FB0,0x10FC4,5},{0x10FC5,0x10FCB,11},{0x10FE0,0x10FF6,5},{0x11000,0x11000,7},
  {0x11001,0x11001,6},{0x11002,0x11002,7},{0x11003,0x11037,5},{0x11038,0x11046,6},{0x11047,0x1104D,18},{0x11052,0x11065,11},
  {0x11066,0x1106F,9},{0x11070,0x11070,6},{0x11071,0x11072,5},{0x11073,0x11074,6},{0x11075,0x11075,5},{0x1107F,0x11081,6},
  {0x11082,0x11082,7},{0x11083,0x110AF,5},{0x110B0,0x110B2,7},{0x110B3,0x110B6,6},{0x110B7,0x110B8,7},{0x110B9,0x110BA,6},
  {0x110BB,0x110BC,18},{0x110BD,0x110BD,27},{0x110BE,0x110C1,18},{0x110C2,0x110C2,6},{0x110CD,0x110CD,27},{0x110D0,0x110E8,5},
  {0x110F0,0x110F9,9},{0x11100,0x11102,6},{0x11103,0x11126,5},{0x11127,0x1112B,6},{0x1112C,0x1112C,7},{0x1112D,0x11134,6},
  {0x11136,0x1113F,9},{0x11140,0x11143,18},{0x11144,0x11144,5},{0x11145,0x11146,7},{0x11147,0x11147,5},{0x11150,0x11172,5},
  {0x11173,0x11173,6},{0x11174,0x11175,18},{0x11176,0x11176,5},{0x11180,0x11181,6},{0x11182,0x11182,7},{0x11183,0x111B2,5},
  {0x111B3,0x111B5,7},{0x111B6,0x111BE,6},{0x111BF,0x111C0,7},{0x111C1,0x111C4,5},{0x111C5,0x111C8,18},{0x111C9,0x111CC,6},
  {0x111CD,0x111CD,18},{0x111CE,0x111CE,7},{0x111CF,0x111CF,6},{0x111D0,0x111D9,9},{0x111DA,0x111DA,5},{0x111DB,0x111DB,18},
  {0x111DC,0x111DC,5},{0x111DD,0x111DF,18},{0x111E1,0x111F4,11},{0x11200,0x11211,5},{0x11213,0x1122B,5},{0x1122C,0x1122E,7},
  {0x1122F,0x11231,6},{0x11232,0x11233,7},{0x11234,0x11234,6},{0x11235,0x11235,7},{0x11236,0x11237,6},{0x11238,0x1123D,18},
  {0x1123E,0x1123E,6},{0x1123F,0x11240,5},{0x11241,0x11241,6},{0x11280,0x11286,5},{0x11288,0x11288,5},{0x1128A,0x1128D,5},
  {0x1128F,0x1129D,5},{0x1129F,0x112A8,5},{0x112A9,0x112A9,18},{0x112B0,0x112DE,5},{0x112DF,0x112DF,6},{0x112E0,0x112E2,7},
  {0x112E3,0x112EA,6},{0x112F0,0x112F9,9},{0x11300,0x11301,6},{0x11302,0x11303,7},{0x11305,0x1130C,5},{0x1130F,0x11310,5},
  {0x11313,0x11328,5},{0x1132A,0x11330,5},{0x11332,0x11333,5},{0x11335,0x11339,5},{0x1133B,0x1133C,6},{0x1133D,0x1133D,5},
  {0x1133E,0x1133F,7},{0x11340,0x11340,6},{0x11341,0x11344,7},{0x11347,0x11348,7},{0x1134B,0x1134D,7},{0x11350,0x11350,5},
  {0x11357,0x11357,7},{0x1135D,0x11361,5},{0x11362,0x11363,7},{0x11366,0x1136C,6},{0x11370,0x11374,6},{0x11380,0x11389,5},
  {0x1138B,0x1138B,5},{0x1138E,0x1138E,5},{0x11390,0x113B5,5},{0x113B7,0x113B7,5},{0x113B8,0x113BA,7},{0x113BB,0x113C0,6},
  {0x113C2,0x113C2,7},{0x113C5,0x113C5,7},{0x113C7,0x113CA,7},{0x113CC,0x113CD,7},{0x113CE,0x113CE,6},{0x113CF,0x113CF,7},
  {0x113D0,0x113D0,6},{0x113D1,0x113D1,5},{0x113D2,0x113D2,6},{0x113D3,0x113D3,5},{0x113D4,0x113D5,18},{0x113D7,0x113D8,18},
  {0x113E1,0x113E2,6},{0x11400,0x11434,5},{0x11435,0x11437,7},{0x11438,0x1143F,6},{0x11440,0x11441,7},{0x11442,0x11444,6},
  {0x11445,0x11445,7},{0x11446,0x11446,6},{0x11447,0x1144A,5},{0x1144B,0x1144F,18},{0x11450,0x11459,9},{0x1145A,0x1145B,18},
  {0x1145D,0x1145D,18},{0x1145E,0x1145E,6},{0x1145F,0x11461,5},{0x11480,0x114AF,5},{0x114B0,0x114B2,7},{0x114B3,0x114B8,6},
  {0x114B9,0x114B9,7},{0x114BA,0x114BA,6},{0x114BB,0x114BE,7},{0x114BF,0x114C0,6},{0x114C1,0x114C1,7},{0x114C2,0x114C3,6},
  {0x114C4,0x114C5,5},{0x114C6,0x114C6,18},{0x114C7,0x114C7,5},{0x114D0,0x114D9,9},{0x11580,0x115AE,5},{0x115AF,0x115B1,7},
  {0x115B2,0x115B5,6},{0x115B8,0x115BB,7},{0x115BC,0x115BD,6},{0x115BE,0x115BE,7},{0x115BF,0x115C0,6},{0x115C1,0x115D7,18},
  {0x115D8,0x115DB,5},{0x115DC,0x115DD,6},{0x11600,0x1162F,5},{0x11630,0x11632,7},{0x11633,0x1163A,6},{0x1163B,0x1163C,7},
  {0x1163D,0x1163D,6},{0x1163E,0x1163E,7},{0x1163F,0x11640,6},{0x11641,0x11643,18},{0x11644,0x11644,5},{0x11650,0x11659,9},
  {0x11660,0x1166C,18},{0x11680,0x116AA,5},{0x116AB,0x116AB,6},{0x116AC,0x116AC,7},{0x116AD,0x116AD,6},{0x116AE,0x116AF,7},
  {0x116B0,0x116B5,6},{0x116B6,0x116B6,7},{0x116B7,0x116B7,6},{0x116B8,0x116B8,5},{0x116B9,0x116B9,18},{0x116C0,0x116C9,9},
  {0x116D0,0x116E3,9},{0x11700,0x1171A,5},{0x1171D,0x1171D,6},{0x1171E,0x1171E,7},{0x1171F,0x1171F,6},{0x11720,0x11721,7},
  {0x11722,0x11725,6},{0x11726,0x11726,7},{0x11727,0x1172B,6},{0x11730,0x11739,9},{0x1173A,0x1173B,11},{0x1173C,0x1173E,18},
  {0x1173F,0x1173F,22},{0x11740,0x11746,5},{0x11800,0x1182B,5},{0x1182C,0x1182E,7},{0x1182F,0x11837,6},{0x11838,0x11838,7},
  {0x11839,0x1183A,6},{0x1183B,0x1183B,18},{0x118A0,0x118BF,1},{0x118C0,0x118DF,2},{0x118E0,0x118E9,9},{0x118EA,0x118F2,11},
  {0x118FF,0x11906,5},{0x11909,0x11909,5},{0x1190C,0x11913,5},{0x11915,0x11916,5},{0x11918,0x1192F,5},{0x11930,0x11935,7},
  {0x11937,0x11938,7},{0x1193B,0x1193C,6},{0x1193D,0x1193D,7},{0x1193E,0x1193E,6},{0x1193F,0x1193F,5},{0x11940,0x11940,7},
  {0x11941,0x11941,5},{0x11942,0x11942,7},{0x11943,0x11943,6},{0x11944,0x11946,18},{0x11950,0x11959,9},{0x119A0,0x119A7,5},
  {0x119AA,0x119D0,5},{0x119D1,0x119D3,7},{0x119D4,0x119D7,6},{0x119DA,0x119DB,6},{0x119DC,0x119DF,7},{0x119E0,0x119E0,6},
  {0x119E1,0x119E1,5},{0x119E2,0x119E2,18},{0x119E3,0x119E3,5},{0x119E4,0x119E4,7},{0x11A00,0x11A00,5},{0x11A01,0x11A0A,6},
  {0x11A0B,0x11A32,5},{0x11A33,0x11A38,6},{0x11A39,0x11A39,7},{0x11A3A,0x11A3A,5},{0x11A3B,0x11A3E,6},{0x11A3F,0x11A46,18},
  {0x11A47,0x11A47,6},{0x11A50,0x11A50,5},{0x11A51,0x11A56,6},{0x11A57,0x11A58,7},{0x11A59,0x11A5B,6},{0x11A5C,0x11A89,5},
  {0x11A8A,0x11A96,6},{0x11A97,0x11A97,7},{0x11A98,0x11A99,6},{0x11A9A,0x11A9C,18},{0x11A9D,0x11A9D,5},{0x11A9E,0x11AA2,18},
  {0x11AB0,0x11AF8,5},{0x11B00,0x11B09,18},{0x11B0A,0x11B0A,5},{0x11B60,0x11B60,6},{0x11B61,0x11B61,7},{0x11B62,0x11B64,6},
  {0x11B65,0x11B65,7},{0x11B66,0x11B66,6},{0x11B67,0x11B67,7},{0x11BC0,0x11BE0,5},{0x11BE1,0x11BE1,18},{0x11BF0,0x11BF9,9},
  {0x11C00,0x11C08,5},{0x11C0A,0x11C2E,5},{0x11C2F,0x11C2F,7},{0x11C30,0x11C36,6},{0x11C38,0x11C3D,6},{0x11C3E,0x11C3E,7},
  {0x11C3F,0x11C3F,6},{0x11C40,0x11C40,5},{0x11C41,0x11C45,18},{0x11C50,0x11C59,9},{0x11C5A,0x11C6C,11},{0x11C70,0x11C71,18},
  {0x11C72,0x11C8F,5},{0x11C92,0x11CA7,6},{0x11CA9,0x11CA9,7},{0x11CAA,0x11CB0,6},{0x11CB1,0x11CB1,7},{0x11CB2,0x11CB3,6},
  {0x11CB4,0x11CB4,7},{0x11CB5,0x11CB6,6},{0x11D00,0x11D06,5},{0x11D08,0x11D09,5},{0x11D0B,0x11D30,5},{0x11D31,0x11D36,6},
  {0x11D3A,0x11D3A,6},{0x11D3C,0x11D3D,6},{0x11D3F,0x11D45,6},{0x11D46,0x11D46,5},{0x11D47,0x11D47,6},{0x11D50,0x11D59,9},
  {0x11D60,0x11D65,5},{0x11D67,0x11D68,5},{0x11D6A,0x11D89,5},{0x11D8A,0x11D8E,7},{0x11D90,0x11D91,6},{0x11D93,0x11D94,7},
  {0x11D95,0x11D95,6},{0x11D96,0x11D96,7},{0x11D97,0x11D97,6},{0x11D98,0x11D98,5},{0x11DA0,0x11DA9,9},{0x11DB0,0x11DD8,5},
  {0x11DD9,0x11DD9,4},{0x11DDA,0x11DDB,5},{0x11DE0,0x11DE9,9},{0x11DF0,0x11DF0,6},{0x11DF1,0x11DF1,5},{0x11EE0,0x11EF2,5},
  {0x11EF3,0x11EF4,6},{0x11EF5,0x11EF6,7},{0x11EF7,0x11EF8,18},{0x11F00,0x11F01,6},{0x11F02,0x11F02,5},{0x11F03,0x11F03,7},
  {0x11F04,0x11F10,5},{0x11F12,0x11F33,5},{0x11F34,0x11F35,7},{0x11F36,0x11F3A,6},{0x11F3E,0x11F3F,7},{0x11F40,0x11F40,6},
  {0x11F41,0x11F41,7},{0x11F42,0x11F42,6},{0x11F43,0x11F4F,18},{0x11F50,0x11F59,9},{0x11F5A,0x11F5A,6},{0x11FB0,0x11FB0,5},
  {0x11FC0,0x11FD4,11},{0x11FD5,0x11FDC,22},{0x11FDD,0x11FE0,20},{0x11FE1,0x11FF1,22},{0x11FFF,0x11FFF,18},{0x12000,0x12399,5},
  {0x12400,0x1246F,10},{0x12470,0x12474,18},{0x12475,0x1247F,10},{0x12480,0x12543,5},{0x12550,0x12686,10},{0x12F90,0x12FF0,5},
  {0x12FF1,0x12FF2,18},{0x13000,0x1342F,5},{0x13430,0x1343F,27},{0x13440,0x13440,6},{0x13441,0x13446,5},{0x13447,0x13455,6},
  {0x13460,0x143FA,5},{0x14400,0x14646,5},{0x16100,0x1611D,5},{0x1611E,0x16129,6},{0x1612A,0x1612C,7},{0x1612D,0x1612F,6},
  {0x16130,0x16139,9},{0x16800,0x16A38,5},{0x16A40,0x16A5E,5},{0x16A60,0x16A69,9},{0x16A6E,0x16A6F,18},{0x16A70,0x16ABE,5},
  {0x16AC0,0x16AC9,9},{0x16AD0,0x16AED,5},{0x16AF0,0x16AF4,6},{0x16AF5,0x16AF5,18},{0x16B00,0x16B2F,5},{0x16B30,0x16B36,6},
  {0x16B37,0x16B3B,18},{0x16B3C,0x16B3F,22},{0x16B40,0x16B43,4},{0x16B44,0x16B44,18},{0x16B45,0x16B45,22},{0x16B50,0x16B59,9},
  {0x16B5B,0x16B61,11},{0x16B63,0x16B77,5},{0x16B7D,0x16B8F,5},{0x16D40,0x16D42,4},{0x16D43,0x16D6A,5},{0x16D6B,0x16D6C,4},
  {0x16D6D,0x16D6F,18},{0x16D70,0x16D79,9},{0x16E40,0x16E5F,1},{0x16E60,0x16E7F,2},{0x16E80,0x16E96,11},{0x16E97,0x16E9A,18},
  {0x16EA0,0x16EB8,1},{0x16EBB,0x16ED3,2},{0x16F00,0x16F4A,5},{0x16F4F,0x16F4F,6},{0x16F50,0x16F50,5},{0x16F51,0x16F87,7},
  {0x16F8F,0x16F92,6},{0x16F93,0x16F9F,4},{0x16FE0,0x16FE1,4},{0x16FE2,0x16FE2,18},{0x16FE3,0x16FE3,4},{0x16FE4,0x16FE4,6},
  {0x16FF0,0x16FF1,7},{0x16FF2,0x16FF3,4},{0x16FF4,0x16FF6,10},{0x17000,0x18CDA,5},{0x18CFF,0x18D20,5},{0x18D80,0x18DF2,5},
  {0x18E00,0x19191,5},{0x191A0,0x191D2,5},{0x1AFF0,0x1AFF3,4},{0x1AFF5,0x1AFFB,4},{0x1AFFD,0x1AFFE,4},{0x1B000,0x1B128,5},
  {0x1B132,0x1B132,5},{0x1B150,0x1B152,5},{0x1B155,0x1B155,5},{0x1B164,0x1B168,5},{0x1B170,0x1B2FB,5},{0x1BC00,0x1BC6A,5},
  {0x1BC70,0x1BC7C,5},{0x1BC80,0x1BC88,5},{0x1BC90,0x1BC99,5},{0x1BC9C,0x1BC9C,22},{0x1BC9D,0x1BC9E,6},{0x1BC9F,0x1BC9F,18},
  {0x1BCA0,0x1BCA3,27},{0x1CC00,0x1CCEF,22},{0x1CCF0,0x1CCF9,9},{0x1CCFA,0x1CCFC,22},{0x1CD00,0x1CEB3,22},{0x1CEBA,0x1CED0,22},
  {0x1CED2,0x1CED4,22},{0x1CEDD,0x1CEDF,19},{0x1CEE0,0x1CEEF,22},{0x1CEF0,0x1CEFD,19},{0x1CF00,0x1CF2D,6},{0x1CF30,0x1CF46,6},
  {0x1CF50,0x1CFC3,22},{0x1D000,0x1D0F5,22},{0x1D100,0x1D126,22},{0x1D127,0x1D128,6},{0x1D129,0x1D164,22},{0x1D165,0x1D166,7},
  {0x1D167,0x1D169,6},{0x1D16A,0x1D16C,22},{0x1D16D,0x1D172,7},{0x1D173,0x1D17A,27},{0x1D17B,0x1D182,6},{0x1D183,0x1D184,22},
  {0x1D185,0x1D18B,6},{0x1D18C,0x1D1A9,22},{0x1D1AA,0x1D1AD,6},{0x1D1AE,0x1D241,22},{0x1D242,0x1D244,6},{0x1D245,0x1D245,22},
  {0x1D250,0x1D252,7},{0x1D253,0x1D25A,22},{0x1D25B,0x1D25C,6},{0x1D25D,0x1D25E,22},{0x1D25F,0x1D25F,7},{0x1D260,0x1D27F,22},
  {0x1D280,0x1D281,7},{0x1D2C0,0x1D2D3,11},{0x1D2E0,0x1D2F3,11},{0x1D300,0x1D356,22},{0x1D360,0x1D378,11},{0x1D400,0x1D419,1},
  {0x1D41A,0x1D433,2},{0x1D434,0x1D44D,1},{0x1D44E,0x1D454,2},{0x1D456,0x1D467,2},{0x1D468,0x1D481,1},{0x1D482,0x1D49B,2},
  {0x1D49C,0x1D49C,1},{0x1D49E,0x1D49F,1},{0x1D4A2,0x1D4A2,1},{0x1D4A5,0x1D4A6,1},{0x1D4A9,0x1D4AC,1},{0x1D4AE,0x1D4B5,1},
  {0x1D4B6,0x1D4B9,2},{0x1D4BB,0x1D4BB,2},{0x1D4BD,0x1D4C3,2},{0x1D4C5,0x1D4CF,2},{0x1D4D0,0x1D4E9,1},{0x1D4EA,0x1D503,2},
  {0x1D504,0x1D505,1},{0x1D507,0x1D50A,1},{0x1D50D,0x1D514,1},{0x1D516,0x1D51C,1},{0x1D51E,0x1D537,2},{0x1D538,0x1D539,1},
  {0x1D53B,0x1D53E,1},{0x1D540,0x1D544,1},{0x1D546,0x1D546,1},{0x1D54A,0x1D550,1},{0x1D552,0x1D56B,2},{0x1D56C,0x1D585,1},
  {0x1D586,0x1D59F,2},{0x1D5A0,0x1D5B9,1},{0x1D5BA,0x1D5D3,2},{0x1D5D4,0x1D5ED,1},{0x1D5EE,0x1D607,2},{0x1D608,0x1D621,1},
  {0x1D622,0x1D63B,2},{0x1D63C,0x1D655,1},{0x1D656,0x1D66F,2},{0x1D670,0x1D689,1},{0x1D68A,0x1D6A6,2},{0x1D6A8,0x1D6C0,1},
  {0x1D6C1,0x1D6C1,19},{0x1D6C2,0x1D6DA,2},{0x1D6DB,0x1D6DB,19},{0x1D6DC,0x1D6E1,2},{0x1D6E2,0x1D6FA,1},{0x1D6FB,0x1D6FB,19},
  {0x1D6FC,0x1D714,2},{0x1D715,0x1D715,19},{0x1D716,0x1D71B,2},{0x1D71C,0x1D734,1},{0x1D735,0x1D735,19},{0x1D736,0x1D74E,2},
  {0x1D74F,0x1D74F,19},{0x1D750,0x1D755,2},{0x1D756,0x1D76E,1},{0x1D76F,0x1D76F,19},{0x1D770,0x1D788,2},{0x1D789,0x1D789,19},
  {0x1D78A,0x1D78F,2},{0x1D790,0x1D7A8,1},{0x1D7A9,0x1D7A9,19},{0x1D7AA,0x1D7C2,2},{0x1D7C3,0x1D7C3,19},{0x1D7C4,0x1D7C9,2},
  {0x1D7CA,0x1D7CA,1},{0x1D7CB,0x1D7CB,2},{0x1D7CE,0x1D7FF,9},{0x1D800,0x1D9FF,22},{0x1DA00,0x1DA36,6},{0x1DA37,0x1DA3A,22},
  {0x1DA3B,0x1DA6C,6},{0x1DA6D,0x1DA74,22},{0x1DA75,0x1DA75,6},{0x1DA76,0x1DA83,22},{0x1DA84,0x1DA84,6},{0x1DA85,0x1DA86,22},
  {0x1DA87,0x1DA8B,18},{0x1DA9B,0x1DA9F,6},{0x1DAA1,0x1DAAF,6},{0x1DB00,0x1DB1C,19},{0x1DF00,0x1DF09,2},{0x1DF0A,0x1DF0A,5},
  {0x1DF0B,0x1DF3F,2},{0x1DF40,0x1DF40,1},{0x1DF41,0x1DF47,2},{0x1DF48,0x1DF48,1},{0x1DF49,0x1DF49,2},{0x1DF4A,0x1DF4A,1},
  {0x1DF4B,0x1DF4C,2},{0x1DF4D,0x1DF4D,1},{0x1DF4E,0x1DF50,2},{0x1DF51,0x1DF51,1},{0x1DF52,0x1DF67,2},{0x1DF68,0x1DF68,1},
  {0x1DF69,0x1DF69,2},{0x1DF6A,0x1DF6A,1},{0x1DF6B,0x1DF6B,2},{0x1DF6C,0x1DF6C,1},{0x1DF6D,0x1DF6D,2},{0x1DF6E,0x1DF6E,1},
  {0x1DF6F,0x1DF71,2},{0x1DF72,0x1DF72,1},{0x1DF73,0x1DF73,2},{0x1DF74,0x1DF74,1},{0x1DF75,0x1DF75,2},{0x1DF76,0x1DF76,1},
  {0x1DF77,0x1DF77,2},{0x1DF78,0x1DF78,1},{0x1DF79,0x1DF79,2},{0x1DF7A,0x1DF7A,1},{0x1DF7B,0x1DF7B,2},{0x1DF7C,0x1DF7C,1},
  {0x1DF7D,0x1DF7D,2},{0x1DF7E,0x1DF7E,1},{0x1DF7F,0x1DF7F,2},{0x1DF80,0x1DF81,5},{0x1DF90,0x1DF96,2},{0x1DFCD,0x1DFFF,4},
  {0x1E000,0x1E006,6},{0x1E008,0x1E018,6},{0x1E01B,0x1E021,6},{0x1E023,0x1E024,6},{0x1E026,0x1E02A,6},{0x1E030,0x1E06D,4},
  {0x1E08F,0x1E08F,6},{0x1E100,0x1E12C,5},{0x1E130,0x1E136,6},{0x1E137,0x1E13D,4},{0x1E140,0x1E149,9},{0x1E14E,0x1E14E,5},
  {0x1E14F,0x1E14F,22},{0x1E290,0x1E2AD,5},{0x1E2AE,0x1E2AE,6},{0x1E2C0,0x1E2EB,5},{0x1E2EC,0x1E2EF,6},{0x1E2F0,0x1E2F9,9},
  {0x1E2FF,0x1E2FF,20},{0x1E4D0,0x1E4EA,5},{0x1E4EB,0x1E4EB,4},{0x1E4EC,0x1E4EF,6},{0x1E4F0,0x1E4F9,9},{0x1E5D0,0x1E5ED,5},
  {0x1E5EE,0x1E5EF,6},{0x1E5F0,0x1E5F0,5},{0x1E5F1,0x1E5FA,9},{0x1E5FF,0x1E5FF,18},{0x1E6C0,0x1E6DE,5},{0x1E6E0,0x1E6E2,5},
  {0x1E6E3,0x1E6E3,6},{0x1E6E4,0x1E6E5,5},{0x1E6E6,0x1E6E6,6},{0x1E6E7,0x1E6ED,5},{0x1E6EE,0x1E6EF,6},{0x1E6F0,0x1E6F4,5},
  {0x1E6F5,0x1E6F5,6},{0x1E6FE,0x1E6FE,5},{0x1E6FF,0x1E6FF,4},{0x1E7E0,0x1E7E6,5},{0x1E7E8,0x1E7EB,5},{0x1E7ED,0x1E7EE,5},
  {0x1E7F0,0x1E7FE,5},{0x1E800,0x1E8C4,5},{0x1E8C7,0x1E8CF,11},{0x1E8D0,0x1E8D6,6},{0x1E900,0x1E921,1},{0x1E922,0x1E943,2},
  {0x1E944,0x1E94A,6},{0x1E94B,0x1E94B,4},{0x1E950,0x1E959,9},{0x1E95E,0x1E95F,18},{0x1EC71,0x1ECAB,11},{0x1ECAC,0x1ECAC,22},
  {0x1ECAD,0x1ECAF,11},{0x1ECB0,0x1ECB0,20},{0x1ECB1,0x1ECB4,11},{0x1ED01,0x1ED2D,11},{0x1ED2E,0x1ED2E,22},{0x1ED2F,0x1ED3D,11},
  {0x1EE00,0x1EE03,5},{0x1EE05,0x1EE1F,5},{0x1EE21,0x1EE22,5},{0x1EE24,0x1EE24,5},{0x1EE27,0x1EE27,5},{0x1EE29,0x1EE32,5},
  {0x1EE34,0x1EE37,5},{0x1EE39,0x1EE39,5},{0x1EE3B,0x1EE3B,5},{0x1EE42,0x1EE42,5},{0x1EE47,0x1EE47,5},{0x1EE49,0x1EE49,5},
  {0x1EE4B,0x1EE4B,5},{0x1EE4D,0x1EE4F,5},{0x1EE51,0x1EE52,5},{0x1EE54,0x1EE54,5},{0x1EE57,0x1EE57,5},{0x1EE59,0x1EE59,5},
  {0x1EE5B,0x1EE5B,5},{0x1EE5D,0x1EE5D,5},{0x1EE5F,0x1EE5F,5},{0x1EE61,0x1EE62,5},{0x1EE64,0x1EE64,5},{0x1EE67,0x1EE6A,5},
  {0x1EE6C,0x1EE72,5},{0x1EE74,0x1EE77,5},{0x1EE79,0x1EE7C,5},{0x1EE7E,0x1EE7E,5},{0x1EE80,0x1EE89,5},{0x1EE8B,0x1EE9B,5},
  {0x1EEA1,0x1EEA3,5},{0x1EEA5,0x1EEA9,5},{0x1EEAB,0x1EEBB,5},{0x1EEF0,0x1EEF1,19},{0x1F000,0x1F02B,22},{0x1F030,0x1F093,22},
  {0x1F0A0,0x1F0AE,22},{0x1F0B1,0x1F0BF,22},{0x1F0C1,0x1F0CF,22},{0x1F0D1,0x1F0F5,22},{0x1F100,0x1F10C,11},{0x1F10D,0x1F1AE,22},
  {0x1F1E6,0x1F202,22},{0x1F210,0x1F23B,22},{0x1F240,0x1F248,22},{0x1F250,0x1F251,22},{0x1F260,0x1F265,22},{0x1F300,0x1F3FA,22},
  {0x1F3FB,0x1F3FF,21},{0x1F400,0x1F6D9,22},{0x1F6DC,0x1F6EC,22},{0x1F6F0,0x1F6FC,22},{0x1F700,0x1F7DB,22},{0x1F7E0,0x1F7EB,22},
  {0x1F7F0,0x1F80B,22},{0x1F810,0x1F847,22},{0x1F850,0x1F859,22},{0x1F860,0x1F887,22},{0x1F890,0x1F8AD,22},{0x1F8B0,0x1F8BB,22},
  {0x1F8C0,0x1F8C1,22},{0x1F8D0,0x1F8D8,19},{0x1F900,0x1FA57,22},{0x1FA60,0x1FA6D,22},{0x1FA70,0x1FA7C,22},{0x1FA80,0x1FAC6,22},
  {0x1FAC8,0x1FAC8,22},{0x1FACC,0x1FADD,22},{0x1FADF,0x1FAEB,22},{0x1FAEF,0x1FAFA,22},{0x1FB00,0x1FB92,22},{0x1FB94,0x1FBEF,22},
  {0x1FBF0,0x1FBF9,9},{0x1FBFA,0x1FBFA,22},{0x20000,0x2A6DF,5},{0x2A700,0x2B81E,5},{0x2B820,0x2CEAD,5},{0x2CEB0,0x2EBE0,5},
  {0x2EBF0,0x2EE5D,5},{0x2F800,0x2FA1D,5},{0x30000,0x3134A,5},{0x31350,0x33479,5},{0x3D000,0x3FC3F,5},{0xE0001,0xE0001,27},
  {0xE0020,0xE007F,27},{0xE0100,0xE01EF,6},{0xF0000,0xFFFFD,29},{0x100000,0x10FFFD,29},
};

const Mapping kUpper[] = {
  {0x61,0x41},{0x62,0x42},{0x63,0x43},{0x64,0x44},{0x65,0x45},{0x66,0x46},{0x67,0x47},{0x68,0x48},{0x69,0x49},{0x6A,0x4A},{0x6B,0x4B},
  {0x6C,0x4C},{0x6D,0x4D},{0x6E,0x4E},{0x6F,0x4F},{0x70,0x50},{0x71,0x51},{0x72,0x52},{0x73,0x53},{0x74,0x54},{0x75,0x55},{0x76,0x56},
  {0x77,0x57},{0x78,0x58},{0x79,0x59},{0x7A,0x5A},{0xB5,0x39C},{0xE0,0xC0},{0xE1,0xC1},{0xE2,0xC2},{0xE3,0xC3},{0xE4,0xC4},{0xE5,0xC5},
  {0xE6,0xC6},{0xE7,0xC7},{0xE8,0xC8},{0xE9,0xC9},{0xEA,0xCA},{0xEB,0xCB},{0xEC,0xCC},{0xED,0xCD},{0xEE,0xCE},{0xEF,0xCF},{0xF0,0xD0},
  {0xF1,0xD1},{0xF2,0xD2},{0xF3,0xD3},{0xF4,0xD4},{0xF5,0xD5},{0xF6,0xD6},{0xF8,0xD8},{0xF9,0xD9},{0xFA,0xDA},{0xFB,0xDB},{0xFC,0xDC},
  {0xFD,0xDD},{0xFE,0xDE},{0xFF,0x178},{0x101,0x100},{0x103,0x102},{0x105,0x104},{0x107,0x106},{0x109,0x108},{0x10B,0x10A},{0x10D,0x10C},
  {0x10F,0x10E},{0x111,0x110},{0x113,0x112},{0x115,0x114},{0x117,0x116},{0x119,0x118},{0x11B,0x11A},{0x11D,0x11C},{0x11F,0x11E},
  {0x121,0x120},{0x123,0x122},{0x125,0x124},{0x127,0x126},{0x129,0x128},{0x12B,0x12A},{0x12D,0x12C},{0x12F,0x12E},{0x131,0x49},
  {0x133,0x132},{0x135,0x134},{0x137,0x136},{0x13A,0x139},{0x13C,0x13B},{0x13E,0x13D},{0x140,0x13F},{0x142,0x141},{0x144,0x143},
  {0x146,0x145},{0x148,0x147},{0x14B,0x14A},{0x14D,0x14C},{0x14F,0x14E},{0x151,0x150},{0x153,0x152},{0x155,0x154},{0x157,0x156},
  {0x159,0x158},{0x15B,0x15A},{0x15D,0x15C},{0x15F,0x15E},{0x161,0x160},{0x163,0x162},{0x165,0x164},{0x167,0x166},{0x169,0x168},
  {0x16B,0x16A},{0x16D,0x16C},{0x16F,0x16E},{0x171,0x170},{0x173,0x172},{0x175,0x174},{0x177,0x176},{0x17A,0x179},{0x17C,0x17B},
  {0x17E,0x17D},{0x17F,0x53},{0x180,0x243},{0x183,0x182},{0x185,0x184},{0x188,0x187},{0x18C,0x18B},{0x192,0x191},{0x195,0x1F6},
  {0x199,0x198},{0x19A,0x23D},{0x19B,0xA7DC},{0x19E,0x220},{0x1A1,0x1A0},{0x1A3,0x1A2},{0x1A5,0x1A4},{0x1A8,0x1A7},{0x1AD,0x1AC},
  {0x1B0,0x1AF},{0x1B4,0x1B3},{0x1B6,0x1B5},{0x1B9,0x1B8},{0x1BD,0x1BC},{0x1BF,0x1F7},{0x1C5,0x1C4},{0x1C6,0x1C4},{0x1C8,0x1C7},
  {0x1C9,0x1C7},{0x1CB,0x1CA},{0x1CC,0x1CA},{0x1CE,0x1CD},{0x1D0,0x1CF},{0x1D2,0x1D1},{0x1D4,0x1D3},{0x1D6,0x1D5},{0x1D8,0x1D7},
  {0x1DA,0x1D9},{0x1DC,0x1DB},{0x1DD,0x18E},{0x1DF,0x1DE},{0x1E1,0x1E0},{0x1E3,0x1E2},{0x1E5,0x1E4},{0x1E7,0x1E6},{0x1E9,0x1E8},
  {0x1EB,0x1EA},{0x1ED,0x1EC},{0x1EF,0x1EE},{0x1F2,0x1F1},{0x1F3,0x1F1},{0x1F5,0x1F4},{0x1F9,0x1F8},{0x1FB,0x1FA},{0x1FD,0x1FC},
  {0x1FF,0x1FE},{0x201,0x200},{0x203,0x202},{0x205,0x204},{0x207,0x206},{0x209,0x208},{0x20B,0x20A},{0x20D,0x20C},{0x20F,0x20E},
  {0x211,0x210},{0x213,0x212},{0x215,0x214},{0x217,0x216},{0x219,0x218},{0x21B,0x21A},{0x21D,0x21C},{0x21F,0x21E},{0x223,0x222},
  {0x225,0x224},{0x227,0x226},{0x229,0x228},{0x22B,0x22A},{0x22D,0x22C},{0x22F,0x22E},{0x231,0x230},{0x233,0x232},{0x23C,0x23B},
  {0x23F,0x2C7E},{0x240,0x2C7F},{0x242,0x241},{0x247,0x246},{0x249,0x248},{0x24B,0x24A},{0x24D,0x24C},{0x24F,0x24E},{0x250,0x2C6F},
  {0x251,0x2C6D},{0x252,0x2C70},{0x253,0x181},{0x254,0x186},{0x256,0x189},{0x257,0x18A},{0x259,0x18F},{0x25B,0x190},{0x25C,0xA7AB},
  {0x260,0x193},{0x261,0xA7AC},{0x263,0x194},{0x264,0xA7CB},{0x265,0xA78D},{0x266,0xA7AA},{0x268,0x197},{0x269,0x196},{0x26A,0xA7AE},
  {0x26B,0x2C62},{0x26C,0xA7AD},{0x26F,0x19C},{0x271,0x2C6E},{0x272,0x19D},{0x275,0x19F},{0x277,0xA7DD},{0x27C,0xA7E2},{0x27D,0x2C64},
  {0x280,0x1A6},{0x282,0xA7C5},{0x283,0x1A9},{0x287,0xA7B1},{0x288,0x1AE},{0x289,0x244},{0x28A,0x1B1},{0x28B,0x1B2},{0x28C,0x245},
  {0x292,0x1B7},{0x29D,0xA7B2},{0x29E,0xA7B0},{0x345,0x399},{0x371,0x370},{0x373,0x372},{0x377,0x376},{0x37B,0x3FD},{0x37C,0x3FE},
  {0x37D,0x3FF},{0x3AC,0x386},{0x3AD,0x388},{0x3AE,0x389},{0x3AF,0x38A},{0x3B1,0x391},{0x3B2,0x392},{0x3B3,0x393},{0x3B4,0x394},
  {0x3B5,0x395},{0x3B6,0x396},{0x3B7,0x397},{0x3B8,0x398},{0x3B9,0x399},{0x3BA,0x39A},{0x3BB,0x39B},{0x3BC,0x39C},{0x3BD,0x39D},
  {0x3BE,0x39E},{0x3BF,0x39F},{0x3C0,0x3A0},{0x3C1,0x3A1},{0x3C2,0x3A3},{0x3C3,0x3A3},{0x3C4,0x3A4},{0x3C5,0x3A5},{0x3C6,0x3A6},
  {0x3C7,0x3A7},{0x3C8,0x3A8},{0x3C9,0x3A9},{0x3CA,0x3AA},{0x3CB,0x3AB},{0x3CC,0x38C},{0x3CD,0x38E},{0x3CE,0x38F},{0x3D0,0x392},
  {0x3D1,0x398},{0x3D5,0x3A6},{0x3D6,0x3A0},{0x3D7,0x3CF},{0x3D9,0x3D8},{0x3DB,0x3DA},{0x3DD,0x3DC},{0x3DF,0x3DE},{0x3E1,0x3E0},
  {0x3E3,0x3E2},{0x3E5,0x3E4},{0x3E7,0x3E6},{0x3E9,0x3E8},{0x3EB,0x3EA},{0x3ED,0x3EC},{0x3EF,0x3EE},{0x3F0,0x39A},{0x3F1,0x3A1},
  {0x3F2,0x3F9},{0x3F3,0x37F},{0x3F5,0x395},{0x3F8,0x3F7},{0x3FB,0x3FA},{0x430,0x410},{0x431,0x411},{0x432,0x412},{0x433,0x413},
  {0x434,0x414},{0x435,0x415},{0x436,0x416},{0x437,0x417},{0x438,0x418},{0x439,0x419},{0x43A,0x41A},{0x43B,0x41B},{0x43C,0x41C},
  {0x43D,0x41D},{0x43E,0x41E},{0x43F,0x41F},{0x440,0x420},{0x441,0x421},{0x442,0x422},{0x443,0x423},{0x444,0x424},{0x445,0x425},
  {0x446,0x426},{0x447,0x427},{0x448,0x428},{0x449,0x429},{0x44A,0x42A},{0x44B,0x42B},{0x44C,0x42C},{0x44D,0x42D},{0x44E,0x42E},
  {0x44F,0x42F},{0x450,0x400},{0x451,0x401},{0x452,0x402},{0x453,0x403},{0x454,0x404},{0x455,0x405},{0x456,0x406},{0x457,0x407},
  {0x458,0x408},{0x459,0x409},{0x45A,0x40A},{0x45B,0x40B},{0x45C,0x40C},{0x45D,0x40D},{0x45E,0x40E},{0x45F,0x40F},{0x461,0x460},
  {0x463,0x462},{0x465,0x464},{0x467,0x466},{0x469,0x468},{0x46B,0x46A},{0x46D,0x46C},{0x46F,0x46E},{0x471,0x470},{0x473,0x472},
  {0x475,0x474},{0x477,0x476},{0x479,0x478},{0x47B,0x47A},{0x47D,0x47C},{0x47F,0x47E},{0x481,0x480},{0x48B,0x48A},{0x48D,0x48C},
  {0x48F,0x48E},{0x491,0x490},{0x493,0x492},{0x495,0x494},{0x497,0x496},{0x499,0x498},{0x49B,0x49A},{0x49D,0x49C},{0x49F,0x49E},
  {0x4A1,0x4A0},{0x4A3,0x4A2},{0x4A5,0x4A4},{0x4A7,0x4A6},{0x4A9,0x4A8},{0x4AB,0x4AA},{0x4AD,0x4AC},{0x4AF,0x4AE},{0x4B1,0x4B0},
  {0x4B3,0x4B2},{0x4B5,0x4B4},{0x4B7,0x4B6},{0x4B9,0x4B8},{0x4BB,0x4BA},{0x4BD,0x4BC},{0x4BF,0x4BE},{0x4C2,0x4C1},{0x4C4,0x4C3},
  {0x4C6,0x4C5},{0x4C8,0x4C7},{0x4CA,0x4C9},{0x4CC,0x4CB},{0x4CE,0x4CD},{0x4CF,0x4C0},{0x4D1,0x4D0},{0x4D3,0x4D2},{0x4D5,0x4D4},
  {0x4D7,0x4D6},{0x4D9,0x4D8},{0x4DB,0x4DA},{0x4DD,0x4DC},{0x4DF,0x4DE},{0x4E1,0x4E0},{0x4E3,0x4E2},{0x4E5,0x4E4},{0x4E7,0x4E6},
  {0x4E9,0x4E8},{0x4EB,0x4EA},{0x4ED,0x4EC},{0x4EF,0x4EE},{0x4F1,0x4F0},{0x4F3,0x4F2},{0x4F5,0x4F4},{0x4F7,0x4F6},{0x4F9,0x4F8},
  {0x4FB,0x4FA},{0x4FD,0x4FC},{0x4FF,0x4FE},{0x501,0x500},{0x503,0x502},{0x505,0x504},{0x507,0x506},{0x509,0x508},{0x50B,0x50A},
  {0x50D,0x50C},{0x50F,0x50E},{0x511,0x510},{0x513,0x512},{0x515,0x514},{0x517,0x516},{0x519,0x518},{0x51B,0x51A},{0x51D,0x51C},
  {0x51F,0x51E},{0x521,0x520},{0x523,0x522},{0x525,0x524},{0x527,0x526},{0x529,0x528},{0x52B,0x52A},{0x52D,0x52C},{0x52F,0x52E},
  {0x561,0x531},{0x562,0x532},{0x563,0x533},{0x564,0x534},{0x565,0x535},{0x566,0x536},{0x567,0x537},{0x568,0x538},{0x569,0x539},
  {0x56A,0x53A},{0x56B,0x53B},{0x56C,0x53C},{0x56D,0x53D},{0x56E,0x53E},{0x56F,0x53F},{0x570,0x540},{0x571,0x541},{0x572,0x542},
  {0x573,0x543},{0x574,0x544},{0x575,0x545},{0x576,0x546},{0x577,0x547},{0x578,0x548},{0x579,0x549},{0x57A,0x54A},{0x57B,0x54B},
  {0x57C,0x54C},{0x57D,0x54D},{0x57E,0x54E},{0x57F,0x54F},{0x580,0x550},{0x581,0x551},{0x582,0x552},{0x583,0x553},{0x584,0x554},
  {0x585,0x555},{0x586,0x556},{0x10D0,0x1C90},{0x10D1,0x1C91},{0x10D2,0x1C92},{0x10D3,0x1C93},{0x10D4,0x1C94},{0x10D5,0x1C95},
  {0x10D6,0x1C96},{0x10D7,0x1C97},{0x10D8,0x1C98},{0x10D9,0x1C99},{0x10DA,0x1C9A},{0x10DB,0x1C9B},{0x10DC,0x1C9C},{0x10DD,0x1C9D},
  {0x10DE,0x1C9E},{0x10DF,0x1C9F},{0x10E0,0x1CA0},{0x10E1,0x1CA1},{0x10E2,0x1CA2},{0x10E3,0x1CA3},{0x10E4,0x1CA4},{0x10E5,0x1CA5},
  {0x10E6,0x1CA6},{0x10E7,0x1CA7},{0x10E8,0x1CA8},{0x10E9,0x1CA9},{0x10EA,0x1CAA},{0x10EB,0x1CAB},{0x10EC,0x1CAC},{0x10ED,0x1CAD},
  {0x10EE,0x1CAE},{0x10EF,0x1CAF},{0x10F0,0x1CB0},{0x10F1,0x1CB1},{0x10F2,0x1CB2},{0x10F3,0x1CB3},{0x10F4,0x1CB4},{0x10F5,0x1CB5},
  {0x10F6,0x1CB6},{0x10F7,0x1CB7},{0x10F8,0x1CB8},{0x10F9,0x1CB9},{0x10FA,0x1CBA},{0x10FD,0x1CBD},{0x10FE,0x1CBE},{0x10FF,0x1CBF},
  {0x13F8,0x13F0},{0x13F9,0x13F1},{0x13FA,0x13F2},{0x13FB,0x13F3},{0x13FC,0x13F4},{0x13FD,0x13F5},{0x1C80,0x412},{0x1C81,0x414},
  {0x1C82,0x41E},{0x1C83,0x421},{0x1C84,0x422},{0x1C85,0x422},{0x1C86,0x42A},{0x1C87,0x462},{0x1C88,0xA64A},{0x1C8A,0x1C89},{0x1D79,0xA77D},
  {0x1D7D,0x2C63},{0x1D8E,0xA7C6},{0x1E01,0x1E00},{0x1E03,0x1E02},{0x1E05,0x1E04},{0x1E07,0x1E06},{0x1E09,0x1E08},{0x1E0B,0x1E0A},
  {0x1E0D,0x1E0C},{0x1E0F,0x1E0E},{0x1E11,0x1E10},{0x1E13,0x1E12},{0x1E15,0x1E14},{0x1E17,0x1E16},{0x1E19,0x1E18},{0x1E1B,0x1E1A},
  {0x1E1D,0x1E1C},{0x1E1F,0x1E1E},{0x1E21,0x1E20},{0x1E23,0x1E22},{0x1E25,0x1E24},{0x1E27,0x1E26},{0x1E29,0x1E28},{0x1E2B,0x1E2A},
  {0x1E2D,0x1E2C},{0x1E2F,0x1E2E},{0x1E31,0x1E30},{0x1E33,0x1E32},{0x1E35,0x1E34},{0x1E37,0x1E36},{0x1E39,0x1E38},{0x1E3B,0x1E3A},
  {0x1E3D,0x1E3C},{0x1E3F,0x1E3E},{0x1E41,0x1E40},{0x1E43,0x1E42},{0x1E45,0x1E44},{0x1E47,0x1E46},{0x1E49,0x1E48},{0x1E4B,0x1E4A},
  {0x1E4D,0x1E4C},{0x1E4F,0x1E4E},{0x1E51,0x1E50},{0x1E53,0x1E52},{0x1E55,0x1E54},{0x1E57,0x1E56},{0x1E59,0x1E58},{0x1E5B,0x1E5A},
  {0x1E5D,0x1E5C},{0x1E5F,0x1E5E},{0x1E61,0x1E60},{0x1E63,0x1E62},{0x1E65,0x1E64},{0x1E67,0x1E66},{0x1E69,0x1E68},{0x1E6B,0x1E6A},
  {0x1E6D,0x1E6C},{0x1E6F,0x1E6E},{0x1E71,0x1E70},{0x1E73,0x1E72},{0x1E75,0x1E74},{0x1E77,0x1E76},{0x1E79,0x1E78},{0x1E7B,0x1E7A},
  {0x1E7D,0x1E7C},{0x1E7F,0x1E7E},{0x1E81,0x1E80},{0x1E83,0x1E82},{0x1E85,0x1E84},{0x1E87,0x1E86},{0x1E89,0x1E88},{0x1E8B,0x1E8A},
  {0x1E8D,0x1E8C},{0x1E8F,0x1E8E},{0x1E91,0x1E90},{0x1E93,0x1E92},{0x1E95,0x1E94},{0x1E9B,0x1E60},{0x1EA1,0x1EA0},{0x1EA3,0x1EA2},
  {0x1EA5,0x1EA4},{0x1EA7,0x1EA6},{0x1EA9,0x1EA8},{0x1EAB,0x1EAA},{0x1EAD,0x1EAC},{0x1EAF,0x1EAE},{0x1EB1,0x1EB0},{0x1EB3,0x1EB2},
  {0x1EB5,0x1EB4},{0x1EB7,0x1EB6},{0x1EB9,0x1EB8},{0x1EBB,0x1EBA},{0x1EBD,0x1EBC},{0x1EBF,0x1EBE},{0x1EC1,0x1EC0},{0x1EC3,0x1EC2},
  {0x1EC5,0x1EC4},{0x1EC7,0x1EC6},{0x1EC9,0x1EC8},{0x1ECB,0x1ECA},{0x1ECD,0x1ECC},{0x1ECF,0x1ECE},{0x1ED1,0x1ED0},{0x1ED3,0x1ED2},
  {0x1ED5,0x1ED4},{0x1ED7,0x1ED6},{0x1ED9,0x1ED8},{0x1EDB,0x1EDA},{0x1EDD,0x1EDC},{0x1EDF,0x1EDE},{0x1EE1,0x1EE0},{0x1EE3,0x1EE2},
  {0x1EE5,0x1EE4},{0x1EE7,0x1EE6},{0x1EE9,0x1EE8},{0x1EEB,0x1EEA},{0x1EED,0x1EEC},{0x1EEF,0x1EEE},{0x1EF1,0x1EF0},{0x1EF3,0x1EF2},
  {0x1EF5,0x1EF4},{0x1EF7,0x1EF6},{0x1EF9,0x1EF8},{0x1EFB,0x1EFA},{0x1EFD,0x1EFC},{0x1EFF,0x1EFE},{0x1F00,0x1F08},{0x1F01,0x1F09},
  {0x1F02,0x1F0A},{0x1F03,0x1F0B},{0x1F04,0x1F0C},{0x1F05,0x1F0D},{0x1F06,0x1F0E},{0x1F07,0x1F0F},{0x1F10,0x1F18},{0x1F11,0x1F19},
  {0x1F12,0x1F1A},{0x1F13,0x1F1B},{0x1F14,0x1F1C},{0x1F15,0x1F1D},{0x1F20,0x1F28},{0x1F21,0x1F29},{0x1F22,0x1F2A},{0x1F23,0x1F2B},
  {0x1F24,0x1F2C},{0x1F25,0x1F2D},{0x1F26,0x1F2E},{0x1F27,0x1F2F},{0x1F30,0x1F38},{0x1F31,0x1F39},{0x1F32,0x1F3A},{0x1F33,0x1F3B},
  {0x1F34,0x1F3C},{0x1F35,0x1F3D},{0x1F36,0x1F3E},{0x1F37,0x1F3F},{0x1F40,0x1F48},{0x1F41,0x1F49},{0x1F42,0x1F4A},{0x1F43,0x1F4B},
  {0x1F44,0x1F4C},{0x1F45,0x1F4D},{0x1F51,0x1F59},{0x1F53,0x1F5B},{0x1F55,0x1F5D},{0x1F57,0x1F5F},{0x1F60,0x1F68},{0x1F61,0x1F69},
  {0x1F62,0x1F6A},{0x1F63,0x1F6B},{0x1F64,0x1F6C},{0x1F65,0x1F6D},{0x1F66,0x1F6E},{0x1F67,0x1F6F},{0x1F70,0x1FBA},{0x1F71,0x1FBB},
  {0x1F72,0x1FC8},{0x1F73,0x1FC9},{0x1F74,0x1FCA},{0x1F75,0x1FCB},{0x1F76,0x1FDA},{0x1F77,0x1FDB},{0x1F78,0x1FF8},{0x1F79,0x1FF9},
  {0x1F7A,0x1FEA},{0x1F7B,0x1FEB},{0x1F7C,0x1FFA},{0x1F7D,0x1FFB},{0x1F80,0x1F88},{0x1F81,0x1F89},{0x1F82,0x1F8A},{0x1F83,0x1F8B},
  {0x1F84,0x1F8C},{0x1F85,0x1F8D},{0x1F86,0x1F8E},{0x1F87,0x1F8F},{0x1F90,0x1F98},{0x1F91,0x1F99},{0x1F92,0x1F9A},{0x1F93,0x1F9B},
  {0x1F94,0x1F9C},{0x1F95,0x1F9D},{0x1F96,0x1F9E},{0x1F97,0x1F9F},{0x1FA0,0x1FA8},{0x1FA1,0x1FA9},{0x1FA2,0x1FAA},{0x1FA3,0x1FAB},
  {0x1FA4,0x1FAC},{0x1FA5,0x1FAD},{0x1FA6,0x1FAE},{0x1FA7,0x1FAF},{0x1FB0,0x1FB8},{0x1FB1,0x1FB9},{0x1FB3,0x1FBC},{0x1FBE,0x399},
  {0x1FC3,0x1FCC},{0x1FD0,0x1FD8},{0x1FD1,0x1FD9},{0x1FE0,0x1FE8},{0x1FE1,0x1FE9},{0x1FE5,0x1FEC},{0x1FF3,0x1FFC},{0x214E,0x2132},
  {0x2170,0x2160},{0x2171,0x2161},{0x2172,0x2162},{0x2173,0x2163},{0x2174,0x2164},{0x2175,0x2165},{0x2176,0x2166},{0x2177,0x2167},
  {0x2178,0x2168},{0x2179,0x2169},{0x217A,0x216A},{0x217B,0x216B},{0x217C,0x216C},{0x217D,0x216D},{0x217E,0x216E},{0x217F,0x216F},
  {0x2184,0x2183},{0x24D0,0x24B6},{0x24D1,0x24B7},{0x24D2,0x24B8},{0x24D3,0x24B9},{0x24D4,0x24BA},{0x24D5,0x24BB},{0x24D6,0x24BC},
  {0x24D7,0x24BD},{0x24D8,0x24BE},{0x24D9,0x24BF},{0x24DA,0x24C0},{0x24DB,0x24C1},{0x24DC,0x24C2},{0x24DD,0x24C3},{0x24DE,0x24C4},
  {0x24DF,0x24C5},{0x24E0,0x24C6},{0x24E1,0x24C7},{0x24E2,0x24C8},{0x24E3,0x24C9},{0x24E4,0x24CA},{0x24E5,0x24CB},{0x24E6,0x24CC},
  {0x24E7,0x24CD},{0x24E8,0x24CE},{0x24E9,0x24CF},{0x2C30,0x2C00},{0x2C31,0x2C01},{0x2C32,0x2C02},{0x2C33,0x2C03},{0x2C34,0x2C04},
  {0x2C35,0x2C05},{0x2C36,0x2C06},{0x2C37,0x2C07},{0x2C38,0x2C08},{0x2C39,0x2C09},{0x2C3A,0x2C0A},{0x2C3B,0x2C0B},{0x2C3C,0x2C0C},
  {0x2C3D,0x2C0D},{0x2C3E,0x2C0E},{0x2C3F,0x2C0F},{0x2C40,0x2C10},{0x2C41,0x2C11},{0x2C42,0x2C12},{0x2C43,0x2C13},{0x2C44,0x2C14},
  {0x2C45,0x2C15},{0x2C46,0x2C16},{0x2C47,0x2C17},{0x2C48,0x2C18},{0x2C49,0x2C19},{0x2C4A,0x2C1A},{0x2C4B,0x2C1B},{0x2C4C,0x2C1C},
  {0x2C4D,0x2C1D},{0x2C4E,0x2C1E},{0x2C4F,0x2C1F},{0x2C50,0x2C20},{0x2C51,0x2C21},{0x2C52,0x2C22},{0x2C53,0x2C23},{0x2C54,0x2C24},
  {0x2C55,0x2C25},{0x2C56,0x2C26},{0x2C57,0x2C27},{0x2C58,0x2C28},{0x2C59,0x2C29},{0x2C5A,0x2C2A},{0x2C5B,0x2C2B},{0x2C5C,0x2C2C},
  {0x2C5D,0x2C2D},{0x2C5E,0x2C2E},{0x2C5F,0x2C2F},{0x2C61,0x2C60},{0x2C65,0x23A},{0x2C66,0x23E},{0x2C68,0x2C67},{0x2C6A,0x2C69},
  {0x2C6C,0x2C6B},{0x2C73,0x2C72},{0x2C76,0x2C75},{0x2C81,0x2C80},{0x2C83,0x2C82},{0x2C85,0x2C84},{0x2C87,0x2C86},{0x2C89,0x2C88},
  {0x2C8B,0x2C8A},{0x2C8D,0x2C8C},{0x2C8F,0x2C8E},{0x2C91,0x2C90},{0x2C93,0x2C92},{0x2C95,0x2C94},{0x2C97,0x2C96},{0x2C99,0x2C98},
  {0x2C9B,0x2C9A},{0x2C9D,0x2C9C},{0x2C9F,0x2C9E},{0x2CA1,0x2CA0},{0x2CA3,0x2CA2},{0x2CA5,0x2CA4},{0x2CA7,0x2CA6},{0x2CA9,0x2CA8},
  {0x2CAB,0x2CAA},{0x2CAD,0x2CAC},{0x2CAF,0x2CAE},{0x2CB1,0x2CB0},{0x2CB3,0x2CB2},{0x2CB5,0x2CB4},{0x2CB7,0x2CB6},{0x2CB9,0x2CB8},
  {0x2CBB,0x2CBA},{0x2CBD,0x2CBC},{0x2CBF,0x2CBE},{0x2CC1,0x2CC0},{0x2CC3,0x2CC2},{0x2CC5,0x2CC4},{0x2CC7,0x2CC6},{0x2CC9,0x2CC8},
  {0x2CCB,0x2CCA},{0x2CCD,0x2CCC},{0x2CCF,0x2CCE},{0x2CD1,0x2CD0},{0x2CD3,0x2CD2},{0x2CD5,0x2CD4},{0x2CD7,0x2CD6},{0x2CD9,0x2CD8},
  {0x2CDB,0x2CDA},{0x2CDD,0x2CDC},{0x2CDF,0x2CDE},{0x2CE1,0x2CE0},{0x2CE3,0x2CE2},{0x2CEC,0x2CEB},{0x2CEE,0x2CED},{0x2CF3,0x2CF2},
  {0x2D00,0x10A0},{0x2D01,0x10A1},{0x2D02,0x10A2},{0x2D03,0x10A3},{0x2D04,0x10A4},{0x2D05,0x10A5},{0x2D06,0x10A6},{0x2D07,0x10A7},
  {0x2D08,0x10A8},{0x2D09,0x10A9},{0x2D0A,0x10AA},{0x2D0B,0x10AB},{0x2D0C,0x10AC},{0x2D0D,0x10AD},{0x2D0E,0x10AE},{0x2D0F,0x10AF},
  {0x2D10,0x10B0},{0x2D11,0x10B1},{0x2D12,0x10B2},{0x2D13,0x10B3},{0x2D14,0x10B4},{0x2D15,0x10B5},{0x2D16,0x10B6},{0x2D17,0x10B7},
  {0x2D18,0x10B8},{0x2D19,0x10B9},{0x2D1A,0x10BA},{0x2D1B,0x10BB},{0x2D1C,0x10BC},{0x2D1D,0x10BD},{0x2D1E,0x10BE},{0x2D1F,0x10BF},
  {0x2D20,0x10C0},{0x2D21,0x10C1},{0x2D22,0x10C2},{0x2D23,0x10C3},{0x2D24,0x10C4},{0x2D25,0x10C5},{0x2D27,0x10C7},{0x2D2D,0x10CD},
  {0xA641,0xA640},{0xA643,0xA642},{0xA645,0xA644},{0xA647,0xA646},{0xA649,0xA648},{0xA64B,0xA64A},{0xA64D,0xA64C},{0xA64F,0xA64E},
  {0xA651,0xA650},{0xA653,0xA652},{0xA655,0xA654},{0xA657,0xA656},{0xA659,0xA658},{0xA65B,0xA65A},{0xA65D,0xA65C},{0xA65F,0xA65E},
  {0xA661,0xA660},{0xA663,0xA662},{0xA665,0xA664},{0xA667,0xA666},{0xA669,0xA668},{0xA66B,0xA66A},{0xA66D,0xA66C},{0xA681,0xA680},
  {0xA683,0xA682},{0xA685,0xA684},{0xA687,0xA686},{0xA689,0xA688},{0xA68B,0xA68A},{0xA68D,0xA68C},{0xA68F,0xA68E},{0xA691,0xA690},
  {0xA693,0xA692},{0xA695,0xA694},{0xA697,0xA696},{0xA699,0xA698},{0xA69B,0xA69A},{0xA723,0xA722},{0xA725,0xA724},{0xA727,0xA726},
  {0xA729,0xA728},{0xA72B,0xA72A},{0xA72D,0xA72C},{0xA72F,0xA72E},{0xA733,0xA732},{0xA735,0xA734},{0xA737,0xA736},{0xA739,0xA738},
  {0xA73B,0xA73A},{0xA73D,0xA73C},{0xA73F,0xA73E},{0xA741,0xA740},{0xA743,0xA742},{0xA745,0xA744},{0xA747,0xA746},{0xA749,0xA748},
  {0xA74B,0xA74A},{0xA74D,0xA74C},{0xA74F,0xA74E},{0xA751,0xA750},{0xA753,0xA752},{0xA755,0xA754},{0xA757,0xA756},{0xA759,0xA758},
  {0xA75B,0xA75A},{0xA75D,0xA75C},{0xA75F,0xA75E},{0xA761,0xA760},{0xA763,0xA762},{0xA765,0xA764},{0xA767,0xA766},{0xA769,0xA768},
  {0xA76B,0xA76A},{0xA76D,0xA76C},{0xA76F,0xA76E},{0xA77A,0xA779},{0xA77C,0xA77B},{0xA77F,0xA77E},{0xA781,0xA780},{0xA783,0xA782},
  {0xA785,0xA784},{0xA787,0xA786},{0xA78C,0xA78B},{0xA791,0xA790},{0xA793,0xA792},{0xA794,0xA7C4},{0xA797,0xA796},{0xA799,0xA798},
  {0xA79B,0xA79A},{0xA79D,0xA79C},{0xA79F,0xA79E},{0xA7A1,0xA7A0},{0xA7A3,0xA7A2},{0xA7A5,0xA7A4},{0xA7A7,0xA7A6},{0xA7A9,0xA7A8},
  {0xA7B5,0xA7B4},{0xA7B7,0xA7B6},{0xA7B9,0xA7B8},{0xA7BB,0xA7BA},{0xA7BD,0xA7BC},{0xA7BF,0xA7BE},{0xA7C1,0xA7C0},{0xA7C3,0xA7C2},
  {0xA7C8,0xA7C7},{0xA7CA,0xA7C9},{0xA7CD,0xA7CC},{0xA7CF,0xA7CE},{0xA7D1,0xA7D0},{0xA7D3,0xA7D2},{0xA7D5,0xA7D4},{0xA7D7,0xA7D6},
  {0xA7D9,0xA7D8},{0xA7DB,0xA7DA},{0xA7F6,0xA7F5},{0xAB4B,0xAB6C},{0xAB4C,0xAB6D},{0xAB53,0xA7B3},{0xAB70,0x13A0},{0xAB71,0x13A1},
  {0xAB72,0x13A2},{0xAB73,0x13A3},{0xAB74,0x13A4},{0xAB75,0x13A5},{0xAB76,0x13A6},{0xAB77,0x13A7},{0xAB78,0x13A8},{0xAB79,0x13A9},
  {0xAB7A,0x13AA},{0xAB7B,0x13AB},{0xAB7C,0x13AC},{0xAB7D,0x13AD},{0xAB7E,0x13AE},{0xAB7F,0x13AF},{0xAB80,0x13B0},{0xAB81,0x13B1},
  {0xAB82,0x13B2},{0xAB83,0x13B3},{0xAB84,0x13B4},{0xAB85,0x13B5},{0xAB86,0x13B6},{0xAB87,0x13B7},{0xAB88,0x13B8},{0xAB89,0x13B9},
  {0xAB8A,0x13BA},{0xAB8B,0x13BB},{0xAB8C,0x13BC},{0xAB8D,0x13BD},{0xAB8E,0x13BE},{0xAB8F,0x13BF},{0xAB90,0x13C0},{0xAB91,0x13C1},
  {0xAB92,0x13C2},{0xAB93,0x13C3},{0xAB94,0x13C4},{0xAB95,0x13C5},{0xAB96,0x13C6},{0xAB97,0x13C7},{0xAB98,0x13C8},{0xAB99,0x13C9},
  {0xAB9A,0x13CA},{0xAB9B,0x13CB},{0xAB9C,0x13CC},{0xAB9D,0x13CD},{0xAB9E,0x13CE},{0xAB9F,0x13CF},{0xABA0,0x13D0},{0xABA1,0x13D1},
  {0xABA2,0x13D2},{0xABA3,0x13D3},{0xABA4,0x13D4},{0xABA5,0x13D5},{0xABA6,0x13D6},{0xABA7,0x13D7},{0xABA8,0x13D8},{0xABA9,0x13D9},
  {0xABAA,0x13DA},{0xABAB,0x13DB},{0xABAC,0x13DC},{0xABAD,0x13DD},{0xABAE,0x13DE},{0xABAF,0x13DF},{0xABB0,0x13E0},{0xABB1,0x13E1},
  {0xABB2,0x13E2},{0xABB3,0x13E3},{0xABB4,0x13E4},{0xABB5,0x13E5},{0xABB6,0x13E6},{0xABB7,0x13E7},{0xABB8,0x13E8},{0xABB9,0x13E9},
  {0xABBA,0x13EA},{0xABBB,0x13EB},{0xABBC,0x13EC},{0xABBD,0x13ED},{0xABBE,0x13EE},{0xABBF,0x13EF},{0xFF41,0xFF21},{0xFF42,0xFF22},
  {0xFF43,0xFF23},{0xFF44,0xFF24},{0xFF45,0xFF25},{0xFF46,0xFF26},{0xFF47,0xFF27},{0xFF48,0xFF28},{0xFF49,0xFF29},{0xFF4A,0xFF2A},
  {0xFF4B,0xFF2B},{0xFF4C,0xFF2C},{0xFF4D,0xFF2D},{0xFF4E,0xFF2E},{0xFF4F,0xFF2F},{0xFF50,0xFF30},{0xFF51,0xFF31},{0xFF52,0xFF32},
  {0xFF53,0xFF33},{0xFF54,0xFF34},{0xFF55,0xFF35},{0xFF56,0xFF36},{0xFF57,0xFF37},{0xFF58,0xFF38},{0xFF59,0xFF39},{0xFF5A,0xFF3A},
  {0x10428,0x10400},{0x10429,0x10401},{0x1042A,0x10402},{0x1042B,0x10403},{0x1042C,0x10404},{0x1042D,0x10405},{0x1042E,0x10406},
  {0x1042F,0x10407},{0x10430,0x10408},{0x10431,0x10409},{0x10432,0x1040A},{0x10433,0x1040B},{0x10434,0x1040C},{0x10435,0x1040D},
  {0x10436,0x1040E},{0x10437,0x1040F},{0x10438,0x10410},{0x10439,0x10411},{0x1043A,0x10412},{0x1043B,0x10413},{0x1043C,0x10414},
  {0x1043D,0x10415},{0x1043E,0x10416},{0x1043F,0x10417},{0x10440,0x10418},{0x10441,0x10419},{0x10442,0x1041A},{0x10443,0x1041B},
  {0x10444,0x1041C},{0x10445,0x1041D},{0x10446,0x1041E},{0x10447,0x1041F},{0x10448,0x10420},{0x10449,0x10421},{0x1044A,0x10422},
  {0x1044B,0x10423},{0x1044C,0x10424},{0x1044D,0x10425},{0x1044E,0x10426},{0x1044F,0x10427},{0x104D8,0x104B0},{0x104D9,0x104B1},
  {0x104DA,0x104B2},{0x104DB,0x104B3},{0x104DC,0x104B4},{0x104DD,0x104B5},{0x104DE,0x104B6},{0x104DF,0x104B7},{0x104E0,0x104B8},
  {0x104E1,0x104B9},{0x104E2,0x104BA},{0x104E3,0x104BB},{0x104E4,0x104BC},{0x104E5,0x104BD},{0x104E6,0x104BE},{0x104E7,0x104BF},
  {0x104E8,0x104C0},{0x104E9,0x104C1},{0x104EA,0x104C2},{0x104EB,0x104C3},{0x104EC,0x104C4},{0x104ED,0x104C5},{0x104EE,0x104C6},
  {0x104EF,0x104C7},{0x104F0,0x104C8},{0x104F1,0x104C9},{0x104F2,0x104CA},{0x104F3,0x104CB},{0x104F4,0x104CC},{0x104F5,0x104CD},
  {0x104F6,0x104CE},{0x104F7,0x104CF},{0x104F8,0x104D0},{0x104F9,0x104D1},{0x104FA,0x104D2},{0x104FB,0x104D3},{0x10597,0x10570},
  {0x10598,0x10571},{0x10599,0x10572},{0x1059A,0x10573},{0x1059B,0x10574},{0x1059C,0x10575},{0x1059D,0x10576},{0x1059E,0x10577},
  {0x1059F,0x10578},{0x105A0,0x10579},{0x105A1,0x1057A},{0x105A3,0x1057C},{0x105A4,0x1057D},{0x105A5,0x1057E},{0x105A6,0x1057F},
  {0x105A7,0x10580},{0x105A8,0x10581},{0x105A9,0x10582},{0x105AA,0x10583},{0x105AB,0x10584},{0x105AC,0x10585},{0x105AD,0x10586},
  {0x105AE,0x10587},{0x105AF,0x10588},{0x105B0,0x10589},{0x105B1,0x1058A},{0x105B3,0x1058C},{0x105B4,0x1058D},{0x105B5,0x1058E},
  {0x105B6,0x1058F},{0x105B7,0x10590},{0x105B8,0x10591},{0x105B9,0x10592},{0x105BB,0x10594},{0x105BC,0x10595},{0x10CC0,0x10C80},
  {0x10CC1,0x10C81},{0x10CC2,0x10C82},{0x10CC3,0x10C83},{0x10CC4,0x10C84},{0x10CC5,0x10C85},{0x10CC6,0x10C86},{0x10CC7,0x10C87},
  {0x10CC8,0x10C88},{0x10CC9,0x10C89},{0x10CCA,0x10C8A},{0x10CCB,0x10C8B},{0x10CCC,0x10C8C},{0x10CCD,0x10C8D},{0x10CCE,0x10C8E},
  {0x10CCF,0x10C8F},{0x10CD0,0x10C90},{0x10CD1,0x10C91},{0x10CD2,0x10C92},{0x10CD3,0x10C93},{0x10CD4,0x10C94},{0x10CD5,0x10C95},
  {0x10CD6,0x10C96},{0x10CD7,0x10C97},{0x10CD8,0x10C98},{0x10CD9,0x10C99},{0x10CDA,0x10C9A},{0x10CDB,0x10C9B},{0x10CDC,0x10C9C},
  {0x10CDD,0x10C9D},{0x10CDE,0x10C9E},{0x10CDF,0x10C9F},{0x10CE0,0x10CA0},{0x10CE1,0x10CA1},{0x10CE2,0x10CA2},{0x10CE3,0x10CA3},
  {0x10CE4,0x10CA4},{0x10CE5,0x10CA5},{0x10CE6,0x10CA6},{0x10CE7,0x10CA7},{0x10CE8,0x10CA8},{0x10CE9,0x10CA9},{0x10CEA,0x10CAA},
  {0x10CEB,0x10CAB},{0x10CEC,0x10CAC},{0x10CED,0x10CAD},{0x10CEE,0x10CAE},{0x10CEF,0x10CAF},{0x10CF0,0x10CB0},{0x10CF1,0x10CB1},
  {0x10CF2,0x10CB2},{0x10D70,0x10D50},{0x10D71,0x10D51},{0x10D72,0x10D52},{0x10D73,0x10D53},{0x10D74,0x10D54},{0x10D75,0x10D55},
  {0x10D76,0x10D56},{0x10D77,0x10D57},{0x10D78,0x10D58},{0x10D79,0x10D59},{0x10D7A,0x10D5A},{0x10D7B,0x10D5B},{0x10D7C,0x10D5C},
  {0x10D7D,0x10D5D},{0x10D7E,0x10D5E},{0x10D7F,0x10D5F},{0x10D80,0x10D60},{0x10D81,0x10D61},{0x10D82,0x10D62},{0x10D83,0x10D63},
  {0x10D84,0x10D64},{0x10D85,0x10D65},{0x118C0,0x118A0},{0x118C1,0x118A1},{0x118C2,0x118A2},{0x118C3,0x118A3},{0x118C4,0x118A4},
  {0x118C5,0x118A5},{0x118C6,0x118A6},{0x118C7,0x118A7},{0x118C8,0x118A8},{0x118C9,0x118A9},{0x118CA,0x118AA},{0x118CB,0x118AB},
  {0x118CC,0x118AC},{0x118CD,0x118AD},{0x118CE,0x118AE},{0x118CF,0x118AF},{0x118D0,0x118B0},{0x118D1,0x118B1},{0x118D2,0x118B2},
  {0x118D3,0x118B3},{0x118D4,0x118B4},{0x118D5,0x118B5},{0x118D6,0x118B6},{0x118D7,0x118B7},{0x118D8,0x118B8},{0x118D9,0x118B9},
  {0x118DA,0x118BA},{0x118DB,0x118BB},{0x118DC,0x118BC},{0x118DD,0x118BD},{0x118DE,0x118BE},{0x118DF,0x118BF},{0x16E60,0x16E40},
  {0x16E61,0x16E41},{0x16E62,0x16E42},{0x16E63,0x16E43},{0x16E64,0x16E44},{0x16E65,0x16E45},{0x16E66,0x16E46},{0x16E67,0x16E47},
  {0x16E68,0x16E48},{0x16E69,0x16E49},{0x16E6A,0x16E4A},{0x16E6B,0x16E4B},{0x16E6C,0x16E4C},{0x16E6D,0x16E4D},{0x16E6E,0x16E4E},
  {0x16E6F,0x16E4F},{0x16E70,0x16E50},{0x16E71,0x16E51},{0x16E72,0x16E52},{0x16E73,0x16E53},{0x16E74,0x16E54},{0x16E75,0x16E55},
  {0x16E76,0x16E56},{0x16E77,0x16E57},{0x16E78,0x16E58},{0x16E79,0x16E59},{0x16E7A,0x16E5A},{0x16E7B,0x16E5B},{0x16E7C,0x16E5C},
  {0x16E7D,0x16E5D},{0x16E7E,0x16E5E},{0x16E7F,0x16E5F},{0x16EBB,0x16EA0},{0x16EBC,0x16EA1},{0x16EBD,0x16EA2},{0x16EBE,0x16EA3},
  {0x16EBF,0x16EA4},{0x16EC0,0x16EA5},{0x16EC1,0x16EA6},{0x16EC2,0x16EA7},{0x16EC3,0x16EA8},{0x16EC4,0x16EA9},{0x16EC5,0x16EAA},
  {0x16EC6,0x16EAB},{0x16EC7,0x16EAC},{0x16EC8,0x16EAD},{0x16EC9,0x16EAE},{0x16ECA,0x16EAF},{0x16ECB,0x16EB0},{0x16ECC,0x16EB1},
  {0x16ECD,0x16EB2},{0x16ECE,0x16EB3},{0x16ECF,0x16EB4},{0x16ED0,0x16EB5},{0x16ED1,0x16EB6},{0x16ED2,0x16EB7},{0x16ED3,0x16EB8},
  {0x1DF41,0x1DF40},{0x1DF49,0x1DF48},{0x1DF4B,0x1DF4A},{0x1DF4E,0x1DF4D},{0x1DF52,0x1DF51},{0x1DF69,0x1DF68},{0x1DF6B,0x1DF6A},
  {0x1DF6D,0x1DF6C},{0x1DF6F,0x1DF6E},{0x1DF73,0x1DF72},{0x1DF75,0x1DF74},{0x1DF77,0x1DF76},{0x1DF79,0x1DF78},{0x1DF7B,0x1DF7A},
  {0x1DF7D,0x1DF7C},{0x1DF7F,0x1DF7E},{0x1E922,0x1E900},{0x1E923,0x1E901},{0x1E924,0x1E902},{0x1E925,0x1E903},{0x1E926,0x1E904},
  {0x1E927,0x1E905},{0x1E928,0x1E906},{0x1E929,0x1E907},{0x1E92A,0x1E908},{0x1E92B,0x1E909},{0x1E92C,0x1E90A},{0x1E92D,0x1E90B},
  {0x1E92E,0x1E90C},{0x1E92F,0x1E90D},{0x1E930,0x1E90E},{0x1E931,0x1E90F},{0x1E932,0x1E910},{0x1E933,0x1E911},{0x1E934,0x1E912},
  {0x1E935,0x1E913},{0x1E936,0x1E914},{0x1E937,0x1E915},{0x1E938,0x1E916},{0x1E939,0x1E917},{0x1E93A,0x1E918},{0x1E93B,0x1E919},
  {0x1E93C,0x1E91A},{0x1E93D,0x1E91B},{0x1E93E,0x1E91C},{0x1E93F,0x1E91D},{0x1E940,0x1E91E},{0x1E941,0x1E91F},{0x1E942,0x1E920},
  {0x1E943,0x1E921},
};

const Mapping kLower[] = {
  {0x41,0x61},{0x42,0x62},{0x43,0x63},{0x44,0x64},{0x45,0x65},{0x46,0x66},{0x47,0x67},{0x48,0x68},{0x49,0x69},{0x4A,0x6A},{0x4B,0x6B},
  {0x4C,0x6C},{0x4D,0x6D},{0x4E,0x6E},{0x4F,0x6F},{0x50,0x70},{0x51,0x71},{0x52,0x72},{0x53,0x73},{0x54,0x74},{0x55,0x75},{0x56,0x76},
  {0x57,0x77},{0x58,0x78},{0x59,0x79},{0x5A,0x7A},{0xC0,0xE0},{0xC1,0xE1},{0xC2,0xE2},{0xC3,0xE3},{0xC4,0xE4},{0xC5,0xE5},{0xC6,0xE6},
  {0xC7,0xE7},{0xC8,0xE8},{0xC9,0xE9},{0xCA,0xEA},{0xCB,0xEB},{0xCC,0xEC},{0xCD,0xED},{0xCE,0xEE},{0xCF,0xEF},{0xD0,0xF0},{0xD1,0xF1},
  {0xD2,0xF2},{0xD3,0xF3},{0xD4,0xF4},{0xD5,0xF5},{0xD6,0xF6},{0xD8,0xF8},{0xD9,0xF9},{0xDA,0xFA},{0xDB,0xFB},{0xDC,0xFC},{0xDD,0xFD},
  {0xDE,0xFE},{0x100,0x101},{0x102,0x103},{0x104,0x105},{0x106,0x107},{0x108,0x109},{0x10A,0x10B},{0x10C,0x10D},{0x10E,0x10F},{0x110,0x111},
  {0x112,0x113},{0x114,0x115},{0x116,0x117},{0x118,0x119},{0x11A,0x11B},{0x11C,0x11D},{0x11E,0x11F},{0x120,0x121},{0x122,0x123},
  {0x124,0x125},{0x126,0x127},{0x128,0x129},{0x12A,0x12B},{0x12C,0x12D},{0x12E,0x12F},{0x130,0x69},{0x132,0x133},{0x134,0x135},
  {0x136,0x137},{0x139,0x13A},{0x13B,0x13C},{0x13D,0x13E},{0x13F,0x140},{0x141,0x142},{0x143,0x144},{0x145,0x146},{0x147,0x148},
  {0x14A,0x14B},{0x14C,0x14D},{0x14E,0x14F},{0x150,0x151},{0x152,0x153},{0x154,0x155},{0x156,0x157},{0x158,0x159},{0x15A,0x15B},
  {0x15C,0x15D},{0x15E,0x15F},{0x160,0x161},{0x162,0x163},{0x164,0x165},{0x166,0x167},{0x168,0x169},{0x16A,0x16B},{0x16C,0x16D},
  {0x16E,0x16F},{0x170,0x171},{0x172,0x173},{0x174,0x175},{0x176,0x177},{0x178,0xFF},{0x179,0x17A},{0x17B,0x17C},{0x17D,0x17E},
  {0x181,0x253},{0x182,0x183},{0x184,0x185},{0x186,0x254},{0x187,0x188},{0x189,0x256},{0x18A,0x257},{0x18B,0x18C},{0x18E,0x1DD},
  {0x18F,0x259},{0x190,0x25B},{0x191,0x192},{0x193,0x260},{0x194,0x263},{0x196,0x269},{0x197,0x268},{0x198,0x199},{0x19C,0x26F},
  {0x19D,0x272},{0x19F,0x275},{0x1A0,0x1A1},{0x1A2,0x1A3},{0x1A4,0x1A5},{0x1A6,0x280},{0x1A7,0x1A8},{0x1A9,0x283},{0x1AC,0x1AD},
  {0x1AE,0x288},{0x1AF,0x1B0},{0x1B1,0x28A},{0x1B2,0x28B},{0x1B3,0x1B4},{0x1B5,0x1B6},{0x1B7,0x292},{0x1B8,0x1B9},{0x1BC,0x1BD},
  {0x1C4,0x1C6},{0x1C5,0x1C6},{0x1C7,0x1C9},{0x1C8,0x1C9},{0x1CA,0x1CC},{0x1CB,0x1CC},{0x1CD,0x1CE},{0x1CF,0x1D0},{0x1D1,0x1D2},
  {0x1D3,0x1D4},{0x1D5,0x1D6},{0x1D7,0x1D8},{0x1D9,0x1DA},{0x1DB,0x1DC},{0x1DE,0x1DF},{0x1E0,0x1E1},{0x1E2,0x1E3},{0x1E4,0x1E5},
  {0x1E6,0x1E7},{0x1E8,0x1E9},{0x1EA,0x1EB},{0x1EC,0x1ED},{0x1EE,0x1EF},{0x1F1,0x1F3},{0x1F2,0x1F3},{0x1F4,0x1F5},{0x1F6,0x195},
  {0x1F7,0x1BF},{0x1F8,0x1F9},{0x1FA,0x1FB},{0x1FC,0x1FD},{0x1FE,0x1FF},{0x200,0x201},{0x202,0x203},{0x204,0x205},{0x206,0x207},
  {0x208,0x209},{0x20A,0x20B},{0x20C,0x20D},{0x20E,0x20F},{0x210,0x211},{0x212,0x213},{0x214,0x215},{0x216,0x217},{0x218,0x219},
  {0x21A,0x21B},{0x21C,0x21D},{0x21E,0x21F},{0x220,0x19E},{0x222,0x223},{0x224,0x225},{0x226,0x227},{0x228,0x229},{0x22A,0x22B},
  {0x22C,0x22D},{0x22E,0x22F},{0x230,0x231},{0x232,0x233},{0x23A,0x2C65},{0x23B,0x23C},{0x23D,0x19A},{0x23E,0x2C66},{0x241,0x242},
  {0x243,0x180},{0x244,0x289},{0x245,0x28C},{0x246,0x247},{0x248,0x249},{0x24A,0x24B},{0x24C,0x24D},{0x24E,0x24F},{0x370,0x371},
  {0x372,0x373},{0x376,0x377},{0x37F,0x3F3},{0x386,0x3AC},{0x388,0x3AD},{0x389,0x3AE},{0x38A,0x3AF},{0x38C,0x3CC},{0x38E,0x3CD},
  {0x38F,0x3CE},{0x391,0x3B1},{0x392,0x3B2},{0x393,0x3B3},{0x394,0x3B4},{0x395,0x3B5},{0x396,0x3B6},{0x397,0x3B7},{0x398,0x3B8},
  {0x399,0x3B9},{0x39A,0x3BA},{0x39B,0x3BB},{0x39C,0x3BC},{0x39D,0x3BD},{0x39E,0x3BE},{0x39F,0x3BF},{0x3A0,0x3C0},{0x3A1,0x3C1},
  {0x3A3,0x3C3},{0x3A4,0x3C4},{0x3A5,0x3C5},{0x3A6,0x3C6},{0x3A7,0x3C7},{0x3A8,0x3C8},{0x3A9,0x3C9},{0x3AA,0x3CA},{0x3AB,0x3CB},
  {0x3CF,0x3D7},{0x3D8,0x3D9},{0x3DA,0x3DB},{0x3DC,0x3DD},{0x3DE,0x3DF},{0x3E0,0x3E1},{0x3E2,0x3E3},{0x3E4,0x3E5},{0x3E6,0x3E7},
  {0x3E8,0x3E9},{0x3EA,0x3EB},{0x3EC,0x3ED},{0x3EE,0x3EF},{0x3F4,0x3B8},{0x3F7,0x3F8},{0x3F9,0x3F2},{0x3FA,0x3FB},{0x3FD,0x37B},
  {0x3FE,0x37C},{0x3FF,0x37D},{0x400,0x450},{0x401,0x451},{0x402,0x452},{0x403,0x453},{0x404,0x454},{0x405,0x455},{0x406,0x456},
  {0x407,0x457},{0x408,0x458},{0x409,0x459},{0x40A,0x45A},{0x40B,0x45B},{0x40C,0x45C},{0x40D,0x45D},{0x40E,0x45E},{0x40F,0x45F},
  {0x410,0x430},{0x411,0x431},{0x412,0x432},{0x413,0x433},{0x414,0x434},{0x415,0x435},{0x416,0x436},{0x417,0x437},{0x418,0x438},
  {0x419,0x439},{0x41A,0x43A},{0x41B,0x43B},{0x41C,0x43C},{0x41D,0x43D},{0x41E,0x43E},{0x41F,0x43F},{0x420,0x440},{0x421,0x441},
  {0x422,0x442},{0x423,0x443},{0x424,0x444},{0x425,0x445},{0x426,0x446},{0x427,0x447},{0x428,0x448},{0x429,0x449},{0x42A,0x44A},
  {0x42B,0x44B},{0x42C,0x44C},{0x42D,0x44D},{0x42E,0x44E},{0x42F,0x44F},{0x460,0x461},{0x462,0x463},{0x464,0x465},{0x466,0x467},
  {0x468,0x469},{0x46A,0x46B},{0x46C,0x46D},{0x46E,0x46F},{0x470,0x471},{0x472,0x473},{0x474,0x475},{0x476,0x477},{0x478,0x479},
  {0x47A,0x47B},{0x47C,0x47D},{0x47E,0x47F},{0x480,0x481},{0x48A,0x48B},{0x48C,0x48D},{0x48E,0x48F},{0x490,0x491},{0x492,0x493},
  {0x494,0x495},{0x496,0x497},{0x498,0x499},{0x49A,0x49B},{0x49C,0x49D},{0x49E,0x49F},{0x4A0,0x4A1},{0x4A2,0x4A3},{0x4A4,0x4A5},
  {0x4A6,0x4A7},{0x4A8,0x4A9},{0x4AA,0x4AB},{0x4AC,0x4AD},{0x4AE,0x4AF},{0x4B0,0x4B1},{0x4B2,0x4B3},{0x4B4,0x4B5},{0x4B6,0x4B7},
  {0x4B8,0x4B9},{0x4BA,0x4BB},{0x4BC,0x4BD},{0x4BE,0x4BF},{0x4C0,0x4CF},{0x4C1,0x4C2},{0x4C3,0x4C4},{0x4C5,0x4C6},{0x4C7,0x4C8},
  {0x4C9,0x4CA},{0x4CB,0x4CC},{0x4CD,0x4CE},{0x4D0,0x4D1},{0x4D2,0x4D3},{0x4D4,0x4D5},{0x4D6,0x4D7},{0x4D8,0x4D9},{0x4DA,0x4DB},
  {0x4DC,0x4DD},{0x4DE,0x4DF},{0x4E0,0x4E1},{0x4E2,0x4E3},{0x4E4,0x4E5},{0x4E6,0x4E7},{0x4E8,0x4E9},{0x4EA,0x4EB},{0x4EC,0x4ED},
  {0x4EE,0x4EF},{0x4F0,0x4F1},{0x4F2,0x4F3},{0x4F4,0x4F5},{0x4F6,0x4F7},{0x4F8,0x4F9},{0x4FA,0x4FB},{0x4FC,0x4FD},{0x4FE,0x4FF},
  {0x500,0x501},{0x502,0x503},{0x504,0x505},{0x506,0x507},{0x508,0x509},{0x50A,0x50B},{0x50C,0x50D},{0x50E,0x50F},{0x510,0x511},
  {0x512,0x513},{0x514,0x515},{0x516,0x517},{0x518,0x519},{0x51A,0x51B},{0x51C,0x51D},{0x51E,0x51F},{0x520,0x521},{0x522,0x523},
  {0x524,0x525},{0x526,0x527},{0x528,0x529},{0x52A,0x52B},{0x52C,0x52D},{0x52E,0x52F},{0x531,0x561},{0x532,0x562},{0x533,0x563},
  {0x534,0x564},{0x535,0x565},{0x536,0x566},{0x537,0x567},{0x538,0x568},{0x539,0x569},{0x53A,0x56A},{0x53B,0x56B},{0x53C,0x56C},
  {0x53D,0x56D},{0x53E,0x56E},{0x53F,0x56F},{0x540,0x570},{0x541,0x571},{0x542,0x572},{0x543,0x573},{0x544,0x574},{0x545,0x575},
  {0x546,0x576},{0x547,0x577},{0x548,0x578},{0x549,0x579},{0x54A,0x57A},{0x54B,0x57B},{0x54C,0x57C},{0x54D,0x57D},{0x54E,0x57E},
  {0x54F,0x57F},{0x550,0x580},{0x551,0x581},{0x552,0x582},{0x553,0x583},{0x554,0x584},{0x555,0x585},{0x556,0x586},{0x10A0,0x2D00},
  {0x10A1,0x2D01},{0x10A2,0x2D02},{0x10A3,0x2D03},{0x10A4,0x2D04},{0x10A5,0x2D05},{0x10A6,0x2D06},{0x10A7,0x2D07},{0x10A8,0x2D08},
  {0x10A9,0x2D09},{0x10AA,0x2D0A},{0x10AB,0x2D0B},{0x10AC,0x2D0C},{0x10AD,0x2D0D},{0x10AE,0x2D0E},{0x10AF,0x2D0F},{0x10B0,0x2D10},
  {0x10B1,0x2D11},{0x10B2,0x2D12},{0x10B3,0x2D13},{0x10B4,0x2D14},{0x10B5,0x2D15},{0x10B6,0x2D16},{0x10B7,0x2D17},{0x10B8,0x2D18},
  {0x10B9,0x2D19},{0x10BA,0x2D1A},{0x10BB,0x2D1B},{0x10BC,0x2D1C},{0x10BD,0x2D1D},{0x10BE,0x2D1E},{0x10BF,0x2D1F},{0x10C0,0x2D20},
  {0x10C1,0x2D21},{0x10C2,0x2D22},{0x10C3,0x2D23},{0x10C4,0x2D24},{0x10C5,0x2D25},{0x10C7,0x2D27},{0x10CD,0x2D2D},{0x13A0,0xAB70},
  {0x13A1,0xAB71},{0x13A2,0xAB72},{0x13A3,0xAB73},{0x13A4,0xAB74},{0x13A5,0xAB75},{0x13A6,0xAB76},{0x13A7,0xAB77},{0x13A8,0xAB78},
  {0x13A9,0xAB79},{0x13AA,0xAB7A},{0x13AB,0xAB7B},{0x13AC,0xAB7C},{0x13AD,0xAB7D},{0x13AE,0xAB7E},{0x13AF,0xAB7F},{0x13B0,0xAB80},
  {0x13B1,0xAB81},{0x13B2,0xAB82},{0x13B3,0xAB83},{0x13B4,0xAB84},{0x13B5,0xAB85},{0x13B6,0xAB86},{0x13B7,0xAB87},{0x13B8,0xAB88},
  {0x13B9,0xAB89},{0x13BA,0xAB8A},{0x13BB,0xAB8B},{0x13BC,0xAB8C},{0x13BD,0xAB8D},{0x13BE,0xAB8E},{0x13BF,0xAB8F},{0x13C0,0xAB90},
  {0x13C1,0xAB91},{0x13C2,0xAB92},{0x13C3,0xAB93},{0x13C4,0xAB94},{0x13C5,0xAB95},{0x13C6,0xAB96},{0x13C7,0xAB97},{0x13C8,0xAB98},
  {0x13C9,0xAB99},{0x13CA,0xAB9A},{0x13CB,0xAB9B},{0x13CC,0xAB9C},{0x13CD,0xAB9D},{0x13CE,0xAB9E},{0x13CF,0xAB9F},{0x13D0,0xABA0},
  {0x13D1,0xABA1},{0x13D2,0xABA2},{0x13D3,0xABA3},{0x13D4,0xABA4},{0x13D5,0xABA5},{0x13D6,0xABA6},{0x13D7,0xABA7},{0x13D8,0xABA8},
  {0x13D9,0xABA9},{0x13DA,0xABAA},{0x13DB,0xABAB},{0x13DC,0xABAC},{0x13DD,0xABAD},{0x13DE,0xABAE},{0x13DF,0xABAF},{0x13E0,0xABB0},
  {0x13E1,0xABB1},{0x13E2,0xABB2},{0x13E3,0xABB3},{0x13E4,0xABB4},{0x13E5,0xABB5},{0x13E6,0xABB6},{0x13E7,0xABB7},{0x13E8,0xABB8},
  {0x13E9,0xABB9},{0x13EA,0xABBA},{0x13EB,0xABBB},{0x13EC,0xABBC},{0x13ED,0xABBD},{0x13EE,0xABBE},{0x13EF,0xABBF},{0x13F0,0x13F8},
  {0x13F1,0x13F9},{0x13F2,0x13FA},{0x13F3,0x13FB},{0x13F4,0x13FC},{0x13F5,0x13FD},{0x1C89,0x1C8A},{0x1C90,0x10D0},{0x1C91,0x10D1},
  {0x1C92,0x10D2},{0x1C93,0x10D3},{0x1C94,0x10D4},{0x1C95,0x10D5},{0x1C96,0x10D6},{0x1C97,0x10D7},{0x1C98,0x10D8},{0x1C99,0x10D9},
  {0x1C9A,0x10DA},{0x1C9B,0x10DB},{0x1C9C,0x10DC},{0x1C9D,0x10DD},{0x1C9E,0x10DE},{0x1C9F,0x10DF},{0x1CA0,0x10E0},{0x1CA1,0x10E1},
  {0x1CA2,0x10E2},{0x1CA3,0x10E3},{0x1CA4,0x10E4},{0x1CA5,0x10E5},{0x1CA6,0x10E6},{0x1CA7,0x10E7},{0x1CA8,0x10E8},{0x1CA9,0x10E9},
  {0x1CAA,0x10EA},{0x1CAB,0x10EB},{0x1CAC,0x10EC},{0x1CAD,0x10ED},{0x1CAE,0x10EE},{0x1CAF,0x10EF},{0x1CB0,0x10F0},{0x1CB1,0x10F1},
  {0x1CB2,0x10F2},{0x1CB3,0x10F3},{0x1CB4,0x10F4},{0x1CB5,0x10F5},{0x1CB6,0x10F6},{0x1CB7,0x10F7},{0x1CB8,0x10F8},{0x1CB9,0x10F9},
  {0x1CBA,0x10FA},{0x1CBD,0x10FD},{0x1CBE,0x10FE},{0x1CBF,0x10FF},{0x1E00,0x1E01},{0x1E02,0x1E03},{0x1E04,0x1E05},{0x1E06,0x1E07},
  {0x1E08,0x1E09},{0x1E0A,0x1E0B},{0x1E0C,0x1E0D},{0x1E0E,0x1E0F},{0x1E10,0x1E11},{0x1E12,0x1E13},{0x1E14,0x1E15},{0x1E16,0x1E17},
  {0x1E18,0x1E19},{0x1E1A,0x1E1B},{0x1E1C,0x1E1D},{0x1E1E,0x1E1F},{0x1E20,0x1E21},{0x1E22,0x1E23},{0x1E24,0x1E25},{0x1E26,0x1E27},
  {0x1E28,0x1E29},{0x1E2A,0x1E2B},{0x1E2C,0x1E2D},{0x1E2E,0x1E2F},{0x1E30,0x1E31},{0x1E32,0x1E33},{0x1E34,0x1E35},{0x1E36,0x1E37},
  {0x1E38,0x1E39},{0x1E3A,0x1E3B},{0x1E3C,0x1E3D},{0x1E3E,0x1E3F},{0x1E40,0x1E41},{0x1E42,0x1E43},{0x1E44,0x1E45},{0x1E46,0x1E47},
  {0x1E48,0x1E49},{0x1E4A,0x1E4B},{0x1E4C,0x1E4D},{0x1E4E,0x1E4F},{0x1E50,0x1E51},{0x1E52,0x1E53},{0x1E54,0x1E55},{0x1E56,0x1E57},
  {0x1E58,0x1E59},{0x1E5A,0x1E5B},{0x1E5C,0x1E5D},{0x1E5E,0x1E5F},{0x1E60,0x1E61},{0x1E62,0x1E63},{0x1E64,0x1E65},{0x1E66,0x1E67},
  {0x1E68,0x1E69},{0x1E6A,0x1E6B},{0x1E6C,0x1E6D},{0x1E6E,0x1E6F},{0x1E70,0x1E71},{0x1E72,0x1E73},{0x1E74,0x1E75},{0x1E76,0x1E77},
  {0x1E78,0x1E79},{0x1E7A,0x1E7B},{0x1E7C,0x1E7D},{0x1E7E,0x1E7F},{0x1E80,0x1E81},{0x1E82,0x1E83},{0x1E84,0x1E85},{0x1E86,0x1E87},
  {0x1E88,0x1E89},{0x1E8A,0x1E8B},{0x1E8C,0x1E8D},{0x1E8E,0x1E8F},{0x1E90,0x1E91},{0x1E92,0x1E93},{0x1E94,0x1E95},{0x1E9E,0xDF},
  {0x1EA0,0x1EA1},{0x1EA2,0x1EA3},{0x1EA4,0x1EA5},{0x1EA6,0x1EA7},{0x1EA8,0x1EA9},{0x1EAA,0x1EAB},{0x1EAC,0x1EAD},{0x1EAE,0x1EAF},
  {0x1EB0,0x1EB1},{0x1EB2,0x1EB3},{0x1EB4,0x1EB5},{0x1EB6,0x1EB7},{0x1EB8,0x1EB9},{0x1EBA,0x1EBB},{0x1EBC,0x1EBD},{0x1EBE,0x1EBF},
  {0x1EC0,0x1EC1},{0x1EC2,0x1EC3},{0x1EC4,0x1EC5},{0x1EC6,0x1EC7},{0x1EC8,0x1EC9},{0x1ECA,0x1ECB},{0x1ECC,0x1ECD},{0x1ECE,0x1ECF},
  {0x1ED0,0x1ED1},{0x1ED2,0x1ED3},{0x1ED4,0x1ED5},{0x1ED6,0x1ED7},{0x1ED8,0x1ED9},{0x1EDA,0x1EDB},{0x1EDC,0x1EDD},{0x1EDE,0x1EDF},
  {0x1EE0,0x1EE1},{0x1EE2,0x1EE3},{0x1EE4,0x1EE5},{0x1EE6,0x1EE7},{0x1EE8,0x1EE9},{0x1EEA,0x1EEB},{0x1EEC,0x1EED},{0x1EEE,0x1EEF},
  {0x1EF0,0x1EF1},{0x1EF2,0x1EF3},{0x1EF4,0x1EF5},{0x1EF6,0x1EF7},{0x1EF8,0x1EF9},{0x1EFA,0x1EFB},{0x1EFC,0x1EFD},{0x1EFE,0x1EFF},
  {0x1F08,0x1F00},{0x1F09,0x1F01},{0x1F0A,0x1F02},{0x1F0B,0x1F03},{0x1F0C,0x1F04},{0x1F0D,0x1F05},{0x1F0E,0x1F06},{0x1F0F,0x1F07},
  {0x1F18,0x1F10},{0x1F19,0x1F11},{0x1F1A,0x1F12},{0x1F1B,0x1F13},{0x1F1C,0x1F14},{0x1F1D,0x1F15},{0x1F28,0x1F20},{0x1F29,0x1F21},
  {0x1F2A,0x1F22},{0x1F2B,0x1F23},{0x1F2C,0x1F24},{0x1F2D,0x1F25},{0x1F2E,0x1F26},{0x1F2F,0x1F27},{0x1F38,0x1F30},{0x1F39,0x1F31},
  {0x1F3A,0x1F32},{0x1F3B,0x1F33},{0x1F3C,0x1F34},{0x1F3D,0x1F35},{0x1F3E,0x1F36},{0x1F3F,0x1F37},{0x1F48,0x1F40},{0x1F49,0x1F41},
  {0x1F4A,0x1F42},{0x1F4B,0x1F43},{0x1F4C,0x1F44},{0x1F4D,0x1F45},{0x1F59,0x1F51},{0x1F5B,0x1F53},{0x1F5D,0x1F55},{0x1F5F,0x1F57},
  {0x1F68,0x1F60},{0x1F69,0x1F61},{0x1F6A,0x1F62},{0x1F6B,0x1F63},{0x1F6C,0x1F64},{0x1F6D,0x1F65},{0x1F6E,0x1F66},{0x1F6F,0x1F67},
  {0x1F88,0x1F80},{0x1F89,0x1F81},{0x1F8A,0x1F82},{0x1F8B,0x1F83},{0x1F8C,0x1F84},{0x1F8D,0x1F85},{0x1F8E,0x1F86},{0x1F8F,0x1F87},
  {0x1F98,0x1F90},{0x1F99,0x1F91},{0x1F9A,0x1F92},{0x1F9B,0x1F93},{0x1F9C,0x1F94},{0x1F9D,0x1F95},{0x1F9E,0x1F96},{0x1F9F,0x1F97},
  {0x1FA8,0x1FA0},{0x1FA9,0x1FA1},{0x1FAA,0x1FA2},{0x1FAB,0x1FA3},{0x1FAC,0x1FA4},{0x1FAD,0x1FA5},{0x1FAE,0x1FA6},{0x1FAF,0x1FA7},
  {0x1FB8,0x1FB0},{0x1FB9,0x1FB1},{0x1FBA,0x1F70},{0x1FBB,0x1F71},{0x1FBC,0x1FB3},{0x1FC8,0x1F72},{0x1FC9,0x1F73},{0x1FCA,0x1F74},
  {0x1FCB,0x1F75},{0x1FCC,0x1FC3},{0x1FD8,0x1FD0},{0x1FD9,0x1FD1},{0x1FDA,0x1F76},{0x1FDB,0x1F77},{0x1FE8,0x1FE0},{0x1FE9,0x1FE1},
  {0x1FEA,0x1F7A},{0x1FEB,0x1F7B},{0x1FEC,0x1FE5},{0x1FF8,0x1F78},{0x1FF9,0x1F79},{0x1FFA,0x1F7C},{0x1FFB,0x1F7D},{0x1FFC,0x1FF3},
  {0x2126,0x3C9},{0x212A,0x6B},{0x212B,0xE5},{0x2132,0x214E},{0x2160,0x2170},{0x2161,0x2171},{0x2162,0x2172},{0x2163,0x2173},
  {0x2164,0x2174},{0x2165,0x2175},{0x2166,0x2176},{0x2167,0x2177},{0x2168,0x2178},{0x2169,0x2179},{0x216A,0x217A},{0x216B,0x217B},
  {0x216C,0x217C},{0x216D,0x217D},{0x216E,0x217E},{0x216F,0x217F},{0x2183,0x2184},{0x24B6,0x24D0},{0x24B7,0x24D1},{0x24B8,0x24D2},
  {0x24B9,0x24D3},{0x24BA,0x24D4},{0x24BB,0x24D5},{0x24BC,0x24D6},{0x24BD,0x24D7},{0x24BE,0x24D8},{0x24BF,0x24D9},{0x24C0,0x24DA},
  {0x24C1,0x24DB},{0x24C2,0x24DC},{0x24C3,0x24DD},{0x24C4,0x24DE},{0x24C5,0x24DF},{0x24C6,0x24E0},{0x24C7,0x24E1},{0x24C8,0x24E2},
  {0x24C9,0x24E3},{0x24CA,0x24E4},{0x24CB,0x24E5},{0x24CC,0x24E6},{0x24CD,0x24E7},{0x24CE,0x24E8},{0x24CF,0x24E9},{0x2C00,0x2C30},
  {0x2C01,0x2C31},{0x2C02,0x2C32},{0x2C03,0x2C33},{0x2C04,0x2C34},{0x2C05,0x2C35},{0x2C06,0x2C36},{0x2C07,0x2C37},{0x2C08,0x2C38},
  {0x2C09,0x2C39},{0x2C0A,0x2C3A},{0x2C0B,0x2C3B},{0x2C0C,0x2C3C},{0x2C0D,0x2C3D},{0x2C0E,0x2C3E},{0x2C0F,0x2C3F},{0x2C10,0x2C40},
  {0x2C11,0x2C41},{0x2C12,0x2C42},{0x2C13,0x2C43},{0x2C14,0x2C44},{0x2C15,0x2C45},{0x2C16,0x2C46},{0x2C17,0x2C47},{0x2C18,0x2C48},
  {0x2C19,0x2C49},{0x2C1A,0x2C4A},{0x2C1B,0x2C4B},{0x2C1C,0x2C4C},{0x2C1D,0x2C4D},{0x2C1E,0x2C4E},{0x2C1F,0x2C4F},{0x2C20,0x2C50},
  {0x2C21,0x2C51},{0x2C22,0x2C52},{0x2C23,0x2C53},{0x2C24,0x2C54},{0x2C25,0x2C55},{0x2C26,0x2C56},{0x2C27,0x2C57},{0x2C28,0x2C58},
  {0x2C29,0x2C59},{0x2C2A,0x2C5A},{0x2C2B,0x2C5B},{0x2C2C,0x2C5C},{0x2C2D,0x2C5D},{0x2C2E,0x2C5E},{0x2C2F,0x2C5F},{0x2C60,0x2C61},
  {0x2C62,0x26B},{0x2C63,0x1D7D},{0x2C64,0x27D},{0x2C67,0x2C68},{0x2C69,0x2C6A},{0x2C6B,0x2C6C},{0x2C6D,0x251},{0x2C6E,0x271},
  {0x2C6F,0x250},{0x2C70,0x252},{0x2C72,0x2C73},{0x2C75,0x2C76},{0x2C7E,0x23F},{0x2C7F,0x240},{0x2C80,0x2C81},{0x2C82,0x2C83},
  {0x2C84,0x2C85},{0x2C86,0x2C87},{0x2C88,0x2C89},{0x2C8A,0x2C8B},{0x2C8C,0x2C8D},{0x2C8E,0x2C8F},{0x2C90,0x2C91},{0x2C92,0x2C93},
  {0x2C94,0x2C95},{0x2C96,0x2C97},{0x2C98,0x2C99},{0x2C9A,0x2C9B},{0x2C9C,0x2C9D},{0x2C9E,0x2C9F},{0x2CA0,0x2CA1},{0x2CA2,0x2CA3},
  {0x2CA4,0x2CA5},{0x2CA6,0x2CA7},{0x2CA8,0x2CA9},{0x2CAA,0x2CAB},{0x2CAC,0x2CAD},{0x2CAE,0x2CAF},{0x2CB0,0x2CB1},{0x2CB2,0x2CB3},
  {0x2CB4,0x2CB5},{0x2CB6,0x2CB7},{0x2CB8,0x2CB9},{0x2CBA,0x2CBB},{0x2CBC,0x2CBD},{0x2CBE,0x2CBF},{0x2CC0,0x2CC1},{0x2CC2,0x2CC3},
  {0x2CC4,0x2CC5},{0x2CC6,0x2CC7},{0x2CC8,0x2CC9},{0x2CCA,0x2CCB},{0x2CCC,0x2CCD},{0x2CCE,0x2CCF},{0x2CD0,0x2CD1},{0x2CD2,0x2CD3},
  {0x2CD4,0x2CD5},{0x2CD6,0x2CD7},{0x2CD8,0x2CD9},{0x2CDA,0x2CDB},{0x2CDC,0x2CDD},{0x2CDE,0x2CDF},{0x2CE0,0x2CE1},{0x2CE2,0x2CE3},
  {0x2CEB,0x2CEC},{0x2CED,0x2CEE},{0x2CF2,0x2CF3},{0xA640,0xA641},{0xA642,0xA643},{0xA644,0xA645},{0xA646,0xA647},{0xA648,0xA649},
  {0xA64A,0xA64B},{0xA64C,0xA64D},{0xA64E,0xA64F},{0xA650,0xA651},{0xA652,0xA653},{0xA654,0xA655},{0xA656,0xA657},{0xA658,0xA659},
  {0xA65A,0xA65B},{0xA65C,0xA65D},{0xA65E,0xA65F},{0xA660,0xA661},{0xA662,0xA663},{0xA664,0xA665},{0xA666,0xA667},{0xA668,0xA669},
  {0xA66A,0xA66B},{0xA66C,0xA66D},{0xA680,0xA681},{0xA682,0xA683},{0xA684,0xA685},{0xA686,0xA687},{0xA688,0xA689},{0xA68A,0xA68B},
  {0xA68C,0xA68D},{0xA68E,0xA68F},{0xA690,0xA691},{0xA692,0xA693},{0xA694,0xA695},{0xA696,0xA697},{0xA698,0xA699},{0xA69A,0xA69B},
  {0xA722,0xA723},{0xA724,0xA725},{0xA726,0xA727},{0xA728,0xA729},{0xA72A,0xA72B},{0xA72C,0xA72D},{0xA72E,0xA72F},{0xA732,0xA733},
  {0xA734,0xA735},{0xA736,0xA737},{0xA738,0xA739},{0xA73A,0xA73B},{0xA73C,0xA73D},{0xA73E,0xA73F},{0xA740,0xA741},{0xA742,0xA743},
  {0xA744,0xA745},{0xA746,0xA747},{0xA748,0xA749},{0xA74A,0xA74B},{0xA74C,0xA74D},{0xA74E,0xA74F},{0xA750,0xA751},{0xA752,0xA753},
  {0xA754,0xA755},{0xA756,0xA757},{0xA758,0xA759},{0xA75A,0xA75B},{0xA75C,0xA75D},{0xA75E,0xA75F},{0xA760,0xA761},{0xA762,0xA763},
  {0xA764,0xA765},{0xA766,0xA767},{0xA768,0xA769},{0xA76A,0xA76B},{0xA76C,0xA76D},{0xA76E,0xA76F},{0xA779,0xA77A},{0xA77B,0xA77C},
  {0xA77D,0x1D79},{0xA77E,0xA77F},{0xA780,0xA781},{0xA782,0xA783},{0xA784,0xA785},{0xA786,0xA787},{0xA78B,0xA78C},{0xA78D,0x265},
  {0xA790,0xA791},{0xA792,0xA793},{0xA796,0xA797},{0xA798,0xA799},{0xA79A,0xA79B},{0xA79C,0xA79D},{0xA79E,0xA79F},{0xA7A0,0xA7A1},
  {0xA7A2,0xA7A3},{0xA7A4,0xA7A5},{0xA7A6,0xA7A7},{0xA7A8,0xA7A9},{0xA7AA,0x266},{0xA7AB,0x25C},{0xA7AC,0x261},{0xA7AD,0x26C},
  {0xA7AE,0x26A},{0xA7B0,0x29E},{0xA7B1,0x287},{0xA7B2,0x29D},{0xA7B3,0xAB53},{0xA7B4,0xA7B5},{0xA7B6,0xA7B7},{0xA7B8,0xA7B9},
  {0xA7BA,0xA7BB},{0xA7BC,0xA7BD},{0xA7BE,0xA7BF},{0xA7C0,0xA7C1},{0xA7C2,0xA7C3},{0xA7C4,0xA794},{0xA7C5,0x282},{0xA7C6,0x1D8E},
  {0xA7C7,0xA7C8},{0xA7C9,0xA7CA},{0xA7CB,0x264},{0xA7CC,0xA7CD},{0xA7CE,0xA7CF},{0xA7D0,0xA7D1},{0xA7D2,0xA7D3},{0xA7D4,0xA7D5},
  {0xA7D6,0xA7D7},{0xA7D8,0xA7D9},{0xA7DA,0xA7DB},{0xA7DC,0x19B},{0xA7DD,0x277},{0xA7E2,0x27C},{0xA7F5,0xA7F6},{0xAB6C,0xAB4B},
  {0xAB6D,0xAB4C},{0xFF21,0xFF41},{0xFF22,0xFF42},{0xFF23,0xFF43},{0xFF24,0xFF44},{0xFF25,0xFF45},{0xFF26,0xFF46},{0xFF27,0xFF47},
  {0xFF28,0xFF48},{0xFF29,0xFF49},{0xFF2A,0xFF4A},{0xFF2B,0xFF4B},{0xFF2C,0xFF4C},{0xFF2D,0xFF4D},{0xFF2E,0xFF4E},{0xFF2F,0xFF4F},
  {0xFF30,0xFF50},{0xFF31,0xFF51},{0xFF32,0xFF52},{0xFF33,0xFF53},{0xFF34,0xFF54},{0xFF35,0xFF55},{0xFF36,0xFF56},{0xFF37,0xFF57},
  {0xFF38,0xFF58},{0xFF39,0xFF59},{0xFF3A,0xFF5A},{0x10400,0x10428},{0x10401,0x10429},{0x10402,0x1042A},{0x10403,0x1042B},{0x10404,0x1042C},
  {0x10405,0x1042D},{0x10406,0x1042E},{0x10407,0x1042F},{0x10408,0x10430},{0x10409,0x10431},{0x1040A,0x10432},{0x1040B,0x10433},
  {0x1040C,0x10434},{0x1040D,0x10435},{0x1040E,0x10436},{0x1040F,0x10437},{0x10410,0x10438},{0x10411,0x10439},{0x10412,0x1043A},
  {0x10413,0x1043B},{0x10414,0x1043C},{0x10415,0x1043D},{0x10416,0x1043E},{0x10417,0x1043F},{0x10418,0x10440},{0x10419,0x10441},
  {0x1041A,0x10442},{0x1041B,0x10443},{0x1041C,0x10444},{0x1041D,0x10445},{0x1041E,0x10446},{0x1041F,0x10447},{0x10420,0x10448},
  {0x10421,0x10449},{0x10422,0x1044A},{0x10423,0x1044B},{0x10424,0x1044C},{0x10425,0x1044D},{0x10426,0x1044E},{0x10427,0x1044F},
  {0x104B0,0x104D8},{0x104B1,0x104D9},{0x104B2,0x104DA},{0x104B3,0x104DB},{0x104B4,0x104DC},{0x104B5,0x104DD},{0x104B6,0x104DE},
  {0x104B7,0x104DF},{0x104B8,0x104E0},{0x104B9,0x104E1},{0x104BA,0x104E2},{0x104BB,0x104E3},{0x104BC,0x104E4},{0x104BD,0x104E5},
  {0x104BE,0x104E6},{0x104BF,0x104E7},{0x104C0,0x104E8},{0x104C1,0x104E9},{0x104C2,0x104EA},{0x104C3,0x104EB},{0x104C4,0x104EC},
  {0x104C5,0x104ED},{0x104C6,0x104EE},{0x104C7,0x104EF},{0x104C8,0x104F0},{0x104C9,0x104F1},{0x104CA,0x104F2},{0x104CB,0x104F3},
  {0x104CC,0x104F4},{0x104CD,0x104F5},{0x104CE,0x104F6},{0x104CF,0x104F7},{0x104D0,0x104F8},{0x104D1,0x104F9},{0x104D2,0x104FA},
  {0x104D3,0x104FB},{0x10570,0x10597},{0x10571,0x10598},{0x10572,0x10599},{0x10573,0x1059A},{0x10574,0x1059B},{0x10575,0x1059C},
  {0x10576,0x1059D},{0x10577,0x1059E},{0x10578,0x1059F},{0x10579,0x105A0},{0x1057A,0x105A1},{0x1057C,0x105A3},{0x1057D,0x105A4},
  {0x1057E,0x105A5},{0x1057F,0x105A6},{0x10580,0x105A7},{0x10581,0x105A8},{0x10582,0x105A9},{0x10583,0x105AA},{0x10584,0x105AB},
  {0x10585,0x105AC},{0x10586,0x105AD},{0x10587,0x105AE},{0x10588,0x105AF},{0x10589,0x105B0},{0x1058A,0x105B1},{0x1058C,0x105B3},
  {0x1058D,0x105B4},{0x1058E,0x105B5},{0x1058F,0x105B6},{0x10590,0x105B7},{0x10591,0x105B8},{0x10592,0x105B9},{0x10594,0x105BB},
  {0x10595,0x105BC},{0x10C80,0x10CC0},{0x10C81,0x10CC1},{0x10C82,0x10CC2},{0x10C83,0x10CC3},{0x10C84,0x10CC4},{0x10C85,0x10CC5},
  {0x10C86,0x10CC6},{0x10C87,0x10CC7},{0x10C88,0x10CC8},{0x10C89,0x10CC9},{0x10C8A,0x10CCA},{0x10C8B,0x10CCB},{0x10C8C,0x10CCC},
  {0x10C8D,0x10CCD},{0x10C8E,0x10CCE},{0x10C8F,0x10CCF},{0x10C90,0x10CD0},{0x10C91,0x10CD1},{0x10C92,0x10CD2},{0x10C93,0x10CD3},
  {0x10C94,0x10CD4},{0x10C95,0x10CD5},{0x10C96,0x10CD6},{0x10C97,0x10CD7},{0x10C98,0x10CD8},{0x10C99,0x10CD9},{0x10C9A,0x10CDA},
  {0x10C9B,0x10CDB},{0x10C9C,0x10CDC},{0x10C9D,0x10CDD},{0x10C9E,0x10CDE},{0x10C9F,0x10CDF},{0x10CA0,0x10CE0},{0x10CA1,0x10CE1},
  {0x10CA2,0x10CE2},{0x10CA3,0x10CE3},{0x10CA4,0x10CE4},{0x10CA5,0x10CE5},{0x10CA6,0x10CE6},{0x10CA7,0x10CE7},{0x10CA8,0x10CE8},
  {0x10CA9,0x10CE9},{0x10CAA,0x10CEA},{0x10CAB,0x10CEB},{0x10CAC,0x10CEC},{0x10CAD,0x10CED},{0x10CAE,0x10CEE},{0x10CAF,0x10CEF},
  {0x10CB0,0x10CF0},{0x10CB1,0x10CF1},{0x10CB2,0x10CF2},{0x10D50,0x10D70},{0x10D51,0x10D71},{0x10D52,0x10D72},{0x10D53,0x10D73},
  {0x10D54,0x10D74},{0x10D55,0x10D75},{0x10D56,0x10D76},{0x10D57,0x10D77},{0x10D58,0x10D78},{0x10D59,0x10D79},{0x10D5A,0x10D7A},
  {0x10D5B,0x10D7B},{0x10D5C,0x10D7C},{0x10D5D,0x10D7D},{0x10D5E,0x10D7E},{0x10D5F,0x10D7F},{0x10D60,0x10D80},{0x10D61,0x10D81},
  {0x10D62,0x10D82},{0x10D63,0x10D83},{0x10D64,0x10D84},{0x10D65,0x10D85},{0x118A0,0x118C0},{0x118A1,0x118C1},{0x118A2,0x118C2},
  {0x118A3,0x118C3},{0x118A4,0x118C4},{0x118A5,0x118C5},{0x118A6,0x118C6},{0x118A7,0x118C7},{0x118A8,0x118C8},{0x118A9,0x118C9},
  {0x118AA,0x118CA},{0x118AB,0x118CB},{0x118AC,0x118CC},{0x118AD,0x118CD},{0x118AE,0x118CE},{0x118AF,0x118CF},{0x118B0,0x118D0},
  {0x118B1,0x118D1},{0x118B2,0x118D2},{0x118B3,0x118D3},{0x118B4,0x118D4},{0x118B5,0x118D5},{0x118B6,0x118D6},{0x118B7,0x118D7},
  {0x118B8,0x118D8},{0x118B9,0x118D9},{0x118BA,0x118DA},{0x118BB,0x118DB},{0x118BC,0x118DC},{0x118BD,0x118DD},{0x118BE,0x118DE},
  {0x118BF,0x118DF},{0x16E40,0x16E60},{0x16E41,0x16E61},{0x16E42,0x16E62},{0x16E43,0x16E63},{0x16E44,0x16E64},{0x16E45,0x16E65},
  {0x16E46,0x16E66},{0x16E47,0x16E67},{0x16E48,0x16E68},{0x16E49,0x16E69},{0x16E4A,0x16E6A},{0x16E4B,0x16E6B},{0x16E4C,0x16E6C},
  {0x16E4D,0x16E6D},{0x16E4E,0x16E6E},{0x16E4F,0x16E6F},{0x16E50,0x16E70},{0x16E51,0x16E71},{0x16E52,0x16E72},{0x16E53,0x16E73},
  {0x16E54,0x16E74},{0x16E55,0x16E75},{0x16E56,0x16E76},{0x16E57,0x16E77},{0x16E58,0x16E78},{0x16E59,0x16E79},{0x16E5A,0x16E7A},
  {0x16E5B,0x16E7B},{0x16E5C,0x16E7C},{0x16E5D,0x16E7D},{0x16E5E,0x16E7E},{0x16E5F,0x16E7F},{0x16EA0,0x16EBB},{0x16EA1,0x16EBC},
  {0x16EA2,0x16EBD},{0x16EA3,0x16EBE},{0x16EA4,0x16EBF},{0x16EA5,0x16EC0},{0x16EA6,0x16EC1},{0x16EA7,0x16EC2},{0x16EA8,0x16EC3},
  {0x16EA9,0x16EC4},{0x16EAA,0x16EC5},{0x16EAB,0x16EC6},{0x16EAC,0x16EC7},{0x16EAD,0x16EC8},{0x16EAE,0x16EC9},{0x16EAF,0x16ECA},
  {0x16EB0,0x16ECB},{0x16EB1,0x16ECC},{0x16EB2,0x16ECD},{0x16EB3,0x16ECE},{0x16EB4,0x16ECF},{0x16EB5,0x16ED0},{0x16EB6,0x16ED1},
  {0x16EB7,0x16ED2},{0x16EB8,0x16ED3},{0x1DF40,0x1DF41},{0x1DF48,0x1DF49},{0x1DF4A,0x1DF4B},{0x1DF4D,0x1DF4E},{0x1DF51,0x1DF52},
  {0x1DF68,0x1DF69},{0x1DF6A,0x1DF6B},{0x1DF6C,0x1DF6D},{0x1DF6E,0x1DF6F},{0x1DF72,0x1DF73},{0x1DF74,0x1DF75},{0x1DF76,0x1DF77},
  {0x1DF78,0x1DF79},{0x1DF7A,0x1DF7B},{0x1DF7C,0x1DF7D},{0x1DF7E,0x1DF7F},{0x1E900,0x1E922},{0x1E901,0x1E923},{0x1E902,0x1E924},
  {0x1E903,0x1E925},{0x1E904,0x1E926},{0x1E905,0x1E927},{0x1E906,0x1E928},{0x1E907,0x1E929},{0x1E908,0x1E92A},{0x1E909,0x1E92B},
  {0x1E90A,0x1E92C},{0x1E90B,0x1E92D},{0x1E90C,0x1E92E},{0x1E90D,0x1E92F},{0x1E90E,0x1E930},{0x1E90F,0x1E931},{0x1E910,0x1E932},
  {0x1E911,0x1E933},{0x1E912,0x1E934},{0x1E913,0x1E935},{0x1E914,0x1E936},{0x1E915,0x1E937},{0x1E916,0x1E938},{0x1E917,0x1E939},
  {0x1E918,0x1E93A},{0x1E919,0x1E93B},{0x1E91A,0x1E93C},{0x1E91B,0x1E93D},{0x1E91C,0x1E93E},{0x1E91D,0x1E93F},{0x1E91E,0x1E940},
  {0x1E91F,0x1E941},{0x1E920,0x1E942},{0x1E921,0x1E943},
};

const Mapping kTitle[] = {
  {0x61,0x41},{0x62,0x42},{0x63,0x43},{0x64,0x44},{0x65,0x45},{0x66,0x46},{0x67,0x47},{0x68,0x48},{0x69,0x49},{0x6A,0x4A},{0x6B,0x4B},
  {0x6C,0x4C},{0x6D,0x4D},{0x6E,0x4E},{0x6F,0x4F},{0x70,0x50},{0x71,0x51},{0x72,0x52},{0x73,0x53},{0x74,0x54},{0x75,0x55},{0x76,0x56},
  {0x77,0x57},{0x78,0x58},{0x79,0x59},{0x7A,0x5A},{0xB5,0x39C},{0xE0,0xC0},{0xE1,0xC1},{0xE2,0xC2},{0xE3,0xC3},{0xE4,0xC4},{0xE5,0xC5},
  {0xE6,0xC6},{0xE7,0xC7},{0xE8,0xC8},{0xE9,0xC9},{0xEA,0xCA},{0xEB,0xCB},{0xEC,0xCC},{0xED,0xCD},{0xEE,0xCE},{0xEF,0xCF},{0xF0,0xD0},
  {0xF1,0xD1},{0xF2,0xD2},{0xF3,0xD3},{0xF4,0xD4},{0xF5,0xD5},{0xF6,0xD6},{0xF8,0xD8},{0xF9,0xD9},{0xFA,0xDA},{0xFB,0xDB},{0xFC,0xDC},
  {0xFD,0xDD},{0xFE,0xDE},{0xFF,0x178},{0x101,0x100},{0x103,0x102},{0x105,0x104},{0x107,0x106},{0x109,0x108},{0x10B,0x10A},{0x10D,0x10C},
  {0x10F,0x10E},{0x111,0x110},{0x113,0x112},{0x115,0x114},{0x117,0x116},{0x119,0x118},{0x11B,0x11A},{0x11D,0x11C},{0x11F,0x11E},
  {0x121,0x120},{0x123,0x122},{0x125,0x124},{0x127,0x126},{0x129,0x128},{0x12B,0x12A},{0x12D,0x12C},{0x12F,0x12E},{0x131,0x49},
  {0x133,0x132},{0x135,0x134},{0x137,0x136},{0x13A,0x139},{0x13C,0x13B},{0x13E,0x13D},{0x140,0x13F},{0x142,0x141},{0x144,0x143},
  {0x146,0x145},{0x148,0x147},{0x14B,0x14A},{0x14D,0x14C},{0x14F,0x14E},{0x151,0x150},{0x153,0x152},{0x155,0x154},{0x157,0x156},
  {0x159,0x158},{0x15B,0x15A},{0x15D,0x15C},{0x15F,0x15E},{0x161,0x160},{0x163,0x162},{0x165,0x164},{0x167,0x166},{0x169,0x168},
  {0x16B,0x16A},{0x16D,0x16C},{0x16F,0x16E},{0x171,0x170},{0x173,0x172},{0x175,0x174},{0x177,0x176},{0x17A,0x179},{0x17C,0x17B},
  {0x17E,0x17D},{0x17F,0x53},{0x180,0x243},{0x183,0x182},{0x185,0x184},{0x188,0x187},{0x18C,0x18B},{0x192,0x191},{0x195,0x1F6},
  {0x199,0x198},{0x19A,0x23D},{0x19B,0xA7DC},{0x19E,0x220},{0x1A1,0x1A0},{0x1A3,0x1A2},{0x1A5,0x1A4},{0x1A8,0x1A7},{0x1AD,0x1AC},
  {0x1B0,0x1AF},{0x1B4,0x1B3},{0x1B6,0x1B5},{0x1B9,0x1B8},{0x1BD,0x1BC},{0x1BF,0x1F7},{0x1C4,0x1C5},{0x1C5,0x1C5},{0x1C6,0x1C5},
  {0x1C7,0x1C8},{0x1C8,0x1C8},{0x1C9,0x1C8},{0x1CA,0x1CB},{0x1CB,0x1CB},{0x1CC,0x1CB},{0x1CE,0x1CD},{0x1D0,0x1CF},{0x1D2,0x1D1},
  {0x1D4,0x1D3},{0x1D6,0x1D5},{0x1D8,0x1D7},{0x1DA,0x1D9},{0x1DC,0x1DB},{0x1DD,0x18E},{0x1DF,0x1DE},{0x1E1,0x1E0},{0x1E3,0x1E2},
  {0x1E5,0x1E4},{0x1E7,0x1E6},{0x1E9,0x1E8},{0x1EB,0x1EA},{0x1ED,0x1EC},{0x1EF,0x1EE},{0x1F1,0x1F2},{0x1F2,0x1F2},{0x1F3,0x1F2},
  {0x1F5,0x1F4},{0x1F9,0x1F8},{0x1FB,0x1FA},{0x1FD,0x1FC},{0x1FF,0x1FE},{0x201,0x200},{0x203,0x202},{0x205,0x204},{0x207,0x206},
  {0x209,0x208},{0x20B,0x20A},{0x20D,0x20C},{0x20F,0x20E},{0x211,0x210},{0x213,0x212},{0x215,0x214},{0x217,0x216},{0x219,0x218},
  {0x21B,0x21A},{0x21D,0x21C},{0x21F,0x21E},{0x223,0x222},{0x225,0x224},{0x227,0x226},{0x229,0x228},{0x22B,0x22A},{0x22D,0x22C},
  {0x22F,0x22E},{0x231,0x230},{0x233,0x232},{0x23C,0x23B},{0x23F,0x2C7E},{0x240,0x2C7F},{0x242,0x241},{0x247,0x246},{0x249,0x248},
  {0x24B,0x24A},{0x24D,0x24C},{0x24F,0x24E},{0x250,0x2C6F},{0x251,0x2C6D},{0x252,0x2C70},{0x253,0x181},{0x254,0x186},{0x256,0x189},
  {0x257,0x18A},{0x259,0x18F},{0x25B,0x190},{0x25C,0xA7AB},{0x260,0x193},{0x261,0xA7AC},{0x263,0x194},{0x264,0xA7CB},{0x265,0xA78D},
  {0x266,0xA7AA},{0x268,0x197},{0x269,0x196},{0x26A,0xA7AE},{0x26B,0x2C62},{0x26C,0xA7AD},{0x26F,0x19C},{0x271,0x2C6E},{0x272,0x19D},
  {0x275,0x19F},{0x277,0xA7DD},{0x27C,0xA7E2},{0x27D,0x2C64},{0x280,0x1A6},{0x282,0xA7C5},{0x283,0x1A9},{0x287,0xA7B1},{0x288,0x1AE},
  {0x289,0x244},{0x28A,0x1B1},{0x28B,0x1B2},{0x28C,0x245},{0x292,0x1B7},{0x29D,0xA7B2},{0x29E,0xA7B0},{0x345,0x399},{0x371,0x370},
  {0x373,0x372},{0x377,0x376},{0x37B,0x3FD},{0x37C,0x3FE},{0x37D,0x3FF},{0x3AC,0x386},{0x3AD,0x388},{0x3AE,0x389},{0x3AF,0x38A},
  {0x3B1,0x391},{0x3B2,0x392},{0x3B3,0x393},{0x3B4,0x394},{0x3B5,0x395},{0x3B6,0x396},{0x3B7,0x397},{0x3B8,0x398},{0x3B9,0x399},
  {0x3BA,0x39A},{0x3BB,0x39B},{0x3BC,0x39C},{0x3BD,0x39D},{0x3BE,0x39E},{0x3BF,0x39F},{0x3C0,0x3A0},{0x3C1,0x3A1},{0x3C2,0x3A3},
  {0x3C3,0x3A3},{0x3C4,0x3A4},{0x3C5,0x3A5},{0x3C6,0x3A6},{0x3C7,0x3A7},{0x3C8,0x3A8},{0x3C9,0x3A9},{0x3CA,0x3AA},{0x3CB,0x3AB},
  {0x3CC,0x38C},{0x3CD,0x38E},{0x3CE,0x38F},{0x3D0,0x392},{0x3D1,0x398},{0x3D5,0x3A6},{0x3D6,0x3A0},{0x3D7,0x3CF},{0x3D9,0x3D8},
  {0x3DB,0x3DA},{0x3DD,0x3DC},{0x3DF,0x3DE},{0x3E1,0x3E0},{0x3E3,0x3E2},{0x3E5,0x3E4},{0x3E7,0x3E6},{0x3E9,0x3E8},{0x3EB,0x3EA},
  {0x3ED,0x3EC},{0x3EF,0x3EE},{0x3F0,0x39A},{0x3F1,0x3A1},{0x3F2,0x3F9},{0x3F3,0x37F},{0x3F5,0x395},{0x3F8,0x3F7},{0x3FB,0x3FA},
  {0x430,0x410},{0x431,0x411},{0x432,0x412},{0x433,0x413},{0x434,0x414},{0x435,0x415},{0x436,0x416},{0x437,0x417},{0x438,0x418},
  {0x439,0x419},{0x43A,0x41A},{0x43B,0x41B},{0x43C,0x41C},{0x43D,0x41D},{0x43E,0x41E},{0x43F,0x41F},{0x440,0x420},{0x441,0x421},
  {0x442,0x422},{0x443,0x423},{0x444,0x424},{0x445,0x425},{0x446,0x426},{0x447,0x427},{0x448,0x428},{0x449,0x429},{0x44A,0x42A},
  {0x44B,0x42B},{0x44C,0x42C},{0x44D,0x42D},{0x44E,0x42E},{0x44F,0x42F},{0x450,0x400},{0x451,0x401},{0x452,0x402},{0x453,0x403},
  {0x454,0x404},{0x455,0x405},{0x456,0x406},{0x457,0x407},{0x458,0x408},{0x459,0x409},{0x45A,0x40A},{0x45B,0x40B},{0x45C,0x40C},
  {0x45D,0x40D},{0x45E,0x40E},{0x45F,0x40F},{0x461,0x460},{0x463,0x462},{0x465,0x464},{0x467,0x466},{0x469,0x468},{0x46B,0x46A},
  {0x46D,0x46C},{0x46F,0x46E},{0x471,0x470},{0x473,0x472},{0x475,0x474},{0x477,0x476},{0x479,0x478},{0x47B,0x47A},{0x47D,0x47C},
  {0x47F,0x47E},{0x481,0x480},{0x48B,0x48A},{0x48D,0x48C},{0x48F,0x48E},{0x491,0x490},{0x493,0x492},{0x495,0x494},{0x497,0x496},
  {0x499,0x498},{0x49B,0x49A},{0x49D,0x49C},{0x49F,0x49E},{0x4A1,0x4A0},{0x4A3,0x4A2},{0x4A5,0x4A4},{0x4A7,0x4A6},{0x4A9,0x4A8},
  {0x4AB,0x4AA},{0x4AD,0x4AC},{0x4AF,0x4AE},{0x4B1,0x4B0},{0x4B3,0x4B2},{0x4B5,0x4B4},{0x4B7,0x4B6},{0x4B9,0x4B8},{0x4BB,0x4BA},
  {0x4BD,0x4BC},{0x4BF,0x4BE},{0x4C2,0x4C1},{0x4C4,0x4C3},{0x4C6,0x4C5},{0x4C8,0x4C7},{0x4CA,0x4C9},{0x4CC,0x4CB},{0x4CE,0x4CD},
  {0x4CF,0x4C0},{0x4D1,0x4D0},{0x4D3,0x4D2},{0x4D5,0x4D4},{0x4D7,0x4D6},{0x4D9,0x4D8},{0x4DB,0x4DA},{0x4DD,0x4DC},{0x4DF,0x4DE},
  {0x4E1,0x4E0},{0x4E3,0x4E2},{0x4E5,0x4E4},{0x4E7,0x4E6},{0x4E9,0x4E8},{0x4EB,0x4EA},{0x4ED,0x4EC},{0x4EF,0x4EE},{0x4F1,0x4F0},
  {0x4F3,0x4F2},{0x4F5,0x4F4},{0x4F7,0x4F6},{0x4F9,0x4F8},{0x4FB,0x4FA},{0x4FD,0x4FC},{0x4FF,0x4FE},{0x501,0x500},{0x503,0x502},
  {0x505,0x504},{0x507,0x506},{0x509,0x508},{0x50B,0x50A},{0x50D,0x50C},{0x50F,0x50E},{0x511,0x510},{0x513,0x512},{0x515,0x514},
  {0x517,0x516},{0x519,0x518},{0x51B,0x51A},{0x51D,0x51C},{0x51F,0x51E},{0x521,0x520},{0x523,0x522},{0x525,0x524},{0x527,0x526},
  {0x529,0x528},{0x52B,0x52A},{0x52D,0x52C},{0x52F,0x52E},{0x561,0x531},{0x562,0x532},{0x563,0x533},{0x564,0x534},{0x565,0x535},
  {0x566,0x536},{0x567,0x537},{0x568,0x538},{0x569,0x539},{0x56A,0x53A},{0x56B,0x53B},{0x56C,0x53C},{0x56D,0x53D},{0x56E,0x53E},
  {0x56F,0x53F},{0x570,0x540},{0x571,0x541},{0x572,0x542},{0x573,0x543},{0x574,0x544},{0x575,0x545},{0x576,0x546},{0x577,0x547},
  {0x578,0x548},{0x579,0x549},{0x57A,0x54A},{0x57B,0x54B},{0x57C,0x54C},{0x57D,0x54D},{0x57E,0x54E},{0x57F,0x54F},{0x580,0x550},
  {0x581,0x551},{0x582,0x552},{0x583,0x553},{0x584,0x554},{0x585,0x555},{0x586,0x556},{0x10D0,0x10D0},{0x10D1,0x10D1},{0x10D2,0x10D2},
  {0x10D3,0x10D3},{0x10D4,0x10D4},{0x10D5,0x10D5},{0x10D6,0x10D6},{0x10D7,0x10D7},{0x10D8,0x10D8},{0x10D9,0x10D9},{0x10DA,0x10DA},
  {0x10DB,0x10DB},{0x10DC,0x10DC},{0x10DD,0x10DD},{0x10DE,0x10DE},{0x10DF,0x10DF},{0x10E0,0x10E0},{0x10E1,0x10E1},{0x10E2,0x10E2},
  {0x10E3,0x10E3},{0x10E4,0x10E4},{0x10E5,0x10E5},{0x10E6,0x10E6},{0x10E7,0x10E7},{0x10E8,0x10E8},{0x10E9,0x10E9},{0x10EA,0x10EA},
  {0x10EB,0x10EB},{0x10EC,0x10EC},{0x10ED,0x10ED},{0x10EE,0x10EE},{0x10EF,0x10EF},{0x10F0,0x10F0},{0x10F1,0x10F1},{0x10F2,0x10F2},
  {0x10F3,0x10F3},{0x10F4,0x10F4},{0x10F5,0x10F5},{0x10F6,0x10F6},{0x10F7,0x10F7},{0x10F8,0x10F8},{0x10F9,0x10F9},{0x10FA,0x10FA},
  {0x10FD,0x10FD},{0x10FE,0x10FE},{0x10FF,0x10FF},{0x13F8,0x13F0},{0x13F9,0x13F1},{0x13FA,0x13F2},{0x13FB,0x13F3},{0x13FC,0x13F4},
  {0x13FD,0x13F5},{0x1C80,0x412},{0x1C81,0x414},{0x1C82,0x41E},{0x1C83,0x421},{0x1C84,0x422},{0x1C85,0x422},{0x1C86,0x42A},{0x1C87,0x462},
  {0x1C88,0xA64A},{0x1C8A,0x1C89},{0x1D79,0xA77D},{0x1D7D,0x2C63},{0x1D8E,0xA7C6},{0x1E01,0x1E00},{0x1E03,0x1E02},{0x1E05,0x1E04},
  {0x1E07,0x1E06},{0x1E09,0x1E08},{0x1E0B,0x1E0A},{0x1E0D,0x1E0C},{0x1E0F,0x1E0E},{0x1E11,0x1E10},{0x1E13,0x1E12},{0x1E15,0x1E14},
  {0x1E17,0x1E16},{0x1E19,0x1E18},{0x1E1B,0x1E1A},{0x1E1D,0x1E1C},{0x1E1F,0x1E1E},{0x1E21,0x1E20},{0x1E23,0x1E22},{0x1E25,0x1E24},
  {0x1E27,0x1E26},{0x1E29,0x1E28},{0x1E2B,0x1E2A},{0x1E2D,0x1E2C},{0x1E2F,0x1E2E},{0x1E31,0x1E30},{0x1E33,0x1E32},{0x1E35,0x1E34},
  {0x1E37,0x1E36},{0x1E39,0x1E38},{0x1E3B,0x1E3A},{0x1E3D,0x1E3C},{0x1E3F,0x1E3E},{0x1E41,0x1E40},{0x1E43,0x1E42},{0x1E45,0x1E44},
  {0x1E47,0x1E46},{0x1E49,0x1E48},{0x1E4B,0x1E4A},{0x1E4D,0x1E4C},{0x1E4F,0x1E4E},{0x1E51,0x1E50},{0x1E53,0x1E52},{0x1E55,0x1E54},
  {0x1E57,0x1E56},{0x1E59,0x1E58},{0x1E5B,0x1E5A},{0x1E5D,0x1E5C},{0x1E5F,0x1E5E},{0x1E61,0x1E60},{0x1E63,0x1E62},{0x1E65,0x1E64},
  {0x1E67,0x1E66},{0x1E69,0x1E68},{0x1E6B,0x1E6A},{0x1E6D,0x1E6C},{0x1E6F,0x1E6E},{0x1E71,0x1E70},{0x1E73,0x1E72},{0x1E75,0x1E74},
  {0x1E77,0x1E76},{0x1E79,0x1E78},{0x1E7B,0x1E7A},{0x1E7D,0x1E7C},{0x1E7F,0x1E7E},{0x1E81,0x1E80},{0x1E83,0x1E82},{0x1E85,0x1E84},
  {0x1E87,0x1E86},{0x1E89,0x1E88},{0x1E8B,0x1E8A},{0x1E8D,0x1E8C},{0x1E8F,0x1E8E},{0x1E91,0x1E90},{0x1E93,0x1E92},{0x1E95,0x1E94},
  {0x1E9B,0x1E60},{0x1EA1,0x1EA0},{0x1EA3,0x1EA2},{0x1EA5,0x1EA4},{0x1EA7,0x1EA6},{0x1EA9,0x1EA8},{0x1EAB,0x1EAA},{0x1EAD,0x1EAC},
  {0x1EAF,0x1EAE},{0x1EB1,0x1EB0},{0x1EB3,0x1EB2},{0x1EB5,0x1EB4},{0x1EB7,0x1EB6},{0x1EB9,0x1EB8},{0x1EBB,0x1EBA},{0x1EBD,0x1EBC},
  {0x1EBF,0x1EBE},{0x1EC1,0x1EC0},{0x1EC3,0x1EC2},{0x1EC5,0x1EC4},{0x1EC7,0x1EC6},{0x1EC9,0x1EC8},{0x1ECB,0x1ECA},{0x1ECD,0x1ECC},
  {0x1ECF,0x1ECE},{0x1ED1,0x1ED0},{0x1ED3,0x1ED2},{0x1ED5,0x1ED4},{0x1ED7,0x1ED6},{0x1ED9,0x1ED8},{0x1EDB,0x1EDA},{0x1EDD,0x1EDC},
  {0x1EDF,0x1EDE},{0x1EE1,0x1EE0},{0x1EE3,0x1EE2},{0x1EE5,0x1EE4},{0x1EE7,0x1EE6},{0x1EE9,0x1EE8},{0x1EEB,0x1EEA},{0x1EED,0x1EEC},
  {0x1EEF,0x1EEE},{0x1EF1,0x1EF0},{0x1EF3,0x1EF2},{0x1EF5,0x1EF4},{0x1EF7,0x1EF6},{0x1EF9,0x1EF8},{0x1EFB,0x1EFA},{0x1EFD,0x1EFC},
  {0x1EFF,0x1EFE},{0x1F00,0x1F08},{0x1F01,0x1F09},{0x1F02,0x1F0A},{0x1F03,0x1F0B},{0x1F04,0x1F0C},{0x1F05,0x1F0D},{0x1F06,0x1F0E},
  {0x1F07,0x1F0F},{0x1F10,0x1F18},{0x1F11,0x1F19},{0x1F12,0x1F1A},{0x1F13,0x1F1B},{0x1F14,0x1F1C},{0x1F15,0x1F1D},{0x1F20,0x1F28},
  {0x1F21,0x1F29},{0x1F22,0x1F2A},{0x1F23,0x1F2B},{0x1F24,0x1F2C},{0x1F25,0x1F2D},{0x1F26,0x1F2E},{0x1F27,0x1F2F},{0x1F30,0x1F38},
  {0x1F31,0x1F39},{0x1F32,0x1F3A},{0x1F33,0x1F3B},{0x1F34,0x1F3C},{0x1F35,0x1F3D},{0x1F36,0x1F3E},{0x1F37,0x1F3F},{0x1F40,0x1F48},
  {0x1F41,0x1F49},{0x1F42,0x1F4A},{0x1F43,0x1F4B},{0x1F44,0x1F4C},{0x1F45,0x1F4D},{0x1F51,0x1F59},{0x1F53,0x1F5B},{0x1F55,0x1F5D},
  {0x1F57,0x1F5F},{0x1F60,0x1F68},{0x1F61,0x1F69},{0x1F62,0x1F6A},{0x1F63,0x1F6B},{0x1F64,0x1F6C},{0x1F65,0x1F6D},{0x1F66,0x1F6E},
  {0x1F67,0x1F6F},{0x1F70,0x1FBA},{0x1F71,0x1FBB},{0x1F72,0x1FC8},{0x1F73,0x1FC9},{0x1F74,0x1FCA},{0x1F75,0x1FCB},{0x1F76,0x1FDA},
  {0x1F77,0x1FDB},{0x1F78,0x1FF8},{0x1F79,0x1FF9},{0x1F7A,0x1FEA},{0x1F7B,0x1FEB},{0x1F7C,0x1FFA},{0x1F7D,0x1FFB},{0x1F80,0x1F88},
  {0x1F81,0x1F89},{0x1F82,0x1F8A},{0x1F83,0x1F8B},{0x1F84,0x1F8C},{0x1F85,0x1F8D},{0x1F86,0x1F8E},{0x1F87,0x1F8F},{0x1F90,0x1F98},
  {0x1F91,0x1F99},{0x1F92,0x1F9A},{0x1F93,0x1F9B},{0x1F94,0x1F9C},{0x1F95,0x1F9D},{0x1F96,0x1F9E},{0x1F97,0x1F9F},{0x1FA0,0x1FA8},
  {0x1FA1,0x1FA9},{0x1FA2,0x1FAA},{0x1FA3,0x1FAB},{0x1FA4,0x1FAC},{0x1FA5,0x1FAD},{0x1FA6,0x1FAE},{0x1FA7,0x1FAF},{0x1FB0,0x1FB8},
  {0x1FB1,0x1FB9},{0x1FB3,0x1FBC},{0x1FBE,0x399},{0x1FC3,0x1FCC},{0x1FD0,0x1FD8},{0x1FD1,0x1FD9},{0x1FE0,0x1FE8},{0x1FE1,0x1FE9},
  {0x1FE5,0x1FEC},{0x1FF3,0x1FFC},{0x214E,0x2132},{0x2170,0x2160},{0x2171,0x2161},{0x2172,0x2162},{0x2173,0x2163},{0x2174,0x2164},
  {0x2175,0x2165},{0x2176,0x2166},{0x2177,0x2167},{0x2178,0x2168},{0x2179,0x2169},{0x217A,0x216A},{0x217B,0x216B},{0x217C,0x216C},
  {0x217D,0x216D},{0x217E,0x216E},{0x217F,0x216F},{0x2184,0x2183},{0x24D0,0x24B6},{0x24D1,0x24B7},{0x24D2,0x24B8},{0x24D3,0x24B9},
  {0x24D4,0x24BA},{0x24D5,0x24BB},{0x24D6,0x24BC},{0x24D7,0x24BD},{0x24D8,0x24BE},{0x24D9,0x24BF},{0x24DA,0x24C0},{0x24DB,0x24C1},
  {0x24DC,0x24C2},{0x24DD,0x24C3},{0x24DE,0x24C4},{0x24DF,0x24C5},{0x24E0,0x24C6},{0x24E1,0x24C7},{0x24E2,0x24C8},{0x24E3,0x24C9},
  {0x24E4,0x24CA},{0x24E5,0x24CB},{0x24E6,0x24CC},{0x24E7,0x24CD},{0x24E8,0x24CE},{0x24E9,0x24CF},{0x2C30,0x2C00},{0x2C31,0x2C01},
  {0x2C32,0x2C02},{0x2C33,0x2C03},{0x2C34,0x2C04},{0x2C35,0x2C05},{0x2C36,0x2C06},{0x2C37,0x2C07},{0x2C38,0x2C08},{0x2C39,0x2C09},
  {0x2C3A,0x2C0A},{0x2C3B,0x2C0B},{0x2C3C,0x2C0C},{0x2C3D,0x2C0D},{0x2C3E,0x2C0E},{0x2C3F,0x2C0F},{0x2C40,0x2C10},{0x2C41,0x2C11},
  {0x2C42,0x2C12},{0x2C43,0x2C13},{0x2C44,0x2C14},{0x2C45,0x2C15},{0x2C46,0x2C16},{0x2C47,0x2C17},{0x2C48,0x2C18},{0x2C49,0x2C19},
  {0x2C4A,0x2C1A},{0x2C4B,0x2C1B},{0x2C4C,0x2C1C},{0x2C4D,0x2C1D},{0x2C4E,0x2C1E},{0x2C4F,0x2C1F},{0x2C50,0x2C20},{0x2C51,0x2C21},
  {0x2C52,0x2C22},{0x2C53,0x2C23},{0x2C54,0x2C24},{0x2C55,0x2C25},{0x2C56,0x2C26},{0x2C57,0x2C27},{0x2C58,0x2C28},{0x2C59,0x2C29},
  {0x2C5A,0x2C2A},{0x2C5B,0x2C2B},{0x2C5C,0x2C2C},{0x2C5D,0x2C2D},{0x2C5E,0x2C2E},{0x2C5F,0x2C2F},{0x2C61,0x2C60},{0x2C65,0x23A},
  {0x2C66,0x23E},{0x2C68,0x2C67},{0x2C6A,0x2C69},{0x2C6C,0x2C6B},{0x2C73,0x2C72},{0x2C76,0x2C75},{0x2C81,0x2C80},{0x2C83,0x2C82},
  {0x2C85,0x2C84},{0x2C87,0x2C86},{0x2C89,0x2C88},{0x2C8B,0x2C8A},{0x2C8D,0x2C8C},{0x2C8F,0x2C8E},{0x2C91,0x2C90},{0x2C93,0x2C92},
  {0x2C95,0x2C94},{0x2C97,0x2C96},{0x2C99,0x2C98},{0x2C9B,0x2C9A},{0x2C9D,0x2C9C},{0x2C9F,0x2C9E},{0x2CA1,0x2CA0},{0x2CA3,0x2CA2},
  {0x2CA5,0x2CA4},{0x2CA7,0x2CA6},{0x2CA9,0x2CA8},{0x2CAB,0x2CAA},{0x2CAD,0x2CAC},{0x2CAF,0x2CAE},{0x2CB1,0x2CB0},{0x2CB3,0x2CB2},
  {0x2CB5,0x2CB4},{0x2CB7,0x2CB6},{0x2CB9,0x2CB8},{0x2CBB,0x2CBA},{0x2CBD,0x2CBC},{0x2CBF,0x2CBE},{0x2CC1,0x2CC0},{0x2CC3,0x2CC2},
  {0x2CC5,0x2CC4},{0x2CC7,0x2CC6},{0x2CC9,0x2CC8},{0x2CCB,0x2CCA},{0x2CCD,0x2CCC},{0x2CCF,0x2CCE},{0x2CD1,0x2CD0},{0x2CD3,0x2CD2},
  {0x2CD5,0x2CD4},{0x2CD7,0x2CD6},{0x2CD9,0x2CD8},{0x2CDB,0x2CDA},{0x2CDD,0x2CDC},{0x2CDF,0x2CDE},{0x2CE1,0x2CE0},{0x2CE3,0x2CE2},
  {0x2CEC,0x2CEB},{0x2CEE,0x2CED},{0x2CF3,0x2CF2},{0x2D00,0x10A0},{0x2D01,0x10A1},{0x2D02,0x10A2},{0x2D03,0x10A3},{0x2D04,0x10A4},
  {0x2D05,0x10A5},{0x2D06,0x10A6},{0x2D07,0x10A7},{0x2D08,0x10A8},{0x2D09,0x10A9},{0x2D0A,0x10AA},{0x2D0B,0x10AB},{0x2D0C,0x10AC},
  {0x2D0D,0x10AD},{0x2D0E,0x10AE},{0x2D0F,0x10AF},{0x2D10,0x10B0},{0x2D11,0x10B1},{0x2D12,0x10B2},{0x2D13,0x10B3},{0x2D14,0x10B4},
  {0x2D15,0x10B5},{0x2D16,0x10B6},{0x2D17,0x10B7},{0x2D18,0x10B8},{0x2D19,0x10B9},{0x2D1A,0x10BA},{0x2D1B,0x10BB},{0x2D1C,0x10BC},
  {0x2D1D,0x10BD},{0x2D1E,0x10BE},{0x2D1F,0x10BF},{0x2D20,0x10C0},{0x2D21,0x10C1},{0x2D22,0x10C2},{0x2D23,0x10C3},{0x2D24,0x10C4},
  {0x2D25,0x10C5},{0x2D27,0x10C7},{0x2D2D,0x10CD},{0xA641,0xA640},{0xA643,0xA642},{0xA645,0xA644},{0xA647,0xA646},{0xA649,0xA648},
  {0xA64B,0xA64A},{0xA64D,0xA64C},{0xA64F,0xA64E},{0xA651,0xA650},{0xA653,0xA652},{0xA655,0xA654},{0xA657,0xA656},{0xA659,0xA658},
  {0xA65B,0xA65A},{0xA65D,0xA65C},{0xA65F,0xA65E},{0xA661,0xA660},{0xA663,0xA662},{0xA665,0xA664},{0xA667,0xA666},{0xA669,0xA668},
  {0xA66B,0xA66A},{0xA66D,0xA66C},{0xA681,0xA680},{0xA683,0xA682},{0xA685,0xA684},{0xA687,0xA686},{0xA689,0xA688},{0xA68B,0xA68A},
  {0xA68D,0xA68C},{0xA68F,0xA68E},{0xA691,0xA690},{0xA693,0xA692},{0xA695,0xA694},{0xA697,0xA696},{0xA699,0xA698},{0xA69B,0xA69A},
  {0xA723,0xA722},{0xA725,0xA724},{0xA727,0xA726},{0xA729,0xA728},{0xA72B,0xA72A},{0xA72D,0xA72C},{0xA72F,0xA72E},{0xA733,0xA732},
  {0xA735,0xA734},{0xA737,0xA736},{0xA739,0xA738},{0xA73B,0xA73A},{0xA73D,0xA73C},{0xA73F,0xA73E},{0xA741,0xA740},{0xA743,0xA742},
  {0xA745,0xA744},{0xA747,0xA746},{0xA749,0xA748},{0xA74B,0xA74A},{0xA74D,0xA74C},{0xA74F,0xA74E},{0xA751,0xA750},{0xA753,0xA752},
  {0xA755,0xA754},{0xA757,0xA756},{0xA759,0xA758},{0xA75B,0xA75A},{0xA75D,0xA75C},{0xA75F,0xA75E},{0xA761,0xA760},{0xA763,0xA762},
  {0xA765,0xA764},{0xA767,0xA766},{0xA769,0xA768},{0xA76B,0xA76A},{0xA76D,0xA76C},{0xA76F,0xA76E},{0xA77A,0xA779},{0xA77C,0xA77B},
  {0xA77F,0xA77E},{0xA781,0xA780},{0xA783,0xA782},{0xA785,0xA784},{0xA787,0xA786},{0xA78C,0xA78B},{0xA791,0xA790},{0xA793,0xA792},
  {0xA794,0xA7C4},{0xA797,0xA796},{0xA799,0xA798},{0xA79B,0xA79A},{0xA79D,0xA79C},{0xA79F,0xA79E},{0xA7A1,0xA7A0},{0xA7A3,0xA7A2},
  {0xA7A5,0xA7A4},{0xA7A7,0xA7A6},{0xA7A9,0xA7A8},{0xA7B5,0xA7B4},{0xA7B7,0xA7B6},{0xA7B9,0xA7B8},{0xA7BB,0xA7BA},{0xA7BD,0xA7BC},
  {0xA7BF,0xA7BE},{0xA7C1,0xA7C0},{0xA7C3,0xA7C2},{0xA7C8,0xA7C7},{0xA7CA,0xA7C9},{0xA7CD,0xA7CC},{0xA7CF,0xA7CE},{0xA7D1,0xA7D0},
  {0xA7D3,0xA7D2},{0xA7D5,0xA7D4},{0xA7D7,0xA7D6},{0xA7D9,0xA7D8},{0xA7DB,0xA7DA},{0xA7F6,0xA7F5},{0xAB4B,0xAB6C},{0xAB4C,0xAB6D},
  {0xAB53,0xA7B3},{0xAB70,0x13A0},{0xAB71,0x13A1},{0xAB72,0x13A2},{0xAB73,0x13A3},{0xAB74,0x13A4},{0xAB75,0x13A5},{0xAB76,0x13A6},
  {0xAB77,0x13A7},{0xAB78,0x13A8},{0xAB79,0x13A9},{0xAB7A,0x13AA},{0xAB7B,0x13AB},{0xAB7C,0x13AC},{0xAB7D,0x13AD},{0xAB7E,0x13AE},
  {0xAB7F,0x13AF},{0xAB80,0x13B0},{0xAB81,0x13B1},{0xAB82,0x13B2},{0xAB83,0x13B3},{0xAB84,0x13B4},{0xAB85,0x13B5},{0xAB86,0x13B6},
  {0xAB87,0x13B7},{0xAB88,0x13B8},{0xAB89,0x13B9},{0xAB8A,0x13BA},{0xAB8B,0x13BB},{0xAB8C,0x13BC},{0xAB8D,0x13BD},{0xAB8E,0x13BE},
  {0xAB8F,0x13BF},{0xAB90,0x13C0},{0xAB91,0x13C1},{0xAB92,0x13C2},{0xAB93,0x13C3},{0xAB94,0x13C4},{0xAB95,0x13C5},{0xAB96,0x13C6},
  {0xAB97,0x13C7},{0xAB98,0x13C8},{0xAB99,0x13C9},{0xAB9A,0x13CA},{0xAB9B,0x13CB},{0xAB9C,0x13CC},{0xAB9D,0x13CD},{0xAB9E,0x13CE},
  {0xAB9F,0x13CF},{0xABA0,0x13D0},{0xABA1,0x13D1},{0xABA2,0x13D2},{0xABA3,0x13D3},{0xABA4,0x13D4},{0xABA5,0x13D5},{0xABA6,0x13D6},
  {0xABA7,0x13D7},{0xABA8,0x13D8},{0xABA9,0x13D9},{0xABAA,0x13DA},{0xABAB,0x13DB},{0xABAC,0x13DC},{0xABAD,0x13DD},{0xABAE,0x13DE},
  {0xABAF,0x13DF},{0xABB0,0x13E0},{0xABB1,0x13E1},{0xABB2,0x13E2},{0xABB3,0x13E3},{0xABB4,0x13E4},{0xABB5,0x13E5},{0xABB6,0x13E6},
  {0xABB7,0x13E7},{0xABB8,0x13E8},{0xABB9,0x13E9},{0xABBA,0x13EA},{0xABBB,0x13EB},{0xABBC,0x13EC},{0xABBD,0x13ED},{0xABBE,0x13EE},
  {0xABBF,0x13EF},{0xFF41,0xFF21},{0xFF42,0xFF22},{0xFF43,0xFF23},{0xFF44,0xFF24},{0xFF45,0xFF25},{0xFF46,0xFF26},{0xFF47,0xFF27},
  {0xFF48,0xFF28},{0xFF49,0xFF29},{0xFF4A,0xFF2A},{0xFF4B,0xFF2B},{0xFF4C,0xFF2C},{0xFF4D,0xFF2D},{0xFF4E,0xFF2E},{0xFF4F,0xFF2F},
  {0xFF50,0xFF30},{0xFF51,0xFF31},{0xFF52,0xFF32},{0xFF53,0xFF33},{0xFF54,0xFF34},{0xFF55,0xFF35},{0xFF56,0xFF36},{0xFF57,0xFF37},
  {0xFF58,0xFF38},{0xFF59,0xFF39},{0xFF5A,0xFF3A},{0x10428,0x10400},{0x10429,0x10401},{0x1042A,0x10402},{0x1042B,0x10403},{0x1042C,0x10404},
  {0x1042D,0x10405},{0x1042E,0x10406},{0x1042F,0x10407},{0x10430,0x10408},{0x10431,0x10409},{0x10432,0x1040A},{0x10433,0x1040B},
  {0x10434,0x1040C},{0x10435,0x1040D},{0x10436,0x1040E},{0x10437,0x1040F},{0x10438,0x10410},{0x10439,0x10411},{0x1043A,0x10412},
  {0x1043B,0x10413},{0x1043C,0x10414},{0x1043D,0x10415},{0x1043E,0x10416},{0x1043F,0x10417},{0x10440,0x10418},{0x10441,0x10419},
  {0x10442,0x1041A},{0x10443,0x1041B},{0x10444,0x1041C},{0x10445,0x1041D},{0x10446,0x1041E},{0x10447,0x1041F},{0x10448,0x10420},
  {0x10449,0x10421},{0x1044A,0x10422},{0x1044B,0x10423},{0x1044C,0x10424},{0x1044D,0x10425},{0x1044E,0x10426},{0x1044F,0x10427},
  {0x104D8,0x104B0},{0x104D9,0x104B1},{0x104DA,0x104B2},{0x104DB,0x104B3},{0x104DC,0x104B4},{0x104DD,0x104B5},{0x104DE,0x104B6},
  {0x104DF,0x104B7},{0x104E0,0x104B8},{0x104E1,0x104B9},{0x104E2,0x104BA},{0x104E3,0x104BB},{0x104E4,0x104BC},{0x104E5,0x104BD},
  {0x104E6,0x104BE},{0x104E7,0x104BF},{0x104E8,0x104C0},{0x104E9,0x104C1},{0x104EA,0x104C2},{0x104EB,0x104C3},{0x104EC,0x104C4},
  {0x104ED,0x104C5},{0x104EE,0x104C6},{0x104EF,0x104C7},{0x104F0,0x104C8},{0x104F1,0x104C9},{0x104F2,0x104CA},{0x104F3,0x104CB},
  {0x104F4,0x104CC},{0x104F5,0x104CD},{0x104F6,0x104CE},{0x104F7,0x104CF},{0x104F8,0x104D0},{0x104F9,0x104D1},{0x104FA,0x104D2},
  {0x104FB,0x104D3},{0x10597,0x10570},{0x10598,0x10571},{0x10599,0x10572},{0x1059A,0x10573},{0x1059B,0x10574},{0x1059C,0x10575},
  {0x1059D,0x10576},{0x1059E,0x10577},{0x1059F,0x10578},{0x105A0,0x10579},{0x105A1,0x1057A},{0x105A3,0x1057C},{0x105A4,0x1057D},
  {0x105A5,0x1057E},{0x105A6,0x1057F},{0x105A7,0x10580},{0x105A8,0x10581},{0x105A9,0x10582},{0x105AA,0x10583},{0x105AB,0x10584},
  {0x105AC,0x10585},{0x105AD,0x10586},{0x105AE,0x10587},{0x105AF,0x10588},{0x105B0,0x10589},{0x105B1,0x1058A},{0x105B3,0x1058C},
  {0x105B4,0x1058D},{0x105B5,0x1058E},{0x105B6,0x1058F},{0x105B7,0x10590},{0x105B8,0x10591},{0x105B9,0x10592},{0x105BB,0x10594},
  {0x105BC,0x10595},{0x10CC0,0x10C80},{0x10CC1,0x10C81},{0x10CC2,0x10C82},{0x10CC3,0x10C83},{0x10CC4,0x10C84},{0x10CC5,0x10C85},
  {0x10CC6,0x10C86},{0x10CC7,0x10C87},{0x10CC8,0x10C88},{0x10CC9,0x10C89},{0x10CCA,0x10C8A},{0x10CCB,0x10C8B},{0x10CCC,0x10C8C},
  {0x10CCD,0x10C8D},{0x10CCE,0x10C8E},{0x10CCF,0x10C8F},{0x10CD0,0x10C90},{0x10CD1,0x10C91},{0x10CD2,0x10C92},{0x10CD3,0x10C93},
  {0x10CD4,0x10C94},{0x10CD5,0x10C95},{0x10CD6,0x10C96},{0x10CD7,0x10C97},{0x10CD8,0x10C98},{0x10CD9,0x10C99},{0x10CDA,0x10C9A},
  {0x10CDB,0x10C9B},{0x10CDC,0x10C9C},{0x10CDD,0x10C9D},{0x10CDE,0x10C9E},{0x10CDF,0x10C9F},{0x10CE0,0x10CA0},{0x10CE1,0x10CA1},
  {0x10CE2,0x10CA2},{0x10CE3,0x10CA3},{0x10CE4,0x10CA4},{0x10CE5,0x10CA5},{0x10CE6,0x10CA6},{0x10CE7,0x10CA7},{0x10CE8,0x10CA8},
  {0x10CE9,0x10CA9},{0x10CEA,0x10CAA},{0x10CEB,0x10CAB},{0x10CEC,0x10CAC},{0x10CED,0x10CAD},{0x10CEE,0x10CAE},{0x10CEF,0x10CAF},
  {0x10CF0,0x10CB0},{0x10CF1,0x10CB1},{0x10CF2,0x10CB2},{0x10D70,0x10D50},{0x10D71,0x10D51},{0x10D72,0x10D52},{0x10D73,0x10D53},
  {0x10D74,0x10D54},{0x10D75,0x10D55},{0x10D76,0x10D56},{0x10D77,0x10D57},{0x10D78,0x10D58},{0x10D79,0x10D59},{0x10D7A,0x10D5A},
  {0x10D7B,0x10D5B},{0x10D7C,0x10D5C},{0x10D7D,0x10D5D},{0x10D7E,0x10D5E},{0x10D7F,0x10D5F},{0x10D80,0x10D60},{0x10D81,0x10D61},
  {0x10D82,0x10D62},{0x10D83,0x10D63},{0x10D84,0x10D64},{0x10D85,0x10D65},{0x118C0,0x118A0},{0x118C1,0x118A1},{0x118C2,0x118A2},
  {0x118C3,0x118A3},{0x118C4,0x118A4},{0x118C5,0x118A5},{0x118C6,0x118A6},{0x118C7,0x118A7},{0x118C8,0x118A8},{0x118C9,0x118A9},
  {0x118CA,0x118AA},{0x118CB,0x118AB},{0x118CC,0x118AC},{0x118CD,0x118AD},{0x118CE,0x118AE},{0x118CF,0x118AF},{0x118D0,0x118B0},
  {0x118D1,0x118B1},{0x118D2,0x118B2},{0x118D3,0x118B3},{0x118D4,0x118B4},{0x118D5,0x118B5},{0x118D6,0x118B6},{0x118D7,0x118B7},
  {0x118D8,0x118B8},{0x118D9,0x118B9},{0x118DA,0x118BA},{0x118DB,0x118BB},{0x118DC,0x118BC},{0x118DD,0x118BD},{0x118DE,0x118BE},
  {0x118DF,0x118BF},{0x16E60,0x16E40},{0x16E61,0x16E41},{0x16E62,0x16E42},{0x16E63,0x16E43},{0x16E64,0x16E44},{0x16E65,0x16E45},
  {0x16E66,0x16E46},{0x16E67,0x16E47},{0x16E68,0x16E48},{0x16E69,0x16E49},{0x16E6A,0x16E4A},{0x16E6B,0x16E4B},{0x16E6C,0x16E4C},
  {0x16E6D,0x16E4D},{0x16E6E,0x16E4E},{0x16E6F,0x16E4F},{0x16E70,0x16E50},{0x16E71,0x16E51},{0x16E72,0x16E52},{0x16E73,0x16E53},
  {0x16E74,0x16E54},{0x16E75,0x16E55},{0x16E76,0x16E56},{0x16E77,0x16E57},{0x16E78,0x16E58},{0x16E79,0x16E59},{0x16E7A,0x16E5A},
  {0x16E7B,0x16E5B},{0x16E7C,0x16E5C},{0x16E7D,0x16E5D},{0x16E7E,0x16E5E},{0x16E7F,0x16E5F},{0x16EBB,0x16EA0},{0x16EBC,0x16EA1},
  {0x16EBD,0x16EA2},{0x16EBE,0x16EA3},{0x16EBF,0x16EA4},{0x16EC0,0x16EA5},{0x16EC1,0x16EA6},{0x16EC2,0x16EA7},{0x16EC3,0x16EA8},
  {0x16EC4,0x16EA9},{0x16EC5,0x16EAA},{0x16EC6,0x16EAB},{0x16EC7,0x16EAC},{0x16EC8,0x16EAD},{0x16EC9,0x16EAE},{0x16ECA,0x16EAF},
  {0x16ECB,0x16EB0},{0x16ECC,0x16EB1},{0x16ECD,0x16EB2},{0x16ECE,0x16EB3},{0x16ECF,0x16EB4},{0x16ED0,0x16EB5},{0x16ED1,0x16EB6},
  {0x16ED2,0x16EB7},{0x16ED3,0x16EB8},{0x1DF41,0x1DF40},{0x1DF49,0x1DF48},{0x1DF4B,0x1DF4A},{0x1DF4E,0x1DF4D},{0x1DF52,0x1DF51},
  {0x1DF69,0x1DF68},{0x1DF6B,0x1DF6A},{0x1DF6D,0x1DF6C},{0x1DF6F,0x1DF6E},{0x1DF73,0x1DF72},{0x1DF75,0x1DF74},{0x1DF77,0x1DF76},
  {0x1DF79,0x1DF78},{0x1DF7B,0x1DF7A},{0x1DF7D,0x1DF7C},{0x1DF7F,0x1DF7E},{0x1E922,0x1E900},{0x1E923,0x1E901},{0x1E924,0x1E902},
  {0x1E925,0x1E903},{0x1E926,0x1E904},{0x1E927,0x1E905},{0x1E928,0x1E906},{0x1E929,0x1E907},{0x1E92A,0x1E908},{0x1E92B,0x1E909},
  {0x1E92C,0x1E90A},{0x1E92D,0x1E90B},{0x1E92E,0x1E90C},{0x1E92F,0x1E90D},{0x1E930,0x1E90E},{0x1E931,0x1E90F},{0x1E932,0x1E910},
  {0x1E933,0x1E911},{0x1E934,0x1E912},{0x1E935,0x1E913},{0x1E936,0x1E914},{0x1E937,0x1E915},{0x1E938,0x1E916},{0x1E939,0x1E917},
  {0x1E93A,0x1E918},{0x1E93B,0x1E919},{0x1E93C,0x1E91A},{0x1E93D,0x1E91B},{0x1E93E,0x1E91C},{0x1E93F,0x1E91D},{0x1E940,0x1E91E},
  {0x1E941,0x1E91F},{0x1E942,0x1E920},{0x1E943,0x1E921},
};

const Special kSpecial[] = {
  {0xDF,{0xDF,0x0,0x0},{0x53,0x73,0x0},{0x53,0x53,0x0}},
  {0x130,{0x69,0x307,0x0},{0x130,0x0,0x0},{0x130,0x0,0x0}},
  {0xFB00,{0xFB00,0x0,0x0},{0x46,0x66,0x0},{0x46,0x46,0x0}},
  {0xFB01,{0xFB01,0x0,0x0},{0x46,0x69,0x0},{0x46,0x49,0x0}},
  {0xFB02,{0xFB02,0x0,0x0},{0x46,0x6C,0x0},{0x46,0x4C,0x0}},
  {0xFB03,{0xFB03,0x0,0x0},{0x46,0x66,0x69},{0x46,0x46,0x49}},
  {0xFB04,{0xFB04,0x0,0x0},{0x46,0x66,0x6C},{0x46,0x46,0x4C}},
  {0xFB05,{0xFB05,0x0,0x0},{0x53,0x74,0x0},{0x53,0x54,0x0}},
  {0xFB06,{0xFB06,0x0,0x0},{0x53,0x74,0x0},{0x53,0x54,0x0}},
  {0x1DF95,{0x1DF95,0x0,0x0},{0x53,0x73,0x0},{0x53,0x53,0x0}},
  {0x587,{0x587,0x0,0x0},{0x535,0x582,0x0},{0x535,0x552,0x0}},
  {0xFB13,{0xFB13,0x0,0x0},{0x544,0x576,0x0},{0x544,0x546,0x0}},
  {0xFB14,{0xFB14,0x0,0x0},{0x544,0x565,0x0},{0x544,0x535,0x0}},
  {0xFB15,{0xFB15,0x0,0x0},{0x544,0x56B,0x0},{0x544,0x53B,0x0}},
  {0xFB16,{0xFB16,0x0,0x0},{0x54E,0x576,0x0},{0x54E,0x546,0x0}},
  {0xFB17,{0xFB17,0x0,0x0},{0x544,0x56D,0x0},{0x544,0x53D,0x0}},
  {0x149,{0x149,0x0,0x0},{0x2BC,0x4E,0x0},{0x2BC,0x4E,0x0}},
  {0x390,{0x390,0x0,0x0},{0x399,0x308,0x301},{0x399,0x308,0x301}},
  {0x3B0,{0x3B0,0x0,0x0},{0x3A5,0x308,0x301},{0x3A5,0x308,0x301}},
  {0x1F0,{0x1F0,0x0,0x0},{0x4A,0x30C,0x0},{0x4A,0x30C,0x0}},
  {0x1E96,{0x1E96,0x0,0x0},{0x48,0x331,0x0},{0x48,0x331,0x0}},
  {0x1E97,{0x1E97,0x0,0x0},{0x54,0x308,0x0},{0x54,0x308,0x0}},
  {0x1E98,{0x1E98,0x0,0x0},{0x57,0x30A,0x0},{0x57,0x30A,0x0}},
  {0x1E99,{0x1E99,0x0,0x0},{0x59,0x30A,0x0},{0x59,0x30A,0x0}},
  {0x1E9A,{0x1E9A,0x0,0x0},{0x41,0x2BE,0x0},{0x41,0x2BE,0x0}},
  {0x1F50,{0x1F50,0x0,0x0},{0x3A5,0x313,0x0},{0x3A5,0x313,0x0}},
  {0x1F52,{0x1F52,0x0,0x0},{0x3A5,0x313,0x300},{0x3A5,0x313,0x300}},
  {0x1F54,{0x1F54,0x0,0x0},{0x3A5,0x313,0x301},{0x3A5,0x313,0x301}},
  {0x1F56,{0x1F56,0x0,0x0},{0x3A5,0x313,0x342},{0x3A5,0x313,0x342}},
  {0x1FB6,{0x1FB6,0x0,0x0},{0x391,0x342,0x0},{0x391,0x342,0x0}},
  {0x1FC6,{0x1FC6,0x0,0x0},{0x397,0x342,0x0},{0x397,0x342,0x0}},
  {0x1FD2,{0x1FD2,0x0,0x0},{0x399,0x308,0x300},{0x399,0x308,0x300}},
  {0x1FD3,{0x1FD3,0x0,0x0},{0x399,0x308,0x301},{0x399,0x308,0x301}},
  {0x1FD6,{0x1FD6,0x0,0x0},{0x399,0x342,0x0},{0x399,0x342,0x0}},
  {0x1FD7,{0x1FD7,0x0,0x0},{0x399,0x308,0x342},{0x399,0x308,0x342}},
  {0x1FE2,{0x1FE2,0x0,0x0},{0x3A5,0x308,0x300},{0x3A5,0x308,0x300}},
  {0x1FE3,{0x1FE3,0x0,0x0},{0x3A5,0x308,0x301},{0x3A5,0x308,0x301}},
  {0x1FE4,{0x1FE4,0x0,0x0},{0x3A1,0x313,0x0},{0x3A1,0x313,0x0}},
  {0x1FE6,{0x1FE6,0x0,0x0},{0x3A5,0x342,0x0},{0x3A5,0x342,0x0}},
  {0x1FE7,{0x1FE7,0x0,0x0},{0x3A5,0x308,0x342},{0x3A5,0x308,0x342}},
  {0x1FF6,{0x1FF6,0x0,0x0},{0x3A9,0x342,0x0},{0x3A9,0x342,0x0}},
  {0x1F80,{0x1F80,0x0,0x0},{0x1F88,0x0,0x0},{0x1F08,0x399,0x0}},
  {0x1F81,{0x1F81,0x0,0x0},{0x1F89,0x0,0x0},{0x1F09,0x399,0x0}},
  {0x1F82,{0x1F82,0x0,0x0},{0x1F8A,0x0,0x0},{0x1F0A,0x399,0x0}},
  {0x1F83,{0x1F83,0x0,0x0},{0x1F8B,0x0,0x0},{0x1F0B,0x399,0x0}},
  {0x1F84,{0x1F84,0x0,0x0},{0x1F8C,0x0,0x0},{0x1F0C,0x399,0x0}},
  {0x1F85,{0x1F85,0x0,0x0},{0x1F8D,0x0,0x0},{0x1F0D,0x399,0x0}},
  {0x1F86,{0x1F86,0x0,0x0},{0x1F8E,0x0,0x0},{0x1F0E,0x399,0x0}},
  {0x1F87,{0x1F87,0x0,0x0},{0x1F8F,0x0,0x0},{0x1F0F,0x399,0x0}},
  {0x1F88,{0x1F80,0x0,0x0},{0x1F88,0x0,0x0},{0x1F08,0x399,0x0}},
  {0x1F89,{0x1F81,0x0,0x0},{0x1F89,0x0,0x0},{0x1F09,0x399,0x0}},
  {0x1F8A,{0x1F82,0x0,0x0},{0x1F8A,0x0,0x0},{0x1F0A,0x399,0x0}},
  {0x1F8B,{0x1F83,0x0,0x0},{0x1F8B,0x0,0x0},{0x1F0B,0x399,0x0}},
  {0x1F8C,{0x1F84,0x0,0x0},{0x1F8C,0x0,0x0},{0x1F0C,0x399,0x0}},
  {0x1F8D,{0x1F85,0x0,0x0},{0x1F8D,0x0,0x0},{0x1F0D,0x399,0x0}},
  {0x1F8E,{0x1F86,0x0,0x0},{0x1F8E,0x0,0x0},{0x1F0E,0x399,0x0}},
  {0x1F8F,{0x1F87,0x0,0x0},{0x1F8F,0x0,0x0},{0x1F0F,0x399,0x0}},
  {0x1F90,{0x1F90,0x0,0x0},{0x1F98,0x0,0x0},{0x1F28,0x399,0x0}},
  {0x1F91,{0x1F91,0x0,0x0},{0x1F99,0x0,0x0},{0x1F29,0x399,0x0}},
  {0x1F92,{0x1F92,0x0,0x0},{0x1F9A,0x0,0x0},{0x1F2A,0x399,0x0}},
  {0x1F93,{0x1F93,0x0,0x0},{0x1F9B,0x0,0x0},{0x1F2B,0x399,0x0}},
  {0x1F94,{0x1F94,0x0,0x0},{0x1F9C,0x0,0x0},{0x1F2C,0x399,0x0}},
  {0x1F95,{0x1F95,0x0,0x0},{0x1F9D,0x0,0x0},{0x1F2D,0x399,0x0}},
  {0x1F96,{0x1F96,0x0,0x0},{0x1F9E,0x0,0x0},{0x1F2E,0x399,0x0}},
  {0x1F97,{0x1F97,0x0,0x0},{0x1F9F,0x0,0x0},{0x1F2F,0x399,0x0}},
  {0x1F98,{0x1F90,0x0,0x0},{0x1F98,0x0,0x0},{0x1F28,0x399,0x0}},
  {0x1F99,{0x1F91,0x0,0x0},{0x1F99,0x0,0x0},{0x1F29,0x399,0x0}},
  {0x1F9A,{0x1F92,0x0,0x0},{0x1F9A,0x0,0x0},{0x1F2A,0x399,0x0}},
  {0x1F9B,{0x1F93,0x0,0x0},{0x1F9B,0x0,0x0},{0x1F2B,0x399,0x0}},
  {0x1F9C,{0x1F94,0x0,0x0},{0x1F9C,0x0,0x0},{0x1F2C,0x399,0x0}},
  {0x1F9D,{0x1F95,0x0,0x0},{0x1F9D,0x0,0x0},{0x1F2D,0x399,0x0}},
  {0x1F9E,{0x1F96,0x0,0x0},{0x1F9E,0x0,0x0},{0x1F2E,0x399,0x0}},
  {0x1F9F,{0x1F97,0x0,0x0},{0x1F9F,0x0,0x0},{0x1F2F,0x399,0x0}},
  {0x1FA0,{0x1FA0,0x0,0x0},{0x1FA8,0x0,0x0},{0x1F68,0x399,0x0}},
  {0x1FA1,{0x1FA1,0x0,0x0},{0x1FA9,0x0,0x0},{0x1F69,0x399,0x0}},
  {0x1FA2,{0x1FA2,0x0,0x0},{0x1FAA,0x0,0x0},{0x1F6A,0x399,0x0}},
  {0x1FA3,{0x1FA3,0x0,0x0},{0x1FAB,0x0,0x0},{0x1F6B,0x399,0x0}},
  {0x1FA4,{0x1FA4,0x0,0x0},{0x1FAC,0x0,0x0},{0x1F6C,0x399,0x0}},
  {0x1FA5,{0x1FA5,0x0,0x0},{0x1FAD,0x0,0x0},{0x1F6D,0x399,0x0}},
  {0x1FA6,{0x1FA6,0x0,0x0},{0x1FAE,0x0,0x0},{0x1F6E,0x399,0x0}},
  {0x1FA7,{0x1FA7,0x0,0x0},{0x1FAF,0x0,0x0},{0x1F6F,0x399,0x0}},
  {0x1FA8,{0x1FA0,0x0,0x0},{0x1FA8,0x0,0x0},{0x1F68,0x399,0x0}},
  {0x1FA9,{0x1FA1,0x0,0x0},{0x1FA9,0x0,0x0},{0x1F69,0x399,0x0}},
  {0x1FAA,{0x1FA2,0x0,0x0},{0x1FAA,0x0,0x0},{0x1F6A,0x399,0x0}},
  {0x1FAB,{0x1FA3,0x0,0x0},{0x1FAB,0x0,0x0},{0x1F6B,0x399,0x0}},
  {0x1FAC,{0x1FA4,0x0,0x0},{0x1FAC,0x0,0x0},{0x1F6C,0x399,0x0}},
  {0x1FAD,{0x1FA5,0x0,0x0},{0x1FAD,0x0,0x0},{0x1F6D,0x399,0x0}},
  {0x1FAE,{0x1FA6,0x0,0x0},{0x1FAE,0x0,0x0},{0x1F6E,0x399,0x0}},
  {0x1FAF,{0x1FA7,0x0,0x0},{0x1FAF,0x0,0x0},{0x1F6F,0x399,0x0}},
  {0x1FB3,{0x1FB3,0x0,0x0},{0x1FBC,0x0,0x0},{0x391,0x399,0x0}},
  {0x1FBC,{0x1FB3,0x0,0x0},{0x1FBC,0x0,0x0},{0x391,0x399,0x0}},
  {0x1FC3,{0x1FC3,0x0,0x0},{0x1FCC,0x0,0x0},{0x397,0x399,0x0}},
  {0x1FCC,{0x1FC3,0x0,0x0},{0x1FCC,0x0,0x0},{0x397,0x399,0x0}},
  {0x1FF3,{0x1FF3,0x0,0x0},{0x1FFC,0x0,0x0},{0x3A9,0x399,0x0}},
  {0x1FFC,{0x1FF3,0x0,0x0},{0x1FFC,0x0,0x0},{0x3A9,0x399,0x0}},
  {0x1FB2,{0x1FB2,0x0,0x0},{0x1FBA,0x345,0x0},{0x1FBA,0x399,0x0}},
  {0x1FB4,{0x1FB4,0x0,0x0},{0x386,0x345,0x0},{0x386,0x399,0x0}},
  {0x1FC2,{0x1FC2,0x0,0x0},{0x1FCA,0x345,0x0},{0x1FCA,0x399,0x0}},
  {0x1FC4,{0x1FC4,0x0,0x0},{0x389,0x345,0x0},{0x389,0x399,0x0}},
  {0x1FF2,{0x1FF2,0x0,0x0},{0x1FFA,0x345,0x0},{0x1FFA,0x399,0x0}},
  {0x1FF4,{0x1FF4,0x0,0x0},{0x38F,0x345,0x0},{0x38F,0x399,0x0}},
  {0x1FB7,{0x1FB7,0x0,0x0},{0x391,0x342,0x345},{0x391,0x342,0x399}},
  {0x1FC7,{0x1FC7,0x0,0x0},{0x397,0x342,0x345},{0x397,0x342,0x399}},
  {0x1FF7,{0x1FF7,0x0,0x0},{0x3A9,0x342,0x345},{0x3A9,0x342,0x399}},
};

}  // namespace

const Table& LineBreakTable() { static const Table t{kLineBreak, sizeof kLineBreak / sizeof *kLineBreak}; return t; }
const Table& EastAsianWidthTable() { static const Table t{kEastAsianWidth, sizeof kEastAsianWidth / sizeof *kEastAsianWidth}; return t; }
const Table& ExtendedPictographicTable() { static const Table t{kExtendedPictographic, sizeof kExtendedPictographic / sizeof *kExtendedPictographic}; return t; }
const Table& GraphemeBreakTable() { static const Table t{kGraphemeBreak, sizeof kGraphemeBreak / sizeof *kGraphemeBreak}; return t; }
const Table& IndicConjunctBreakTable() { static const Table t{kIndicConjunctBreak, sizeof kIndicConjunctBreak / sizeof *kIndicConjunctBreak}; return t; }
const Table& WordBreakTable() { static const Table t{kWordBreak, sizeof kWordBreak / sizeof *kWordBreak}; return t; }
const Table& BidiClassTable() { static const Table t{kBidiClass, sizeof kBidiClass / sizeof *kBidiClass}; return t; }
const Table& GeneralCategoryTable() { static const Table t{kGeneralCategory, sizeof kGeneralCategory / sizeof *kGeneralCategory}; return t; }
const BracketTable& Brackets() { static const BracketTable t{kBrackets, sizeof kBrackets / sizeof *kBrackets}; return t; }
const MappingTable& MirrorMap() { static const MappingTable t{kMirror, sizeof kMirror / sizeof *kMirror}; return t; }
const MappingTable& UpperMap() { static const MappingTable t{kUpper, sizeof kUpper / sizeof *kUpper}; return t; }
const MappingTable& LowerMap() { static const MappingTable t{kLower, sizeof kLower / sizeof *kLower}; return t; }
const MappingTable& TitleMap() { static const MappingTable t{kTitle, sizeof kTitle / sizeof *kTitle}; return t; }
const SpecialTable& SpecialCasing() { static const SpecialTable t{kSpecial, sizeof kSpecial / sizeof *kSpecial}; return t; }

}  // namespace solar::text
